P1 Redirects: 936

Redirects: 271

8a2e44f1-b4eb-4a4f-9cd1-7b5f525fa411 /lab/mapl$wildcard
Anthropology /anthropology$wildcard
ArtsSciences/CCRH /faculty/preston
ArtsSciences/british /center/british-irish-studies$wildcard
ContEd https://ce.colorado.edu$wildcard
ContinuingEducation https://ce.colorado.edu$wildcard
ECE/biothemonitors /lab/biomonitors$wildcard
EngMgmtProg /emp
Networking https://oit.colorado.edu/services/networking-internet-services$wildcard
OIE /oie$wildcard
RetiredFaculty /retiredfaculty$wildcard
SASC /sasc$wildcard
StudentAffairs/OIE /oie$wildcard
Telecom https://oit.colorado.edu/voiceservices$wildcard
UCB $wildcard
VCResearch/integrity/animalcare /vcr/iacuc$wildcard
VCResearch/integrity/coic /vcr/coi$wildcard
VCResearch/integrity/exportcontrols /vcr/export-controls$wildcard
aac /artssciences-advising$wildcard
abs /controller$wildcard
academics/advising /advising
accessible-technology /digital-accessibility$wildcard
administration /chancellor/chancellors-administrative-organization$wildcard
admissions/graduate /graduateschool$wildcard
aerospacestructures /center/aerospacemechanics$wildcard
alerts https://alerts.colorado.edu$wildcard
altec http://altec.colorado.edu
asqf /program/asqf$wildcard
avcit /information-technology$wildcard
biotech https://bayes.colorado.edu/biotech$wildcard
boettcher-norlin-scholars /boettcher-daniels-norlin-scholars$wildcard
bold /engineering/bold$wildcard
bouldertalks /event/tedxcu
bowmangroup /lab/bowmangroup$wildcard
bulletin http://bulletin.colorado.edu/
campusmap /map$wildcard
cas/tea /ptea$wildcard
ccis http://www.coloradoindependentstudy.org
cdss /slhs$wildcard
ce-career-advising https://ce.colorado.edu/advising/general-information-career-advising$wildcard
ceae/cem /cem$wildcard
cecolorado-edu-allenvs* https://ce.colorado.edu$wildcard
certificate/publichealth /program/publichealth$wildcard
cewww https://ce.colorado.edu
changelab /center/cuchange$wildcard
chem /chemistry$wildcard
clasp /program/clasp$wildcard
cliftonstrengths /career/students/discover-your-strengths
cmciinternships /cmcicareers
cns https://oit.colorado.edu$wildcard
communication /cmci/academics/communication
conference/rmc2020 /conference/rmc2022$wildcard
connect /academics
controller-training /controller$wildcard
creed /studentaffairs/creed
csl/WHCSL2014 /csl/white-house-college-opportunity-initiative$wildcard
cspv https://cspv.colorado.edu$wildcard
cu-crm /mycuhub$wildcard
cu-diversity /odece$wildcard
cuartgalleries /cuartmuseum$wildcard
cubac /business/business-research-division$wildcard
cuconnect http://cuconnect.colorado.edu$wildcard
cucrm /mycuhub$wildcard
cue /cisc$wildcard
cuenvironmentalcenter /ecenter$wildcard
cwc /cwctp$wildcard
cwctp /center/benson$wildcard
cwest https://wayback.archive-it.org/12313/20210527125749/https://www.colorado.edu/cwest$wildcard
cye /cedar$wildcard
designcenter /mechanical/dcc
directories /atoz/letter/a$wildcard
discover/arts-sciences /academics/colleges-schools
discover/be-social /admissions/connect/social
discover/boulder-campus /admissions/plan-your-visit
discover/business /academics/colleges-schools
discover/cmci /academics/colleges-schools
discover/college-schools /academics/colleges-schools
discover/engineering /academics/colleges-schools
discover/environmental-design /academics/colleges-schools
discover/exploratory-studies /academics/colleges-schools
discover/first-year-students /admissions/visit/first-year
discover/first-year-students/admitted-confirmed-first-year-student-events /admissions/visit/first-year/boulder-bound-events
discover/graduate-students /admissions/visit/graduate
discover/music /academics/colleges-schools
discover/transfer-students /admissions/visit/transfer
discover/video-tours /admissions/visit/first-year/virtual-visit-on-demand
discover/video-tours/admissions-virtual-visit-demand-content /admissions/visit/first-year/virtual-visit-on-demand
e-rap /bakerrap$wildcard
earthlab https://earthlab.colorado.edu/
econ /economics$wildcard
economics/zax /faculty/zax$wildcard
eeb /ebio$wildcard
eeb/eebprojects/davieslab /lab/davies$wildcard
eeb/facultysites/melbourne /lab/melbourne$wildcard
eeb/greenhouse /lab/greenhouse$wildcard
emycuboulder http://mycuboulder.colorado.edu$wildcard
engineering/CAS /aerospacestructures$wildcard
engineering/CenterAerospaceStructures /aerospacestructures$wildcard
engineering/ColoradoEngineer http://cem.colorado.edu$wildcard
engineering/EEF http://eef.colorado.edu$wildcard
engineering/EngMgmtProg /emp$wildcard
engineering/MCEN /mechanical$wildcard
eplus /program/ide$wildcard
eventscalendar /events$wildcard
executivemba http://emba.colorado.edu$wildcard
facilitiesmanagement /fm$wildcard
facman /fm$wildcard
faculty/potter /philosophy/people/faculty/jason-potter
faculty/regueiro https://ceae.colorado.edu/~regueiro/
facultyassembly /bfa$wildcard
facultydevelopmentandsupport /fds$wildcard
facultygovernance /bfa$wildcard
facultymentorprogram /artssciences-advising$wildcard
facultyrelations /facultydevelopmentandsupport$wildcard
farrand /farrandrap$wildcard
fcqredesign /fcq
filmstudies /cinemastudies$wildcard
finaid /financialaid$wildcard
financialfutures /bfp
frit /frenchitalian$wildcard
ftep /center/teaching-learning
geotech-centrifuge /center/ciest$wildcard
germslav /gsll$wildcard
giving https://giving.cu.edu/about-us/university-colorado-foundation
glbtqrc /gsc
glbtqrc /gsc$wildcard
goodwinlab /lab/goodwin$wildcard
graduate /admissions/graduate$wildcard
graduateschool/DiversityInitiative /smart$wildcard
grandchallenges /grandchallenge$wildcard
gsc /cisc$wildcard
gtp /center/teaching-learning
humres /hr$wildcard
ibs https://ibs.colorado.edu$wildcard
ibs/cupc https://cupc.colorado.edu$wildcard
iec http://iec.colorado.edu$wildcard
iece /cuengage$wildcard
institutionalequity /oiec$wildcard
intphys /iphy$wildcard
isc /publicsafety$wildcard
isl /lab/imaging-systems$wildcard
istem /csl$wildcard
it /information-technology
itp /program/tcp$wildcard
its https://oit.colorado.edu$wildcard
journalism /cmci$wildcard
lab/biochemcore /lab/biochem-instruments$wildcard
lab/chembiosafety /lab/chemistry-safety
lab/crest /wellnessinstitute
lasc /lalsc$wildcard
law/lawlib http://lawlibrary.colorado.edu$wildcard
leeds /business$wildcard
leedsmba /business/mba$wildcard
leedsmba/admissions /business/mba/full-time-mba-program/mba-admissions-information$wildcard
leedsmba/evening-mba /business/mba/evening-mba$wildcard
leedsmba/mba-curriculum /business/mba/full-time-mba-program/full-time-mba-curriculum$wildcard
leedsmba/news-events /business/mba-programs/full-time-mba-program/mba-news$wildcard
leedsmba/why-program /business/mba/full-time-mba-program/why-program$wildcard
leedsms /business/ms-programs$wildcard
leedsms/admissions /business/ms-programs/masters-programs-admissions$wildcard
leedsms/ms-programs/accounting /business/ms-programs/masters-programs-offered/masters-programs-accounting$wildcard
leedsms/ms-programs/business-analytics /business/ms-programs/masters-programs-offered/masters-program-business-analytics$wildcard
leedsms/ms-programs/finance /business/ms-programs/masters-programs-offered/masters-program-finance$wildcard
leedsms/ms-programs/real-estate /business/ms-programs/masters-programs-offered/masters-program-real-estate$wildcard
leedsms/ms-programs/supply-chain-managements /business/ms-programs/masters-programs-offered/masters-program-supply-chain-management$wildcard
leedsms/why-program /business/ms-programs/why-leeds$wildcard
ling /linguistics$wildcard
lrap /libbyrap$wildcard
mba-ms-programs /business/graduate-programs
mcedc /center/mortenson$wildcard
mechanical/amtl /lab/amtl$wildcard
mechanical/npl /lab/ding$wildcard
mechanical/programs/undergraduate/matlab_tutorial /mechanical$wildcard
memorybox /project/memorybox$wildcard
mflp /center/altec/modified-foreign-language-program
mycuhub /buffportaladvising
mycuinfo http://mycuinfo.colorado.edu$wildcard
mycuinfo/demo/ http://spot.colorado.edu/~mycuinfo/index.html
mycuinfo/help/ http://spot.colorado.edu/~mycuinfo/help
nagpal /lab/nagpal$wildcard
nativestudies /cnais$wildcard
neuroscienceprogram /neuroscience$wildcard
newtonleadershipchair /lead
oai /ali$wildcard
ocss /offcampus$wildcard
odece /dei
odh /hr$wildcard
office-undergraduate-education /oue
oit https://oit.colorado.edu$wildcard
opi /fbs/opi$wildcard
osc /osccr$wildcard
osccr /sccr$wildcard
osi /oai
outreach/ooe /outreach/paces$wildcard
parentrelations /orientation/buff-families$wildcard
parking /pts$wildcard
pcdp /precollege$wildcard
peacestudies /pacs$wildcard
philosophy/chps /chps$wildcard
philosophy/provisionalia /project/provisionalia$wildcard
physics-biophysics /lab/betterton$wildcard
physics/EducationIssues /per$wildcard
physics/PHET https://phet.colorado.edu$wildcard
physics/SmalyukhLab /soft-matter-physics$wildcard
physics/Web/reu /physics-jila-reu$wildcard
physics/phet https://phet.colorado.edu
physics/phet/dev https://bayes.colorado.edu/dev$wildcard
police/clery-data /clery
policies /compliance
portal http://cuconnect.colorado.edu$wildcard
post-holocaustamericanjudaismcollections /innovationsinjewishlifecollections$wildcard
program/cspb https://online.colorado.edu/applied-computer-science-bs$wildcard
program/macc https://online.colorado.edu/corporate-communication-ma$wildcard
program/maje https://www.colorado.edu/cmci/journalism/ma-entrepreneurship$wildcard
program/msol https://online.colorado.edu/organizational-leadership-ms$wildcard
program/ore https://online.colorado.edu/outdoor-recreation-economy-ms$wildcard
program/tcp /cs/academics/graduate-programs/master-science-technology-cybersecurity-policy$wildcard
program/teacherleadership https://online.colorado.edu/teacher-leadership-ma$wildcard
project/fpiep /program/fpw$wildcard
project/lakhota /linguistics/research/language-documentation/lakhota-learning-materials$wildcard
publichealthprogram /certificate/publichealth$wildcard
publicrelations /today$wildcard
qase /initiative/cubit
rec-center /recreation$wildcard
recoverycenter https://www.colorado.edu/recoverycommunity$wildcard
recycling /ecenter/recycling$wildcard
redefining /redefining$wildcard
religiousstudies /rlst$wildcard
research/CISW /cisw$wildcard
research/gcrc /ctrc$wildcard
research/gingroup /lab/gingroup$wildcard
rha /living/housing/student-leadership-programs/residence-hall-association
rha/nrhh /living/housing/student-leadership-programs/national-residence-hall-honorary
rha/ocm /living/housing/student-leadership-programs/on-campus-marketing
riekerlab /lab/rieker$wildcard
rps /res$wildcard
seniorvc /srs$wildcard
smart /initiative/cdi$wildcard
spanish /spanishportuguese$wildcard
stampede /living/housing/student-leadership-programs/stampede-camp
student-success-office/ /academicaffairs/office-undergraduate-education
studentaffairs/assessment /osaa$wildcard
studentgroups/appmurj /studentgroups/cjam$wildcard
studentgroups/leedsconsulting https://sites.google.com/colorado.edu/leedsconsultinggroup
studentgroups/mecha /studentgroups/umasymexa$wildcard
studentgroups/neuroscience /studentgroups/neuroscienceclub$wildcard
studentgroups/seeyouspeak /studentgroups/toastmasters$wildcard
studentgroups/solardecathlon https://www.cubouldersolardecathlon.com/
studentgroups/umas-mecha /studentgroups/umasymexa$wildcard
studentsuccess /oiec$wildcard
sudinglab https://www.sudinglab.org
suep/pace /pace
suep/urop /urop
suep/welcome /boettcher-norlin-scholars
techtransfer /venturepartners$wildcard
transportation /pts$wildcard
ucomm /strategicrelations$wildcard
ueac /exploratorystudies$wildcard
uggs /gpsg$wildcard
undergraduate /admissions/undergraduate$wildcard
vch /volunteer$wildcard
vcr /innovate$wildcard
vcresearch /vcr$wildcard
virtualvisit /discover$wildcard
vrc /volunteer$wildcard
webcom /strategicrelations$wildcard
wellnessinstitute /crowninstitute$wildcard
womenstudies /wgst$wildcard
wrc /cisc$wildcard
colorado.edu https://www.colorado.edu$path
libraries https://libraries.colorado.edu$wildcard


Drupal 7: 175

ucb-activelearningprogram.agcdn.colorado.edu activelearningprogram
ucb-advising.agcdn.colorado.edu advising
alans-src-ucb-strategicrelations.pantheonsite.io alans-src-strategicrelations
ucb-alumni.agcdn.colorado.edu alumni
ucb-amath.agcdn.colorado.edu amath
ucb-amrc.agcdn.colorado.edu amrc
ucb-atlas.agcdn.colorado.edu atlas
ucb-bakerrap.agcdn.colorado.edu bakerrap
ucb-beboulder.agcdn.colorado.edu beboulder
ucb-behavioral-neuroscience.agcdn.colorado.edu behavioral-neuroscience
ucb-bfcsec.agcdn.colorado.edu bfcsec
ucb-bfis.agcdn.colorado.edu bfis
ucb-biochemistry.agcdn.colorado.edu biochemistry
ucb-bioserve-sandbox.agcdn.colorado.edu bioserve-sandbox
ucb-buffonecard.agcdn.colorado.edu buffonecard
ucb-buffstogether.agcdn.colorado.edu buffstogether
ucb-bursar-campus-resources.agcdn.colorado.edu bursar-campus-resources
ucb-business.agcdn.colorado.edu business
ucb-center-a-queer-endeavor.agcdn.colorado.edu center/a-queer-endeavor
ucb-center-cuchange.agcdn.colorado.edu center/cuchange
ucb-center-gwc.agcdn.colorado.edu center/gwc
ucb-center-music-entrepreneurship.agcdn.colorado.edu center/music-entrepreneurship
ucb-center-teaching-learning.agcdn.colorado.edu center/teaching-learning
ucb-certificate-iqbiology.agcdn.colorado.edu certificate/iqbiology
ucb-classics.agcdn.colorado.edu classics
ucb-cmci.agcdn.colorado.edu cmci
ucb-cmcinow.agcdn.colorado.edu cmcinow
ucb-cognitive-psychology.agcdn.colorado.edu cognitive-psychology
ucb-crdds.agcdn.colorado.edu crdds
ucb-crowninstitute.agcdn.colorado.edu crowninstitute
ucb-ctrc.agcdn.colorado.edu ctrc
ucb-sportsclub-cubuffshockey.agcdn.colorado.edu cubuffshockey
ucb-cudialogues.agcdn.colorado.edu cudialogues
ucb-cuengineering.agcdn.colorado.edu cuengineering
ucb-cumuseum.agcdn.colorado.edu cumuseum
ucb-dark-ages-radio-explorer.agcdn.colorado.edu dark-ages-radio-explorer
ucb-datacenter.agcdn.colorado.edu datacenter
ucb-demos-accessibility-training.agcdn.colorado.edu demos/accessibility-training
ucb-demos-adv-layout-design-training.agcdn.colorado.edu demos/adv-layout-design-training
ucb-demos-advanced-content-forms.agcdn.colorado.edu demos/advanced-content-forms
ucb-demos-bundles-training.agcdn.colorado.edu demos/bundles-training
ucb-demos-core-training.agcdn.colorado.edu demos/core-training
ucb-demos-essentials-tips.agcdn.colorado.edu demos/essentials-tips
ucb-demos-faculty.agcdn.colorado.edu demos/faculty
ucb-demos-migration-issues.agcdn.colorado.edu demos/migration-issues
ucb-demos-publications-training.agcdn.colorado.edu demos/publications-training
ucb-demos-research-lab.agcdn.colorado.edu demos/research-lab
ucb-demos-training.agcdn.colorado.edu demos/training
ucb-demos-tutorials.agcdn.colorado.edu demos/tutorials
ucb-demos-web-express.agcdn.colorado.edu demos/web-express
dev-agcdn-globalredirect.pantheonsite.io dev-agcdn-globalredirect
ucb-diverselearners.agcdn.colorado.edu diverselearners
ucb-economics.agcdn.colorado.edu economics
ucb-emtnano.agcdn.colorado.edu emtnano
ucb-engineeringgraduatestudies.agcdn.colorado.edu engineeringgraduatestudies
ucb-engineeringleadershipprogram.agcdn.colorado.edu engineeringleadershipprogram
ucb-event-buffalobicycleclassic.agcdn.colorado.edu event/buffalobicycleclassic
ucb-event-calval2020.agcdn.colorado.edu event/calval2020
ucb-event-ippw2018.agcdn.colorado.edu event/ippw2018
ucb-events-cfdsi.agcdn.colorado.edu events/cfdsi
ucb-events-cfdsi.agcdn.colorado.edu events/cfdsi
ucb-faculty-staff-engagement.agcdn.colorado.edu faculty-staff-engagement
ucb-faculty-bowers-john.agcdn.colorado.edu faculty/bowers-john
dev-ucb-faculty-nakassis.agcdn.colorado.edu faculty/nakassis-dev
ucb-faculty-oreilly.agcdn.colorado.edu faculty/oreilly
ucb-facultyaffairs.agcdn.colorado.edu facultyaffairs
ucb-facultydevelopmentandsupport.agcdn.colorado.edu fds
ucb-geography.agcdn.colorado.edu geography
ucb-globalclimatesummit.agcdn.colorado.edu globalclimatesummit
ucb-globalstudiesrap.agcdn.colorado.edu globalstudiesrap
gr-enabled-agcdn-globalredirect.pantheonsite.io gr-enabled-agcdn-globalredirect
gr-modified-agcdn-globalredirect.pantheonsite.io gr-modified-agcdn-globalredirect
ucb-gsll.agcdn.colorado.edu gsll
ucb-homepage.agcdn.colorado.edu homepage
ucb-honorsjournal.agcdn.colorado.edu honorsjournal
ucb-hr.agcdn.colorado.edu hr
ucb-hrap.agcdn.colorado.edu hrap
ucb-iafs.agcdn.colorado.edu iafs
ucb-ictintegrity.agcdn.colorado.edu ictintegrity
ucb-initiative-cubit.agcdn.colorado.edu initiative/cubit
ucb-jewishstudies.agcdn.colorado.edu jewishstudies
ucb-lab-biomonitors.agcdn.colorado.edu lab/biomonitors
ucb-lab-burlesonglobaldesigngroup.agcdn.colorado.edu lab/burlesonglobaldesigngroup
ucb-lab-davies.agcdn.colorado.edu lab/davies
ucb-lab-esdl.agcdn.colorado.edu lab/esdl
ucb-lab-flaxman.agcdn.colorado.edu lab/flaxman
ucb-lab-greenhouse.agcdn.colorado.edu lab/greenhouse
ucb-lab-hearlab.agcdn.colorado.edu lab/hearlab
ucb-lab-nsr.agcdn.colorado.edu lab/nsr
ucb-launch-test.agcdn.colorado.edu launch/test
ucb-law.agcdn.colorado.edu law
ucb-leap.agcdn.colorado.edu leap
ucb-libbyrap.agcdn.colorado.edu libbyrap
ucb-lightingprogram.agcdn.colorado.edu lightingprogram
ucb-linguistics.agcdn.colorado.edu linguistics
ucb-map.agcdn.colorado.edu map
ucb-masp.agcdn.colorado.edu masp
ucb-mechanical.agcdn.colorado.edu mechanical
ucb-move-in.agcdn.colorado.edu move-in
ucb-music.agcdn.colorado.edu music
ucb-next.agcdn.colorado.edu next
ucb-nitrogen.agcdn.colorado.edu nitrogen
ucb-oda.agcdn.colorado.edu oda
ucb-oue.agcdn.colorado.edu oue
ucb-pac12summit.agcdn.colorado.edu pac12summit
ucb-pandemic-response.agcdn.colorado.edu pandemic-response
ucb-parentgiving.agcdn.colorado.edu parentgiving
pathauto-agcdn-globalredirect.pantheonsite.io pathauto-agcdn-globalredirect
ucb-peacecorps.agcdn.colorado.edu peacecorps
ucb-physics.agcdn.colorado.edu physics
ucb-polisci2.agcdn.colorado.edu polisci
ucb-prioritization.agcdn.colorado.edu prioritization
ucb-program-agesgeochronology.agcdn.colorado.edu program/agesgeochronology
ucb-program-learningassistant.agcdn.colorado.edu program/learningassistant
ucb-program-life-sciences-fyae.agcdn.colorado.edu program/life-sciences-fyae
ucb-program-qsrx.agcdn.colorado.edu program/qsrx
ucb-program-robotics.agcdn.colorado.edu program/robotics
ucb-program-sqiq.agcdn.colorado.edu program/sqiq
ucb-programcouncil.agcdn.colorado.edu programcouncil
ucb-project-boulder-apple-tree.agcdn.colorado.edu project/boulder-apple-tree
ucb-project-dark-ages-polarimeter-pathfinder.agcdn.colorado.edu project/dark-ages-polarimeter-pathfinder
ucb-project-dat.agcdn.colorado.edu project/dat
ucb-project-ethiqstudy.agcdn.colorado.edu project/ethiqstudy
ucb-project-faculty-engagement.agcdn.colorado.edu project/faculty-engagement
ucb-project-legacy-retirement.agcdn.colorado.edu project/legacy-retirement
ucb-project-lemur.agcdn.colorado.edu project/lemur
ucb-project-memorybox.agcdn.colorado.edu project/memorybox
ucb-project-primers.agcdn.colorado.edu project/primers
ucb-recreation.agcdn.colorado.edu recreation
ucb-registrar2.agcdn.colorado.edu registrar
ucb-research-learn-dbir.agcdn.colorado.edu research/learn-dbir
ucb-research-machine-learning.agcdn.colorado.edu research/machine-learning
ucb-researchinnovation.agcdn.colorado.edu researchinnovation
ucb-reu-mrs.agcdn.colorado.edu reu-mrs
ucb-rnc-debate.agcdn.colorado.edu rnc-debate
ucb-rosergrant.agcdn.colorado.edu rosergrant
ucb-safety.agcdn.colorado.edu safety
ucb-sciencediscovery.agcdn.colorado.edu sciencediscovery
ucb-shakespeareatcu.agcdn.colorado.edu shakespeareatcu
ucb-silc.agcdn.colorado.edu silc
ucb-slhs.agcdn.colorado.edu slhs
ucb-snaglab.agcdn.colorado.edu snaglab
ucb-spaceweather.agcdn.colorado.edu spaceweather
ucb-sportsclub-buffgolddance.agcdn.colorado.edu sportsclub/buffgolddance
ucb-sportsclub-crew.agcdn.colorado.edu sportsclub/crew
ucb-sportsclub-cubuffshockey.agcdn.colorado.edu| sportsclub/cubuffshockey
ucb-sportsclub-cycling.agcdn.colorado.edu sportsclub/cycling
ucb-sportsclub-freeskiing.agcdn.colorado.edu sportsclub/freeskiing
ucb-sportsclub-kayaking.agcdn.colorado.edu sportsclub/kayaking
ucb-sportsclub-mensclubsoccer.agcdn.colorado.edu sportsclub/mensclubsoccer
ucb-sportsclub-mensrugby.agcdn.colorado.edu sportsclub/mensrugby
ucb-sportsclub-snowboarding.agcdn.colorado.edu sportsclub/snowboarding
ucb-sportsclub-swimanddive.agcdn.colorado.edu sportsclub/swimanddive
ucb-sportsclub-tennis.agcdn.colorado.edu sportsclub/tennis
ucb-sportsclub-womensicehockey.agcdn.colorado.edu sportsclub/womensicehockey
ucb-sportsclub-womensrugby.agcdn.colorado.edu sportsclub/womensrugby
ucb-sportsclub-womensvolleyball.agcdn.colorado.edu sportsclub/womensvolleyball
ucb-srap.agcdn.colorado.edu srap
ucb-studentgroups-aiche.agcdn.colorado.edu studentgroups/aiche
ucb-studentgroups-cobra.agcdn.colorado.edu studentgroups/cobra
ucb-studentgroups-cusrl.agcdn.colorado.edu studentgroups/cusrl
ucb-studentgroups-international.agcdn.colorado.edu studentgroups/international
ucb-studentgroups-msa.agcdn.colorado.edu studentgroups/msa
ucb-studentgroups-stemroutes.agcdn.colorado.edu studentgroups/stemroutes
ucb-symposium-mcdb-50th.agcdn.colorado.edu symposium/mcdb-50th
ucbtest-test-alpha.agcdn.colorado.edu test/alpha
ucb-today.agcdn.colorado.edu today
ucbdev-sandbox-express.agcdn.colorado.edu ucbdev-sandbox-express
ucb-urop.agcdn.colorado.edu urop
ucb-volunteer.agcdn.colorado.edu volunteer
ucb-webcentral.agcdn.colorado.edu webcentral
ucb-wgst.agcdn.colorado.edu wgst
ucb-lab-welkerlab.agcdn.colorado.edu lab/welkerlab
ucb-program-publichealth.agcdn.colorado.edu program/publichealth
ucb-cmcitechexperience.agcdn.colorado.edu cmcitechexperience


Drupal 10: 888

ucbprod-aais.agcdn.colorado.edu aais
ucbprod-academicaffairs.agcdn.colorado.edu academicaffairs
ucbprod-academicfutures.agcdn.colorado.edu academicfutures
ucbprod-accreditation.agcdn.colorado.edu accreditation
ucbprod-advancement.agcdn.colorado.edu advancement
ucbprod-aerospace.agcdn.colorado.edu aerospace
ucbprod-aerospaceventures.agcdn.colorado.edu aerospaceventures
ucbprod-afrotc.agcdn.colorado.edu afrotc
ucbprod-alc.agcdn.colorado.edu alc
ucbprod-ali.agcdn.colorado.edu ali
ucbprod-alumniboard.agcdn.colorado.edu alumniboard
ucbprod-ansethgroup.agcdn.colorado.edu ansethgroup
ucbprod-anthropology.agcdn.colorado.edu anthropology
ucbprod-aod.agcdn.colorado.edu aod
ucbprod-aps.agcdn.colorado.edu aps
ucbprod-aqiq.agcdn.colorado.edu aqiq
ucbprod-aquetza.agcdn.colorado.edu aquetza
ucbprod-archivetransformed.agcdn.colorado.edu archivetransformed
ucbprod-arotc.agcdn.colorado.edu arotc
ucbprod-artandarthistory.agcdn.colorado.edu artandarthistory
ucbprod-artsandsciences.agcdn.colorado.edu artsandsciences
ucbprod-artsandsciencestransfer.agcdn.colorado.edu artsandsciencestransfer
ucbprod-artssciences-advising.agcdn.colorado.edu artssciences-advising
ucbprod-asfacultystaff.agcdn.colorado.edu asfacultystaff
ucbprod-asmagazine-archive.agcdn.colorado.edu asmagazine-archive
ucbprod-asmagazine.agcdn.colorado.edu asmagazine
ucbprod-assett.agcdn.colorado.edu assett
ucbprod-atoc.agcdn.colorado.edu atoc
ucbprod-auxiliaryservices.agcdn.colorado.edu auxiliaryservices
ucbprod-b2g.agcdn.colorado.edu b2g
ucbprod-bahri.agcdn.colorado.edu bahri
ucbprod-behavioral-genetics.agcdn.colorado.edu behavioral-genetics
ucbprod-bfa.agcdn.colorado.edu bfa
ucbprod-bfp.agcdn.colorado.edu bfp
ucbprod-biden.agcdn.colorado.edu biden
ucbprod-bioastronautics.agcdn.colorado.edu bioastronautics
ucbprod-biofrontiers.agcdn.colorado.edu biofrontiers
ucbprod-biologyadvising.agcdn.colorado.edu biologyadvising
ucbprod-biophysics.agcdn.colorado.edu biophysics
ucbprod-blackstudentalliance.agcdn.colorado.edu blackstudentalliance
ucbprod-bme.agcdn.colorado.edu bme
ucbprod-boettcher-daniels-norlin-scholars.agcdn.colorado.edu boettcher-daniels-norlin-scholars
ucbprod-bouldersoundshop.agcdn.colorado.edu bouldersoundshop
ucbprod-bowmanlab.agcdn.colorado.edu bowmanlab
ucbprod-brakhagecenter.agcdn.colorado.edu brakhagecenter
ucbprod-brand.agcdn.colorado.edu brand
ucbprod-bryantgroup.agcdn.colorado.edu bryantgroup
ucbprod-bsi.agcdn.colorado.edu bsi
ucbprod-buffportaladvising.agcdn.colorado.edu buffportaladvising
ucbprod-bursar.agcdn.colorado.edu bursar
ucbprod-cadre.agcdn.colorado.edu cadre
ucbprod-cadswes.agcdn.colorado.edu cadswes
ucbprod-campusplanning.agcdn.colorado.edu campusplanning
ucbprod-career.agcdn.colorado.edu career
ucbprod-cartss.agcdn.colorado.edu cartss
ucbprod-cas.agcdn.colorado.edu cas
ucbprod-casa.agcdn.colorado.edu casa
ucbprod-catalyzecu.agcdn.colorado.edu catalyzecu
ucbprod-ccar.agcdn.colorado.edu ccar
ucbprod-ceae.agcdn.colorado.edu ceae
ucbprod-ceb.agcdn.colorado.edu ceb
ucbprod-cedar.agcdn.colorado.edu cedar
ucbprod-cees.agcdn.colorado.edu cees
ucbprod-cej.agcdn.colorado.edu cej
ucbprod-cem.agcdn.colorado.edu cem
ucbprod-center-aerospacemechanics.agcdn.colorado.edu center/aerospacemechanics
ucbprod-center-altec.agcdn.colorado.edu center/altec
ucbprod-center-aspire.agcdn.colorado.edu center/aspire
ucbprod-center-benson.agcdn.colorado.edu center/benson
ucbprod-center-bioserve.agcdn.colorado.edu center/bioserve
ucbprod-center-british-irish-studies.agcdn.colorado.edu center/british-irish-studies
ucbprod-center-bueno-esp.agcdn.colorado.edu center/bueno-esp
ucbprod-center-bueno.agcdn.colorado.edu center/bueno
ucbprod-center-c3bc.agcdn.colorado.edu center/c3bc
ucbprod-center-caaas.agcdn.colorado.edu center/caaas
ucbprod-center-cde.agcdn.colorado.edu center/cde
ucbprod-center-cdem.agcdn.colorado.edu center/cdem
ucbprod-center-ciest.agcdn.colorado.edu center/ciest
ucbprod-center-cips.agcdn.colorado.edu center/cips
ucbprod-center-contemplativeresource.agcdn.colorado.edu center/contemplativeresource
ucbprod-center-criticalthought.agcdn.colorado.edu center/criticalthought
ucbprod-center-crmt.agcdn.colorado.edu center/crmt
ucbprod-center-demtech.agcdn.colorado.edu center/demtech
ucbprod-center-iec.agcdn.colorado.edu center/iec
ucbprod-center-mortenson.agcdn.colorado.edu center/mortenson
ucbprod-center-nsi.agcdn.colorado.edu center/nsi
ucbprod-center-oddace.agcdn.colorado.edu center/oddace
ucbprod-center-reach.agcdn.colorado.edu center/reach
ucbprod-center-spacegrant.agcdn.colorado.edu center/spacegrant
ucbprod-center-stemtech.agcdn.colorado.edu center/stemtech
ucbprod-center-west.agcdn.colorado.edu center/west
ucbprod-ceprehealth.agcdn.colorado.edu ceprehealth
ucbprod-certificate-ej.agcdn.colorado.edu certificate/ej
ucbprod-cha.agcdn.colorado.edu cha
ucbprod-chancellor.agcdn.colorado.edu chancellor
ucbprod-chbe.agcdn.colorado.edu chbe
ucbprod-chemistry.agcdn.colorado.edu chemistry
ucbprod-childcare.agcdn.colorado.edu childcare
ucbprod-chps.agcdn.colorado.edu chps
ucbprod-cinemastudies.agcdn.colorado.edu cinemastudies
ucbprod-cisc.agcdn.colorado.edu cisc
ucbprod-cisw.agcdn.colorado.edu cisw
ucbprod-clery.agcdn.colorado.edu clery
ucbprod-clinicalpsychology.agcdn.colorado.edu clinicalpsychology
ucbprod-cmcicareers.agcdn.colorado.edu cmcicareers
ucbprod-cmcistudentmedia.agcdn.colorado.edu cmcistudentmedia
ucbprod-cmems.agcdn.colorado.edu cmems
ucbprod-cmrc.agcdn.colorado.edu cmrc
ucbprod-cnais.agcdn.colorado.edu cnais
ucbprod-cognitivedevelopment.agcdn.colorado.edu cognitivedevelopment
ucbprod-coloradan.agcdn.colorado.edu coloradan
ucbprod-commencement.agcdn.colorado.edu commencement
ucbprod-commrap.agcdn.colorado.edu commrap
ucbprod-communications-data-science.agcdn.colorado.edu communications-data-science
ucbprod-composition.agcdn.colorado.edu composition
ucbprod-computerengineering.agcdn.colorado.edu computerengineering
ucbprod-conference-adhs2024.agcdn.colorado.edu conference/adhs2024
ucbprod-conference-cwwmca.agcdn.colorado.edu conference/cwwmca
ucbprod-conference-greebs.agcdn.colorado.edu conference/greebs
ucbprod-conference-icp2019.agcdn.colorado.edu conference/icp2019
ucbprod-conference-naweawindtech2023.agcdn.colorado.edu conference/naweawindtech2023
ucbprod-conference-reactivism.agcdn.colorado.edu conference/reactivism
ucbprod-conference-rhythm-since-1900.agcdn.colorado.edu conference/rhythm-since-1900
ucbprod-conference-rmc2022.agcdn.colorado.edu conference/rmc2022
ucbprod-conference-rmihc.agcdn.colorado.edu conference/rmihc
ucbprod-conference-romanticresistance.agcdn.colorado.edu conference/romanticresistance
ucbprod-conferenceservices.agcdn.colorado.edu conferenceservices
ucbprod-controller.agcdn.colorado.edu controller
ucbprod-counseling.agcdn.colorado.edu counseling
ucbprod-course-sites-libb-2500.agcdn.colorado.edu course-sites/libb/2500
ucbprod-course-sites-musc-1121.agcdn.colorado.edu course-sites/musc/1121
ucbprod-course-sites-musc-1131.agcdn.colorado.edu course-sites/musc/1131
ucbprod-course-sites-musc-2121.agcdn.colorado.edu course-sites/musc/2121
ucbprod-course-sites-musc-2131.agcdn.colorado.edu course-sites/musc/2131
ucbprod-course-sites-musc-fundtutorial.agcdn.colorado.edu course-sites/musc/fundtutorial
ucbprod-crm.agcdn.colorado.edu crm
ucbprod-cs-theory.agcdn.colorado.edu cs-theory
ucbprod-cs.agcdn.colorado.edu cs
ucbprod-csl.agcdn.colorado.edu csl
ucbprod-cuartmuseum.agcdn.colorado.edu cuartmuseum
ucbprod-cubequest.agcdn.colorado.edu cubequest
ucbprod-cubouldersouth.agcdn.colorado.edu cubouldersouth
ucbprod-cuengage.agcdn.colorado.edu cuengage
ucbprod-cusg.agcdn.colorado.edu cusg
ucbprod-cuteach.agcdn.colorado.edu cuteach
ucbprod-cuwizards.agcdn.colorado.edu cuwizards
ucbprod-cvsp.agcdn.colorado.edu cvsp
ucbprod-cwa.agcdn.colorado.edu cwa
ucbprod-d4c.agcdn.colorado.edu d4c
ucbprod-dalailama.agcdn.colorado.edu dalailama
ucbprod-daoisttexts.agcdn.colorado.edu daoisttexts
ucbprod-dcvf.agcdn.colorado.edu dcvf
ucbprod-dei.agcdn.colorado.edu dei
ucbprod-demos-training-foundations.agcdn.colorado.edu demos/courses/foundations
ucbprod-demos-training-nextsteps.agcdn.colorado.edu demos/courses/next-steps
ucbprod-demos-documentation.agcdn.colorado.edu demos/documentation
ucbprod-demos-webexpress.agcdn.colorado.edu demos/webexpress
ucbprod-designforamerica.agcdn.colorado.edu designforamerica
ucbprod-digital-accessibility.agcdn.colorado.edu digital-accessibility
ucbprod-disabilityservices.agcdn.colorado.edu disabilityservices
ucbprod-dontignoreit.agcdn.colorado.edu dontignoreit
ucbprod-dynamicscontrols.agcdn.colorado.edu dynamicscontrols
ucbprod-ebio.agcdn.colorado.edu ebio
ucbprod-ecee.agcdn.colorado.edu ecee
ucbprod-ecenter.agcdn.colorado.edu ecenter
ucbprod-education-research-hub.agcdn.colorado.edu education-research-hub
ucbprod-education.agcdn.colorado.edu education
ucbprod-eeglab.agcdn.colorado.edu eeglab
ucbprod-eer.agcdn.colorado.edu eer
ucbprod-ehs.agcdn.colorado.edu ehs
ucbprod-emag-research.agcdn.colorado.edu emag-research
ucbprod-emergencymanagement.agcdn.colorado.edu emergencymanagement
ucbprod-emp.agcdn.colorado.edu emp
ucbprod-engineering-advising.agcdn.colorado.edu engineering-advising
ucbprod-engineering-facultystaff.agcdn.colorado.edu engineering-facultystaff
ucbprod-engineering-international.agcdn.colorado.edu engineering-international
ucbprod-engineering.agcdn.colorado.edu engineering
ucbprod-english-language-notes.agcdn.colorado.edu english-language-notes
ucbprod-english.agcdn.colorado.edu english
ucbprod-enrollment-management.agcdn.colorado.edu enrollment-management
ucbprod-envd.agcdn.colorado.edu envd
ucbprod-environmentalprogram.agcdn.colorado.edu environmentalprogram
ucbprod-envs.agcdn.colorado.edu envs
ucbprod-era.agcdn.colorado.edu era
ucbprod-ethnicstudies.agcdn.colorado.edu ethnicstudies
ucbprod-even.agcdn.colorado.edu even
ucbprod-event-barneyford.agcdn.colorado.edu event/barneyford
ucbprod-event-bernstein.agcdn.colorado.edu event/bernstein
ucbprod-event-bookfest.agcdn.colorado.edu event/bookfest
ucbprod-event-cuny2019.agcdn.colorado.edu event/cuny2019
ucbprod-event-eiabridgebuilder.agcdn.colorado.edu event/eiabridgebuilder
ucbprod-event-frips.agcdn.colorado.edu event/frips
ucbprod-event-ifest.agcdn.colorado.edu event/ifest
ucbprod-event-lotsawa.agcdn.colorado.edu event/lotsawa
ucbprod-event-qms2023.agcdn.colorado.edu event/qms2023
ucbprod-event-rmd2019.agcdn.colorado.edu event/rmd2019
ucbprod-event-rmgs2019.agcdn.colorado.edu event/rmgs2019
ucbprod-event-tedxcu.agcdn.colorado.edu event/tedxcu
ucbprod-event-wdm2020.agcdn.colorado.edu event/wdm2020
ucbprod-events.agcdn.colorado.edu events
ucbprod-eventsplanning.agcdn.colorado.edu eventsplanning
ucbprod-ewb.agcdn.colorado.edu ewb
ucbprod-exploratorystudies.agcdn.colorado.edu exploratorystudies
ucbprod-facilities-standards.agcdn.colorado.edu facilities-standards
ucbprod-facility-biochemistry-cell-culture.agcdn.colorado.edu facility/biochemistry-cell-culture
ucbprod-facility-biokem.agcdn.colorado.edu facility/biokem
ucbprod-facility-biomolecular-x-ray-crystallography.agcdn.colorado.edu facility/biomolecular-x-ray-crystallography
ucbprod-facility-cosinc.agcdn.colorado.edu facility/cosinc
ucbprod-facility-ems.agcdn.colorado.edu facility/ems
ucbprod-facility-fccf.agcdn.colorado.edu facility/fccf
ucbprod-facility-jscbb.agcdn.colorado.edu facility/jscbb
ucbprod-facility-mimic.agcdn.colorado.edu facility/mimic
ucbprod-facility-xrd.agcdn.colorado.edu facility/xrd
ucbprod-faculty-alleman.agcdn.colorado.edu faculty/alleman
ucbprod-faculty-alwakeel.agcdn.colorado.edu faculty/alwakeel
ucbprod-faculty-amadei.agcdn.colorado.edu faculty/amadei
ucbprod-faculty-anderson-ken.agcdn.colorado.edu faculty/anderson-ken
ucbprod-faculty-anderson.agcdn.colorado.edu faculty/anderson
ucbprod-faculty-argrow.agcdn.colorado.edu faculty/argrow
ucbprod-faculty-ashraf-asa.agcdn.colorado.edu faculty/ashraf-asa
ucbprod-faculty-avila-sara.agcdn.colorado.edu faculty/avila-sara
ucbprod-faculty-axelrad.agcdn.colorado.edu faculty/axelrad
ucbprod-faculty-aysegul-aydin.agcdn.colorado.edu faculty/aysegul-aydin
ucbprod-faculty-banich.agcdn.colorado.edu faculty/banich
ucbprod-faculty-barnes.agcdn.colorado.edu faculty/barnes
ucbprod-faculty-bastias.agcdn.colorado.edu faculty/bastias
ucbprod-faculty-beer.agcdn.colorado.edu faculty/beer
ucbprod-faculty-bhuvana-narasimhan.agcdn.colorado.edu faculty/bhuvana-narasimhan
ucbprod-faculty-bielefeldt.agcdn.colorado.edu faculty/bielefeldt
ucbprod-faculty-black.agcdn.colorado.edu faculty/black
ucbprod-faculty-bogatin.agcdn.colorado.edu faculty/bogatin
ucbprod-faculty-bolhari.agcdn.colorado.edu faculty/bolhari
ucbprod-faculty-borden.agcdn.colorado.edu faculty/borden
ucbprod-faculty-bosanac.agcdn.colorado.edu faculty/bosanac
ucbprod-faculty-bottenus.agcdn.colorado.edu faculty/bottenus
ucbprod-faculty-boyd.agcdn.colorado.edu faculty/boyd
ucbprod-faculty-burns.agcdn.colorado.edu faculty/burns
ucbprod-faculty-cadena.agcdn.colorado.edu faculty/cadena
ucbprod-faculty-cai.agcdn.colorado.edu faculty/cai
ucbprod-faculty-celoza.agcdn.colorado.edu faculty/celoza
ucbprod-faculty-cha.agcdn.colorado.edu faculty/cha
ucbprod-faculty-chen-yongmin.agcdn.colorado.edu faculty/chen-yongmin
ucbprod-faculty-chen.agcdn.colorado.edu faculty/chen
ucbprod-faculty-chinowsky.agcdn.colorado.edu faculty/chinowsky
ucbprod-faculty-claire-monteleoni.agcdn.colorado.edu faculty/claire-monteleoni
ucbprod-faculty-clark-torin.agcdn.colorado.edu faculty/clark-torin
ucbprod-faculty-clauset.agcdn.colorado.edu faculty/clauset
ucbprod-faculty-corona.agcdn.colorado.edu faculty/corona
ucbprod-faculty-corradini.agcdn.colorado.edu faculty/corradini
ucbprod-faculty-cowell-andrew.agcdn.colorado.edu faculty/cowell-andrew
ucbprod-faculty-dallanese.agcdn.colorado.edu faculty/dallanese
ucbprod-faculty-do.agcdn.colorado.edu faculty/do
ucbprod-faculty-erickson.agcdn.colorado.edu faculty/erickson
ucbprod-faculty-falconer.agcdn.colorado.edu faculty/falconer
ucbprod-faculty-ferris.agcdn.colorado.edu faculty/ferris
ucbprod-faculty-fitzgerald.agcdn.colorado.edu faculty/fitzgerald
ucbprod-faculty-fox-barbara.agcdn.colorado.edu faculty/fox-barbara
ucbprod-faculty-frajzyngier.agcdn.colorado.edu faculty/frajzyngier
ucbprod-faculty-frew.agcdn.colorado.edu faculty/frew
ucbprod-faculty-gasiewski.agcdn.colorado.edu faculty/gasiewski
ucbprod-faculty-goodrum.agcdn.colorado.edu faculty/goodrum
ucbprod-faculty-gupta.agcdn.colorado.edu faculty/gupta
ucbprod-faculty-hall-kira.agcdn.colorado.edu faculty/hall-kira
ucbprod-faculty-hauser.agcdn.colorado.edu faculty/hauser
ucbprod-faculty-hearn.agcdn.colorado.edu faculty/hearn
ucbprod-faculty-henze.agcdn.colorado.edu faculty/henze
ucbprod-faculty-hernandez.agcdn.colorado.edu faculty/hernandez
ucbprod-faculty-hodge.agcdn.colorado.edu faculty/hodge
ucbprod-faculty-holzinger.agcdn.colorado.edu faculty/holzinger
ucbprod-faculty-huang.agcdn.colorado.edu faculty/huang
ucbprod-faculty-hubler.agcdn.colorado.edu faculty/hubler
ucbprod-faculty-hulden-vilja.agcdn.colorado.edu faculty/hulden-vilja
ucbprod-faculty-izraelevitz.agcdn.colorado.edu faculty/izraelevitz
ucbprod-faculty-jessup.agcdn.colorado.edu faculty/jessup
ucbprod-faculty-johnson.agcdn.colorado.edu faculty/johnson
ucbprod-faculty-juliet-gopinath.agcdn.colorado.edu faculty/juliet-gopinath
ucbprod-faculty-kaffine.agcdn.colorado.edu faculty/kaffine
ucbprod-faculty-kantha.agcdn.colorado.edu faculty/kantha
ucbprod-faculty-karengebhardt.agcdn.colorado.edu faculty/karengebhardt
ucbprod-faculty-kimbrough-keller.agcdn.colorado.edu faculty/kimbrough-keller
ucbprod-faculty-kmaskus.agcdn.colorado.edu faculty/kmaskus
ucbprod-faculty-knappe.agcdn.colorado.edu faculty/knappe
ucbprod-faculty-korak.agcdn.colorado.edu faculty/korak
ucbprod-faculty-krarti.agcdn.colorado.edu faculty/krarti
ucbprod-faculty-kuchenrither.agcdn.colorado.edu faculty/kuchenrither
ucbprod-faculty-laguna.agcdn.colorado.edu faculty/laguna
ucbprod-faculty-lee-yc.agcdn.colorado.edu faculty/lee-yc
ucbprod-faculty-lehmantamara.agcdn.colorado.edu faculty/lehmantamara
ucbprod-faculty-lewis-clayton.agcdn.colorado.edu faculty/lewis-clayton
ucbprod-faculty-lijianghanyang.agcdn.colorado.edu faculty/lijianghanyang
ucbprod-faculty-liu-eugene.agcdn.colorado.edu faculty/liu-eugene
ucbprod-faculty-liu-liu.agcdn.colorado.edu faculty/liu-liu
ucbprod-faculty-lopezjimenez.agcdn.colorado.edu faculty/lopezjimenez
ucbprod-faculty-macdonald.agcdn.colorado.edu faculty/macdonald
ucbprod-faculty-maksimovic.agcdn.colorado.edu faculty/maksimovic
ucbprod-faculty-mansfeldt.agcdn.colorado.edu faculty/mansfeldt
ucbprod-faculty-mathys.agcdn.colorado.edu faculty/mathys
ucbprod-faculty-mcclure.agcdn.colorado.edu faculty/mcclure
ucbprod-faculty-mcgilvray-dennis.agcdn.colorado.edu faculty/mcgilvray-dennis
ucbprod-faculty-mcleod.agcdn.colorado.edu faculty/mcleod
ucbprod-faculty-mcmahon.agcdn.colorado.edu faculty/mcmahon
ucbprod-faculty-metcalf.agcdn.colorado.edu faculty/metcalf
ucbprod-faculty-michaelis.agcdn.colorado.edu faculty/michaelis
ucbprod-faculty-milford-jana.agcdn.colorado.edu faculty/milford-jana
ucbprod-faculty-moddel.agcdn.colorado.edu faculty/moddel
ucbprod-faculty-molenaar.agcdn.colorado.edu faculty/molenaar
ucbprod-faculty-murray.agcdn.colorado.edu faculty/murray
ucbprod-faculty-musgrave.agcdn.colorado.edu faculty/musgrave
ucbprod-faculty-nakassis.agcdn.colorado.edu faculty/nakassis
ucbprod-faculty-nicotra.agcdn.colorado.edu faculty/nicotra
ucbprod-faculty-niederwieser.agcdn.colorado.edu faculty/niederwieser
ucbprod-faculty-palmer-martha.agcdn.colorado.edu faculty/palmer-martha
ucbprod-faculty-pao.agcdn.colorado.edu faculty/pao
ucbprod-faculty-pellegrino.agcdn.colorado.edu faculty/pellegrino
ucbprod-faculty-pfeffer.agcdn.colorado.edu faculty/pfeffer
ucbprod-faculty-piketmay-melinda.agcdn.colorado.edu faculty/piketmay-melinda
ucbprod-faculty-popovic-zoya.agcdn.colorado.edu faculty/popovic-zoya
ucbprod-faculty-preston.agcdn.colorado.edu faculty/preston
ucbprod-faculty-richter-matthias.agcdn.colorado.edu faculty/richter-matthias
ucbprod-faculty-rosario-ortiz.agcdn.colorado.edu faculty/rosario-ortiz
ucbprod-faculty-ruzzene.agcdn.colorado.edu faculty/ruzzene
ucbprod-faculty-ryan-joseph.agcdn.colorado.edu faculty/ryan-joseph
ucbprod-faculty-samueloberdick.agcdn.colorado.edu faculty/samueloberdick
ucbprod-faculty-shriver-scott.agcdn.colorado.edu faculty/scott-shriver
ucbprod-faculty-segil.agcdn.colorado.edu faculty/segil
ucbprod-faculty-semaan.agcdn.colorado.edu faculty/semaan
ucbprod-faculty-shaheen.agcdn.colorado.edu faculty/shaheen
ucbprod-faculty-shannon.agcdn.colorado.edu faculty/shannon
ucbprod-faculty-sheldon-masters.agcdn.colorado.edu faculty/sheldon-masters
ucbprod-faculty-shi-yuan.agcdn.colorado.edu faculty/shi-yuan
ucbprod-faculty-shields.agcdn.colorado.edu faculty/shields
ucbprod-faculty-somenzi.agcdn.colorado.edu faculty/somenzi
ucbprod-faculty-song.agcdn.colorado.edu faculty/song
ucbprod-faculty-summers.agcdn.colorado.edu faculty/summers
ucbprod-faculty-torresmachi.agcdn.colorado.edu faculty/torresmachi
ucbprod-faculty-varanasi.agcdn.colorado.edu faculty/varanasi
ucbprod-faculty-wagner.agcdn.colorado.edu faculty/wagner
ucbprod-faculty-whitehead.agcdn.colorado.edu faculty/whitehead
ucbprod-faculty-zax.agcdn.colorado.edu faculty/zax
ucbprod-faculty-zea-luis.agcdn.colorado.edu faculty/zea-luis
ucbprod-faculty-zhai.agcdn.colorado.edu faculty/zhai
ucbprod-faculty-zunger-matter-by-design.agcdn.colorado.edu faculty/zunger-matter-by-design
ucbprod-fbs.agcdn.colorado.edu fbs
ucbprod-fcq.agcdn.colorado.edu fcq
ucbprod-financialaid.agcdn.colorado.edu financialaid
ucbprod-firelifesafety.agcdn.colorado.edu firelifesafety
ucbprod-firesurvey.agcdn.colorado.edu firesurvey
ucbprod-fis.agcdn.colorado.edu fis
ucbprod-fiske.agcdn.colorado.edu fiske
ucbprod-flatironsforum.agcdn.colorado.edu flatironsforum
ucbprod-fm.agcdn.colorado.edu fm
ucbprod-fmenergy.agcdn.colorado.edu fmenergy
ucbprod-fmgreen.agcdn.colorado.edu fmgreen
ucbprod-frenchitalian.agcdn.colorado.edu frenchitalian
ucbprod-fsap.agcdn.colorado.edu fsap
ucbprod-gaann-infrastructure.agcdn.colorado.edu gaann-infrastructure
ucbprod-genders.agcdn.colorado.edu genders
ucbprod-gendersarchive1998-2013.agcdn.colorado.edu gendersarchive1998-2013
ucbprod-geologicalsciences.agcdn.colorado.edu geologicalsciences
ucbprod-geophysics.agcdn.colorado.edu geophysics
ucbprod-gis-cad.agcdn.colorado.edu gis-cad
ucbprod-global.agcdn.colorado.edu global
ucbprod-globalbrigades.agcdn.colorado.edu globalbrigades
ucbprod-gpsg.agcdn.colorado.edu gpsg
ucbprod-graduateschool.agcdn.colorado.edu graduateschool
ucbprod-grandchallenge.agcdn.colorado.edu grandchallenge
ucbprod-greeks.agcdn.colorado.edu greeks
ucbprod-group-cu-cmg.agcdn.colorado.edu group/cu-cmg
ucbprod-guardianscholars.agcdn.colorado.edu guardianscholars
ucbprod-guitarfestival.agcdn.colorado.edu guitarfestival
ucbprod-health.agcdn.colorado.edu health
ucbprod-healthcenter.agcdn.colorado.edu healthcenter
ucbprod-herbst.agcdn.colorado.edu herbst
ucbprod-history.agcdn.colorado.edu history
ucbprod-homecoming.agcdn.colorado.edu homecoming
ucbprod-hometowns.agcdn.colorado.edu hometowns
ucbprod-honors.agcdn.colorado.edu honors
ucbprod-hprap.agcdn.colorado.edu hprap
ucbprod-hsc2017.agcdn.colorado.edu hsc2017
ucbprod-humanities.agcdn.colorado.edu humanities
ucbprod-i-camp.agcdn.colorado.edu i-camp
ucbprod-ibg.agcdn.colorado.edu ibg
ucbprod-ics.agcdn.colorado.edu ics
ucbprod-ideaforge.agcdn.colorado.edu ideaforge
ucbprod-imagingservices.agcdn.colorado.edu imagingservices
ucbprod-industry.agcdn.colorado.edu industry
ucbprod-information-technology.agcdn.colorado.edu information-technology
ucbprod-infoscience.agcdn.colorado.edu infoscience
ucbprod-initiative-applied-history.agcdn.colorado.edu initiative/applied-history
ucbprod-initiative-cdi.agcdn.colorado.edu initiative/cdi
ucbprod-initiative-crics.agcdn.colorado.edu initiative/crics
ucbprod-initiative-cu-boulder-rural-network.agcdn.colorado.edu initiative/cu-boulder-rural-network
ucbprod-initiative-newscorps.agcdn.colorado.edu initiative/newscorps
ucbprod-initiative-pac12ccu.agcdn.colorado.edu initiative/pac12ccu
ucbprod-initiative-space-and-sustainability.agcdn.colorado.edu initiative/space-and-sustainability
ucbprod-initiatives-impact.agcdn.colorado.edu initiatives/impact
ucbprod-innovate.agcdn.colorado.edu innovate
ucbprod-innovationsinjewishlifecollections.agcdn.colorado.edu innovationsinjewishlifecollections
ucbprod-research-instaar.agcdn.colorado.edu instaar
ucbprod-international.agcdn.colorado.edu international
ucbprod-involvement.agcdn.colorado.edu involvement
ucbprod-invst.agcdn.colorado.edu invst
ucbprod-iphy.agcdn.colorado.edu iphy
ucbprod-iriss.agcdn.colorado.edu iriss
ucbprod-irt-autonomous-systems.agcdn.colorado.edu irt/autonomous-systems
ucbprod-irt-engineering-education-ai.agcdn.colorado.edu irt/engineering-education-ai
ucbprod-irt-hypersonic-vehicles.agcdn.colorado.edu irt/hypersonic-vehicles
ucbprod-irt-imagingscience.agcdn.colorado.edu irt/imagingscience
ucbprod-irt-mfm.agcdn.colorado.edu irt/mfm
ucbprod-irt-precisionbiomaterials.agcdn.colorado.edu irt/precisionbiomaterials
ucbprod-irt-qiss.agcdn.colorado.edu irt/qiss
ucbprod-irt-rise.agcdn.colorado.edu irt/rise
ucbprod-irt-wen.agcdn.colorado.edu irt/wen
ucbprod-isiec.agcdn.colorado.edu isiec
ucbprod-ismrc.agcdn.colorado.edu ismrc
ucbprod-isogeometric.agcdn.colorado.edu isogeometric
ucbprod-isss.agcdn.colorado.edu isss
ucbprod-janegoodall.agcdn.colorado.edu janegoodall
ucbprod-jobs.agcdn.colorado.edu jobs
ucbprod-journal-assembly.agcdn.colorado.edu journal/assembly
ucbprod-jtc.agcdn.colorado.edu jtc
ucbprod-keller.agcdn.colorado.edu keller
ucbprod-klinden.agcdn.colorado.edu klinden
ucbprod-lab-aaron-whiteley.agcdn.colorado.edu lab/aaron-whiteley
ucbprod-lab-ahn.agcdn.colorado.edu lab/ahn
ucbprod-lab-alex-whiteley.agcdn.colorado.edu lab/alex-whiteley
ucbprod-lab-allen.agcdn.colorado.edu lab/allen
ucbprod-lab-amtl.agcdn.colorado.edu lab/amtl
ucbprod-lab-antenna.agcdn.colorado.edu lab/antenna
ucbprod-lab-aprl.agcdn.colorado.edu lab/aprl
ucbprod-lab-arch.agcdn.colorado.edu lab/arch
ucbprod-lab-automation.agcdn.colorado.edu lab/automation
ucbprod-lab-bachtell.agcdn.colorado.edu lab/bachtell
ucbprod-lab-ban.agcdn.colorado.edu lab/ban
ucbprod-lab-barger.agcdn.colorado.edu lab/barger
ucbprod-lab-barthelat.agcdn.colorado.edu lab/barthelat
ucbprod-lab-bateygroup.agcdn.colorado.edu lab/bateygroup
ucbprod-lab-bay.agcdn.colorado.edu lab/bay
ucbprod-lab-betterton.agcdn.colorado.edu lab/betterton
ucbprod-lab-bierbaumgroup.agcdn.colorado.edu lab/bierbaumgroup
ucbprod-lab-biochem-instruments.agcdn.colorado.edu lab/biochem-instruments
ucbprod-lab-biocore.agcdn.colorado.edu lab/biocore
ucbprod-lab-bmmlab.agcdn.colorado.edu lab/bmmlab
ucbprod-lab-bowmangroup.agcdn.colorado.edu lab/bowmangroup
ucbprod-lab-breeze.agcdn.colorado.edu lab/breeze
ucbprod-lab-browngroup.agcdn.colorado.edu lab/browngroup
ucbprod-lab-brumbaugh.agcdn.colorado.edu lab/brumbaugh
ucbprod-lab-burdick.agcdn.colorado.edu lab/burdick
ucbprod-lab-cameron.agcdn.colorado.edu lab/cameron
ucbprod-lab-campeau-lab.agcdn.colorado.edu lab/campeau-lab
ucbprod-lab-cao.agcdn.colorado.edu lab/cao
ucbprod-lab-cech.agcdn.colorado.edu lab/cech
ucbprod-lab-cemnl.agcdn.colorado.edu lab/cemnl
ucbprod-lab-cems.agcdn.colorado.edu lab/cems
ucbprod-lab-ceqm.agcdn.colorado.edu lab/ceqm
ucbprod-lab-chapl.agcdn.colorado.edu lab/chapl
ucbprod-lab-chemistry-safety.agcdn.colorado.edu lab/chemistry-safety
ucbprod-lab-chemtheory.agcdn.colorado.edu lab/chemtheory
ucbprod-lab-chuong.agcdn.colorado.edu lab/chuong
ucbprod-lab-clear.agcdn.colorado.edu lab/clear
ucbprod-lab-clll.agcdn.colorado.edu lab/clll
ucbprod-lab-cook.agcdn.colorado.edu lab/cook
ucbprod-lab-copley.agcdn.colorado.edu lab/copley
ucbprod-lab-correll.agcdn.colorado.edu lab/correll
ucbprod-lab-corwin-reach.agcdn.colorado.edu lab/corwin-reach
ucbprod-lab-cowell-lab.agcdn.colorado.edu lab/cowell-lab
ucbprod-lab-cryoem.agcdn.colorado.edu lab/cryoem
ucbprod-lab-cufemm.agcdn.colorado.edu lab/cufemm
ucbprod-lab-cuhighpressure.agcdn.colorado.edu lab/cuhighpressure
ucbprod-lab-cuk.agcdn.colorado.edu lab/cuk
ucbprod-lab-curran-lab.agcdn.colorado.edu lab/curran-lab
ucbprod-lab-damrauergroup.agcdn.colorado.edu lab/damrauergroup
ucbprod-lab-del.agcdn.colorado.edu lab/del
ucbprod-lab-detweiler-lab.agcdn.colorado.edu lab/detweiler-lab
ucbprod-lab-diddams.agcdn.colorado.edu lab/diddams
ucbprod-lab-ding.agcdn.colorado.edu lab/ding
ucbprod-lab-doak.agcdn.colorado.edu lab/doak
ucbprod-lab-dsrl.agcdn.colorado.edu lab/dsrl
ucbprod-lab-dukovicgroup.agcdn.colorado.edu lab/dukovicgroup
ucbprod-lab-eavesgroup.agcdn.colorado.edu lab/eavesgroup
ucbprod-lab-ecel.agcdn.colorado.edu lab/ecel
ucbprod-lab-ecological-fluids.agcdn.colorado.edu lab/ecological-fluids
ucbprod-lab-edji.agcdn.colorado.edu lab/edji
ucbprod-lab-electrobuffs.agcdn.colorado.edu lab/electrobuffs
ucbprod-lab-environmental-soft-matter.agcdn.colorado.edu lab/environmental-soft-matter
ucbprod-lab-esc.agcdn.colorado.edu lab/esc
ucbprod-lab-evans.agcdn.colorado.edu lab/evans
ucbprod-lab-even.agcdn.colorado.edu lab/even
ucbprod-lab-experimentalaerodynamics.agcdn.colorado.edu lab/experimentalaerodynamics
ucbprod-lab-falke.agcdn.colorado.edu lab/falke
ucbprod-lab-ferguson.agcdn.colorado.edu lab/ferguson
ucbprod-lab-gaf.agcdn.colorado.edu lab/gaf
ucbprod-lab-garcea.agcdn.colorado.edu lab/garcea
ucbprod-lab-georgegroup.agcdn.colorado.edu lab/georgegroup
ucbprod-lab-gingroup.agcdn.colorado.edu lab/gingroup
ucbprod-lab-goodrich-kugel.agcdn.colorado.edu lab/goodrich-kugel
ucbprod-lab-goodwin.agcdn.colorado.edu lab/goodwin
ucbprod-lab-gpo.agcdn.colorado.edu lab/gpo
ucbprod-lab-gyenis.agcdn.colorado.edu lab/gyenis
ucbprod-lab-han.agcdn.colorado.edu lab/han
ucbprod-lab-hannigan.agcdn.colorado.edu lab/hannigan
ucbprod-lab-heard.agcdn.colorado.edu lab/heard
ucbprod-lab-hind.agcdn.colorado.edu lab/hind
ucbprod-lab-holewinski.agcdn.colorado.edu lab/holewinski
ucbprod-lab-hts.agcdn.colorado.edu lab/hts
ucbprod-lab-icesheetclimate.agcdn.colorado.edu lab/icesheetclimate
ucbprod-lab-ideal.agcdn.colorado.edu lab/ideal
ucbprod-lab-imaging-systems.agcdn.colorado.edu lab/imaging-systems
ucbprod-lab-immersivemedia.agcdn.colorado.edu lab/immersivemedia
ucbprod-lab-ipower3es.agcdn.colorado.edu lab/ipower3es
ucbprod-lab-itoys.agcdn.colorado.edu lab/itoys
ucbprod-lab-jayaram.agcdn.colorado.edu lab/jayaram
ucbprod-lab-johnson-laboratory.agcdn.colorado.edu lab/johnson-laboratory
ucbprod-lab-jonasgroup.agcdn.colorado.edu lab/jonasgroup
ucbprod-lab-kaar.agcdn.colorado.edu lab/kaar
ucbprod-lab-kimlab.agcdn.colorado.edu lab/kimlab
ucbprod-lab-klymkowsky.agcdn.colorado.edu lab/klymkowsky
ucbprod-lab-knight.agcdn.colorado.edu lab/knight
ucbprod-lab-kochgroup.agcdn.colorado.edu lab/kochgroup
ucbprod-lab-krauter.agcdn.colorado.edu lab/krauter
ucbprod-lab-krg.agcdn.colorado.edu lab/krg
ucbprod-lab-kuchtagroup.agcdn.colorado.edu lab/kuchtagroup
ucbprod-lab-labbe.agcdn.colorado.edu lab/labbe
ucbprod-lab-lecture-demo-manual.agcdn.colorado.edu lab/lecture-demo-manual
ucbprod-lab-leinwand.agcdn.colorado.edu lab/leinwand
ucbprod-lab-liningerfluvialgeomorphgroup.agcdn.colorado.edu lab/liningerfluvialgeomorphgroup
ucbprod-lab-lisa.agcdn.colorado.edu lab/lisa
ucbprod-lab-liu.agcdn.colorado.edu lab/liu
ucbprod-lab-maier-watkins.agcdn.colorado.edu lab/maier-watkins
ucbprod-lab-mapl.agcdn.colorado.edu lab/mapl
ucbprod-lab-marder-group.agcdn.colorado.edu lab/marder-group
ucbprod-lab-massspec.agcdn.colorado.edu lab/massspec
ucbprod-lab-matsuo.agcdn.colorado.edu lab/matsuo
ucbprod-lab-mcgehee.agcdn.colorado.edu lab/mcgehee
ucbprod-lab-mchenry.agcdn.colorado.edu lab/mchenry
ucbprod-lab-mcrae.agcdn.colorado.edu lab/mcrae
ucbprod-lab-medeiros.agcdn.colorado.edu lab/medeiros
ucbprod-lab-media-archeology-lab.agcdn.colorado.edu lab/media-archeology-lab
ucbprod-lab-medlab.agcdn.colorado.edu lab/medlab
ucbprod-lab-medlin.agcdn.colorado.edu lab/medlin
ucbprod-lab-melbourne.agcdn.colorado.edu lab/melbourne
ucbprod-lab-moisl.agcdn.colorado.edu lab/moisl
ucbprod-lab-motor-speech.agcdn.colorado.edu lab/motor-speech
ucbprod-lab-muri-cognitive-security.agcdn.colorado.edu lab/muri-cognitive-security
ucbprod-lab-musgrave-research-group.agcdn.colorado.edu lab/musgrave-research-group
ucbprod-lab-neulab.agcdn.colorado.edu lab/neulab
ucbprod-lab-neurodegeneration.agcdn.colorado.edu lab/neurodegeneration
ucbprod-lab-ngpdl.agcdn.colorado.edu lab/ngpdl
ucbprod-lab-niel.agcdn.colorado.edu lab/niel
ucbprod-lab-nmr.agcdn.colorado.edu lab/nmr
ucbprod-lab-odorizzi.agcdn.colorado.edu lab/odorizzi
ucbprod-lab-olwin.agcdn.colorado.edu lab/olwin
ucbprod-lab-palmer.agcdn.colorado.edu lab/palmer
ucbprod-lab-pardigroup.agcdn.colorado.edu lab/pardigroup
ucbprod-lab-park.agcdn.colorado.edu lab/park
ucbprod-lab-parkergroup.agcdn.colorado.edu lab/parkergroup
ucbprod-lab-phononics.agcdn.colorado.edu lab/phononics
ucbprod-lab-poyton.agcdn.colorado.edu lab/poyton
ucbprod-lab-raddlab.agcdn.colorado.edu lab/raddlab
ucbprod-lab-raj-rishi.agcdn.colorado.edu lab/raj-rishi
ucbprod-lab-rap.agcdn.colorado.edu lab/rap
ucbprod-lab-resasco.agcdn.colorado.edu lab/resasco
ucbprod-lab-rf-satnav.agcdn.colorado.edu lab/rf-satnav
ucbprod-lab-rieker.agcdn.colorado.edu lab/rieker
ucbprod-lab-rockpoweredlife.agcdn.colorado.edu lab/rockpoweredlife
ucbprod-lab-sammakiagroup.agcdn.colorado.edu lab/sammakiagroup
ucbprod-lab-sbs.agcdn.colorado.edu lab/sbs
ucbprod-lab-schwartzgroup.agcdn.colorado.edu lab/schwartzgroup
ucbprod-lab-sharmagroup.agcdn.colorado.edu lab/sharmagroup
ucbprod-lab-shenlab.agcdn.colorado.edu lab/shenlab
ucbprod-lab-shine.agcdn.colorado.edu lab/shine
ucbprod-lab-shirtsgroup.agcdn.colorado.edu lab/shirtsgroup
ucbprod-lab-skodjegroup.agcdn.colorado.edu lab/skodjegroup
ucbprod-lab-sleepdev.agcdn.colorado.edu lab/sleepdev
ucbprod-lab-social-neuroscience-lab.agcdn.colorado.edu lab/social-neuroscience-lab
ucbprod-lab-social-perception.agcdn.colorado.edu lab/social-perception
ucbprod-lab-social-pni.agcdn.colorado.edu lab/social-pni
ucbprod-lab-sousa.agcdn.colorado.edu lab/sousa
ucbprod-lab-speaking.agcdn.colorado.edu lab/speaking
ucbprod-lab-spencer-endocrinology-lab.agcdn.colorado.edu lab/spencer-endocrinology-lab
ucbprod-lab-spencerlab.agcdn.colorado.edu lab/spencerlab
ucbprod-lab-straub.agcdn.colorado.edu lab/straub
ucbprod-lab-su.agcdn.colorado.edu lab/su
ucbprod-lab-sustainable-infrastructure.agcdn.colorado.edu lab/sustainable-infrastructure
ucbprod-lab-taatjes.agcdn.colorado.edu lab/taatjes
ucbprod-lab-tan.agcdn.colorado.edu lab/tan
ucbprod-lab-taylor.agcdn.colorado.edu lab/taylor
ucbprod-lab-techne.agcdn.colorado.edu lab/techne
ucbprod-lab-thedata.agcdn.colorado.edu lab/thedata
ucbprod-lab-toney-group.agcdn.colorado.edu lab/toney-group
ucbprod-lab-uvrockets.agcdn.colorado.edu lab/uvrockets
ucbprod-lab-vaidagroup.agcdn.colorado.edu lab/vaidagroup
ucbprod-lab-vance.agcdn.colorado.edu lab/vance
ucbprod-lab-vernerey.agcdn.colorado.edu lab/vernerey
ucbprod-lab-wanggroup.agcdn.colorado.edu lab/wanggroup
ucbprod-lab-warg.agcdn.colorado.edu lab/warg
ucbprod-lab-wavelab.agcdn.colorado.edu lab/wavelab
ucbprod-lab-weimer.agcdn.colorado.edu lab/weimer
ucbprod-lab-whiting.agcdn.colorado.edu lab/whiting
ucbprod-lab-wirg.agcdn.colorado.edu lab/wirg
ucbprod-lab-write.agcdn.colorado.edu lab/write
ucbprod-lab-wuttkegroup.agcdn.colorado.edu lab/wuttkegroup
ucbprod-lab-xiao.agcdn.colorado.edu lab/xiao
ucbprod-lab-xue.agcdn.colorado.edu lab/xue
ucbprod-lab-zhanggroup.agcdn.colorado.edu lab/zhanggroup
ucbprod-lalsc.agcdn.colorado.edu lalsc
ucbprod-lead.agcdn.colorado.edu lead
ucbprod-learningdesign.agcdn.colorado.edu learningdesign
ucbprod-lgbtq.agcdn.colorado.edu lgbtq
ucbprod-living.agcdn.colorado.edu living
ucbprod-lmcf.agcdn.colorado.edu lmcf
ucbprod-lsm.agcdn.colorado.edu lsm
ucbprod-macky.agcdn.colorado.edu macky
ucbprod-marshakgroup.agcdn.colorado.edu marshakgroup
ucbprod-masterplan.agcdn.colorado.edu masterplan
ucbprod-math.agcdn.colorado.edu math
ucbprod-mcdb.agcdn.colorado.edu mcdb
ucbprod-mcnair.agcdn.colorado.edu mcnair
ucbprod-mcneill.agcdn.colorado.edu mcneill
ucbprod-menv.agcdn.colorado.edu menv
ucbprod-morris-colloquium.agcdn.colorado.edu morris-colloquium
ucbprod-mri.agcdn.colorado.edu mri
ucbprod-mrs.agcdn.colorado.edu mrs
ucbprod-mse.agcdn.colorado.edu mse
ucbprod-munakata.agcdn.colorado.edu munakata
ucbprod-ness.agcdn.colorado.edu ness
ucbprod-nest.agcdn.colorado.edu nest
ucbprod-neuromechanics.agcdn.colorado.edu neuromechanics
ucbprod-neuroscience.agcdn.colorado.edu neuroscience
ucbprod-news-formedia.agcdn.colorado.edu news/formedia
ucbprod-norwood-stars.agcdn.colorado.edu norwood-stars
ucbprod-nrotc.agcdn.colorado.edu nrotc
ucbprod-nvc.agcdn.colorado.edu nvc
ucbprod-ocg.agcdn.colorado.edu ocg
ucbprod-oclab.agcdn.colorado.edu oclab
ucbprod-offcampus.agcdn.colorado.edu offcampus
ucbprod-ogce.agcdn.colorado.edu ogce
ucbprod-oie.agcdn.colorado.edu oie
ucbprod-oiec.agcdn.colorado.edu oiec
ucbprod-ombuds.agcdn.colorado.edu ombuds
ucbprod-onlinepedagogycafe.agcdn.colorado.edu onlinepedagogycafe
ucbprod-opticsnanobio.agcdn.colorado.edu opticsnanobio
ucbprod-orientation.agcdn.colorado.edu orientation
ucbprod-outreach-bridgebuffs.agcdn.colorado.edu outreach/bridgebuffs
ucbprod-outreach-korey-wise-innocence-project.agcdn.colorado.edu outreach/korey-wise-innocence-project
ucbprod-outreach-mcm-lter.agcdn.colorado.edu outreach/mcm-lter
ucbprod-outreach-paces.agcdn.colorado.edu outreach/paces
ucbprod-outreach-pisec.agcdn.colorado.edu outreach/pisec
ucbprod-outreach-scope.agcdn.colorado.edu outreach/scope
ucbprod-outreach-youthprograms.agcdn.colorado.edu outreach/youthprograms
ucbprod-ova.agcdn.colorado.edu ova
ucbprod-pac.agcdn.colorado.edu pac
ucbprod-pace.agcdn.colorado.edu pace
ucbprod-pacs.agcdn.colorado.edu pacs
ucbprod-pathwaytospace.agcdn.colorado.edu pathwaytospace
ucbprod-pbk.agcdn.colorado.edu pbk
ucbprod-per.agcdn.colorado.edu per
ucbprod-philosophy.agcdn.colorado.edu philosophy
ucbprod-physics-jila-reu.agcdn.colorado.edu physics-jila-reu
ucbprod-plc.agcdn.colorado.edu plc
ucbprod-police.agcdn.colorado.edu police
ucbprod-postdoctoralaffairs.agcdn.colorado.edu postdoctoralaffairs
ucbprod-powerelectronics.agcdn.colorado.edu powerelectronics
ucbprod-precollege.agcdn.colorado.edu precollege
ucbprod-program-asqf.agcdn.colorado.edu program/asqf
ucbprod-program-b2b.agcdn.colorado.edu program/b2b
ucbprod-program-clasp.agcdn.colorado.edu program/clasp
ucbprod-program-cmcipathways.agcdn.colorado.edu program/cmcipathways
ucbprod-program-cuprep.agcdn.colorado.edu program/cuprep
ucbprod-program-data-science.agcdn.colorado.edu program/data-science
ucbprod-program-eef.agcdn.colorado.edu program/eef
ucbprod-program-fingerspelling.agcdn.colorado.edu program/fingerspelling
ucbprod-program-fpw.agcdn.colorado.edu program/fpw
ucbprod-program-gates-mentoring.agcdn.colorado.edu program/gates-mentoring
ucbprod-program-hydrosciences.agcdn.colorado.edu program/hydrosciences
ucbprod-program-ide.agcdn.colorado.edu program/ide
ucbprod-program-inquiryhub.agcdn.colorado.edu program/inquiryhub
ucbprod-program-lsamp-bd.agcdn.colorado.edu program/lsamp-bd
ucbprod-program-mscd.agcdn.colorado.edu program/mscd
ucbprod-program-schoolwide-labs.agcdn.colorado.edu program/schoolwide-labs
ucbprod-program-stempartnershiptoolkit.agcdn.colorado.edu program/stempartnershiptoolkit
ucbprod-program-writingcenter.agcdn.colorado.edu program/writingcenter
ucbprod-programs-chr.agcdn.colorado.edu programs/chr
ucbprod-programs-prehealth-advising.agcdn.colorado.edu programs/prehealth-advising
ucbprod-programs-socialinnovation.agcdn.colorado.edu programs/socialinnovation
ucbprod-project-arapaho.agcdn.colorado.edu project/arapaho
ucbprod-project-arete.agcdn.colorado.edu project/arete
ucbprod-project-arpa-energygo.agcdn.colorado.edu project/arpa-energygo
ucbprod-project-bbb.agcdn.colorado.edu project/bbb
ucbprod-project-cmpshowcase.agcdn.colorado.edu project/cmpshowcase
ucbprod-project-commsimulation.agcdn.colorado.edu project/commsimulation
ucbprod-project-elementaryartslab.agcdn.colorado.edu project/elementaryartslab
ucbprod-project-environmental-futures.agcdn.colorado.edu project/environmental-futures
ucbprod-project-everflowmandarin.agcdn.colorado.edu project/everflowmandarin
ucbprod-project-gutc.agcdn.colorado.edu project/gutc
ucbprod-project-hidden-voices.agcdn.colorado.edu project/hidden-voices
ucbprod-project-human-computer-relationships.agcdn.colorado.edu project/human-computer-relationships
ucbprod-project-imagine-ai.agcdn.colorado.edu project/imagine-ai
ucbprod-project-inside-colorado-law.agcdn.colorado.edu project/inside-colorado-law
ucbprod-project-jewsofcolor.agcdn.colorado.edu project/jewsofcolor
ucbprod-project-lunar-farside.agcdn.colorado.edu project/lunar-farside
ucbprod-project-mathbio.agcdn.colorado.edu project/mathbio
ucbprod-project-maxwellcubesat.agcdn.colorado.edu project/maxwellcubesat
ucbprod-project-pm-network.agcdn.colorado.edu project/pm-network
ucbprod-project-provisionalia.agcdn.colorado.edu project/provisionalia
ucbprod-project-ralphiecubesat.agcdn.colorado.edu project/ralphiecubesat
ucbprod-project-stem-transfer-study.agcdn.colorado.edu project/stem-transfer-study
ucbprod-project-volecrispr.agcdn.colorado.edu project/volecrispr
ucbprod-projects-fairy-tales.agcdn.colorado.edu projects/fairy-tales
ucbprod-property.agcdn.colorado.edu property
ucbprod-psych-neuro.agcdn.colorado.edu psych-neuro
ucbprod-psychology-neuroscience-advising.agcdn.colorado.edu psychology-neuroscience-advising
ucbprod-ptea-curriculum.agcdn.colorado.edu ptea-curriculum
ucbprod-ptea.agcdn.colorado.edu ptea
ucbprod-pts.agcdn.colorado.edu pts
ucbprod-publicachievement.agcdn.colorado.edu publicachievement
ucbprod-publicsafety.agcdn.colorado.edu publicsafety
ucbprod-puksta.agcdn.colorado.edu puksta
ucbprod-pwr.agcdn.colorado.edu pwr
ucbprod-rapflc.agcdn.colorado.edu rapflc
ucbprod-rasei.agcdn.colorado.edu rasei
ucbprod-rc.agcdn.colorado.edu rc
ucbprod-recoverycommunity.agcdn.colorado.edu recoverycommunity
ucbprod-recuv.agcdn.colorado.edu recuv
ucbprod-redfolder.agcdn.colorado.edu redfolder
ucbprod-res.agcdn.colorado.edu res
ucbprod-research-abnexus.agcdn.colorado.edu research/abnexus
ucbprod-research-ai-institute.agcdn.colorado.edu research/ai-institute
ucbprod-research-arctic-rivers.agcdn.colorado.edu research/arctic-rivers
ucbprod-research-buffs-health-alumni-study.agcdn.colorado.edu research/buffs-health-alumni-study
ucbprod-research-cbb.agcdn.colorado.edu research/cbb
ucbprod-research-cure.agcdn.colorado.edu research/cure
ucbprod-lab-chatterjeelab.agcdn.colorado.edu research/geometric-viability-assay
ucbprod-research-hayward-group.agcdn.colorado.edu research/hayward-group
ucbprod-research-induced-seismicity.agcdn.colorado.edu research/induced-seismicity
ucbprod-research-ncrpp.agcdn.colorado.edu research/ncrpp
ucbprod-research-qsense.agcdn.colorado.edu research/qsense
ucbprod-research-quantum-engineering-initiative.agcdn.colorado.edu research/quantum-engineering-initiative
ucbprod-research-rpmgroup.agcdn.colorado.edu research/rpmgroup
ucbprod-research-studiolab.agcdn.colorado.edu research/studiolab
ucbprod-retiredfaculty.agcdn.colorado.edu retiredfaculty
ucbprod-rioverdearchaeology.agcdn.colorado.edu rioverdearchaeology
ucbprod-rlst.agcdn.colorado.edu rlst
ucbprod-rmla.agcdn.colorado.edu rmla
ucbprod-rocky-mountain-research-data-center.agcdn.colorado.edu rocky-mountain-research-data-center
ucbprod-saebaja.agcdn.colorado.edu saebaja
alan-sandbox.agcdn.colorado.edu sandbox/alan
alan-sandbox2-launched.agcdn.colorado.edu sandbox2/alan
ucbprod-sasc.agcdn.colorado.edu sasc
ucbprod-sbo.agcdn.colorado.edu sbo
ucbprod-sccr.agcdn.colorado.edu sccr
ucbprod-scholarships.agcdn.colorado.edu scholarships
ucbprod-scr.agcdn.colorado.edu scr
ucbprod-sei.agcdn.colorado.edu sei
ucbprod-seniors.agcdn.colorado.edu seniors
ucbprod-service-digital-signage.agcdn.colorado.edu service/digital-signage
ucbprod-service-workforce.agcdn.colorado.edu service/workforce
ucbprod-sharedinstrumentation.agcdn.colorado.edu sharedinstrumentation
ucbprod-smithlab.agcdn.colorado.edu smithlab
ucbprod-smokefree.agcdn.colorado.edu smokefree
ucbprod-social-psychology.agcdn.colorado.edu social-psychology
ucbprod-socialreactors.agcdn.colorado.edu socialreactors
ucbprod-sociology.agcdn.colorado.edu sociology
ucbprod-soft-matter-physics.agcdn.colorado.edu soft-matter-physics
ucbprod-solchar.agcdn.colorado.edu solchar
ucbprod-space-optimization.agcdn.colorado.edu space-optimization
ucbprod-spaceminor.agcdn.colorado.edu spaceminor
ucbprod-spanishportuguese.agcdn.colorado.edu spanishportuguese
ucbprod-srs.agcdn.colorado.edu srs
ucbprod-staffcouncil.agcdn.colorado.edu staffcouncil
ucbprod-stempathways.agcdn.colorado.edu stempathways
ucbprod-strategicfacilitiesvisioning.agcdn.colorado.edu strategicfacilitiesvisioning
ucbprod-strategicrelations.agcdn.colorado.edu strategicrelations
ucbprod-studentaffairs.agcdn.colorado.edu studentaffairs
ucbprod-studentemployment.agcdn.colorado.edu studentemployment
ucbprod-studentgroup-dip-undergraduate-journal.agcdn.colorado.edu studentgroup/dip-undergraduate-journal
ucbprod-studentgroup-lais.agcdn.colorado.edu studentgroup/lais
ucbprod-studentgroup-ostem.agcdn.colorado.edu studentgroup/ostem
ucbprod-studentgroup-robotic-mining-team.agcdn.colorado.edu studentgroup/robotic-mining-team
ucbprod-studentgroup-soless.agcdn.colorado.edu studentgroup/soless
ucbprod-studentgroups-aed.agcdn.colorado.edu studentgroups/aed
ucbprod-studentgroups-agc.agcdn.colorado.edu studentgroups/agc
ucbprod-studentgroups-agso.agcdn.colorado.edu studentgroups/agso
ucbprod-studentgroups-aises.agcdn.colorado.edu studentgroups/aises
ucbprod-studentgroups-ambassadors.agcdn.colorado.edu studentgroups/ambassadors
ucbprod-studentgroups-amwa.agcdn.colorado.edu studentgroups/amwa
ucbprod-studentgroups-animeanonymous.agcdn.colorado.edu studentgroups/animeanonymous
ucbprod-studentgroups-armor.agcdn.colorado.edu studentgroups/armor
ucbprod-studentgroups-ashrae.agcdn.colorado.edu studentgroups/ashrae
ucbprod-studentgroups-asme.agcdn.colorado.edu studentgroups/asme
ucbprod-studentgroups-assg.agcdn.colorado.edu studentgroups/assg
ucbprod-studentgroups-biologyclub.agcdn.colorado.edu studentgroups/biologyclub
ucbprod-studentgroups-bmes.agcdn.colorado.edu studentgroups/bmes
ucbprod-studentgroups-boardgameunderground.agcdn.colorado.edu studentgroups/boardgameunderground
ucbprod-studentgroups-buffvex.agcdn.colorado.edu studentgroups/buffvex
ucbprod-studentgroups-cac.agcdn.colorado.edu studentgroups/cac
ucbprod-studentgroups-chemunity.agcdn.colorado.edu studentgroups/chemunity
ucbprod-studentgroups-collegiatescholars.agcdn.colorado.edu studentgroups/collegiatescholars
ucbprod-studentgroups-colorado-engineer.agcdn.colorado.edu studentgroups/colorado-engineer
ucbprod-studentgroups-cu-wic.agcdn.colorado.edu studentgroups/cu-wic
ucbprod-studentgroups-cufec.agcdn.colorado.edu studentgroups/cufec
ucbprod-studentgroups-cumocktrial.agcdn.colorado.edu studentgroups/cumocktrial
ucbprod-studentgroups-dsb.agcdn.colorado.edu studentgroups/dsb
ucbprod-studentgroups-ecs.agcdn.colorado.edu studentgroups/ecs
ucbprod-studentgroups-geographyclub.agcdn.colorado.edu studentgroups/geographyclub
ucbprod-studentgroups-globemed.agcdn.colorado.edu studentgroups/globemed
ucbprod-studentgroups-gsga.agcdn.colorado.edu studentgroups/gsga
ucbprod-studentgroups-hyperloop.agcdn.colorado.edu studentgroups/hyperloop
ucbprod-studentgroups-ieee.agcdn.colorado.edu studentgroups/ieee
ucbprod-studentgroups-ispe.agcdn.colorado.edu studentgroups/ispe
ucbprod-studentgroups-litg.agcdn.colorado.edu studentgroups/litg
ucbprod-studentgroups-mobilemakers.agcdn.colorado.edu studentgroups/mobilemakers
ucbprod-studentgroups-neuroscienceclub.agcdn.colorado.edu studentgroups/neuroscienceclub
ucbprod-studentgroups-nsa.agcdn.colorado.edu studentgroups/nsa
ucbprod-studentgroups-nsbe.agcdn.colorado.edu studentgroups/nsbe
ucbprod-studentgroups-ntso.agcdn.colorado.edu studentgroups/ntso
ucbprod-studentgroups-onstage.agcdn.colorado.edu studentgroups/onstage
ucbprod-studentgroups-performance-as-research.agcdn.colorado.edu studentgroups/performance-as-research
ucbprod-studentgroups-prssa.agcdn.colorado.edu studentgroups/prssa
ucbprod-studentgroups-psichi.agcdn.colorado.edu studentgroups/psichi
ucbprod-studentgroups-psm.agcdn.colorado.edu studentgroups/psm
ucbprod-studentgroups-psychology-club.agcdn.colorado.edu studentgroups/psychology-club
ucbprod-studentgroups-racing-team.agcdn.colorado.edu studentgroups/racing-team
ucbprod-studentgroups-sase.agcdn.colorado.edu studentgroups/sase
ucbprod-studentgroups-seds.agcdn.colorado.edu studentgroups/seds
ucbprod-studentgroups-slowfoodyouth.agcdn.colorado.edu studentgroups/slowfoodyouth
ucbprod-studentgroups-swap.agcdn.colorado.edu studentgroups/swap
ucbprod-studentgroups-tausigma.agcdn.colorado.edu studentgroups/tausigma
ucbprod-studentgroups-thebold.agcdn.colorado.edu studentgroups/thebold
ucbprod-studentgroups-toastmasters.agcdn.colorado.edu studentgroups/toastmasters
ucbprod-studentgroups-umasymexa.agcdn.colorado.edu studentgroups/umasymexa
ucbprod-studentgroups-vrarclub.agcdn.colorado.edu studentgroups/vrarclub
ucbprod-studentgroups-woaa.agcdn.colorado.edu studentgroups/woaa
ucbprod-studentlegal.agcdn.colorado.edu studentlegal
ucbprod-summer.agcdn.colorado.edu summer
ucbprod-support-basicneeds.agcdn.colorado.edu support/basicneeds
ucbprod-support-sscm.agcdn.colorado.edu support/sscm
ucbprod-sustainability.agcdn.colorado.edu sustainability
ucbprod-sustainablepractices.agcdn.colorado.edu sustainablepractices
ucbprod-symposium-cannabis-legalization.agcdn.colorado.edu symposium/cannabis-legalization
ucbprod-symposium-gearrs.agcdn.colorado.edu symposium/gearrs
ucbprod-symposium-launchingspacebiology.agcdn.colorado.edu symposium/launchingspacebiology
ucbprod-symposium-pegmatite.agcdn.colorado.edu symposium/pegmatite
ucbprod-tacenter.agcdn.colorado.edu tacenter
ucbprod-tcm.agcdn.colorado.edu tcm
ucbprod-teaching-quality-framework.agcdn.colorado.edu teaching-quality-framework
ucbprod-techtalks.agcdn.colorado.edu techtalks
nesting-test-1.agcdn.colorado.edu testing
nested-test-3.agcdn.colorado.edu testing/demo/test3
nested-test-4.agcdn.colorado.edu testing/demo/test4
nested-test-2.agcdn.colorado.edu testing/test2
ucbprod-theatredance.agcdn.colorado.edu theatredance
ucbprod-theherd.agcdn.colorado.edu theherd
ucbprod-theprintlab.agcdn.colorado.edu theprintlab
ucbprod-tibethimalayainitiative.agcdn.colorado.edu tibethimalayainitiative
ucbprod-timberjournal.agcdn.colorado.edu timberjournal
ucbprod-topscholarships.agcdn.colorado.edu topscholarships
ucbprod-transfer.agcdn.colorado.edu transfer
ucbprod-tribalstem.agcdn.colorado.edu tribalstem
ucbprod-triosss.agcdn.colorado.edu triosss
ucbprod-ucec.agcdn.colorado.edu ucec
ucbprod-umc.agcdn.colorado.edu umc
ucbprod-undocumentedstudentresources.agcdn.colorado.edu undocumentedstudentresources
ucbprod-venturepartners.agcdn.colorado.edu venturepartners
ucbprod-veterans.agcdn.colorado.edu veterans
ucbprod-wams-firstnations.agcdn.colorado.edu wams-firstnations
ucbprod-washsymposium.agcdn.colorado.edu washsymposium
ucbprod-waterpdsm.agcdn.colorado.edu waterpdsm
ucbprod-winter.agcdn.colorado.edu winter
ucbdev-sandbox-livemigrationtest.agcdn.colorado.edu livemigrationtest
ucbprod-developer-sandbox-ci.agcdn.colorado.edu developer-sandbox
ucbprod-faculty-trantow.agcdn.colorado.edu faculty/trantow
ucbprod-law-library.agcdn.colorado.edu law-library
ucbprod-civic-engagement.agcdn.colorado.edu civic-engagement
ucbprod-compliance.agcdn.colorado.edu compliance
ucbprod-lab-park-lab.agcdn.colorado.edu lab/park-lab
ucbprod-lab-adaptivememory.agcdn.colorado.edu lab/adaptivememory
ucbprod-lab-race.agcdn.colorado.edu lab/race
ucbprod-lab-olm.agcdn.colorado.edu lab/olm
ucbprod-infrastructure-resilience.agcdn.colorado.edu infrastructure-resilience
ucbprod-lab-aems.agcdn.colorado.edu lab/aems
ucbprod-lab-fowllab.agcdn.colorado.edu lab/fowllab
ucbprod-big12.agcdn.colorado.edu big12
ucbprod-studentgroups-lsg.agcdn.colorado.edu studentgroups/lsg
ucbprod-lab-uq-data-driven-modeling.agcdn.colorado.edu lab/uq-data-driven-modeling
ucbprod-research-musas-cif.agcdn.colorado.edu research/musas-cif
ucbprod-faculty-hariri.agcdn.colorado.edu faculty/hariri
ucbprod-lab-michlgroup.agcdn.colorado.edu lab/michlgroup


Unknown: 9

Key Value
colorado-edu-allenvs/discover/education sc=301|=/academics/colleges-schools
colorado-edu-allenvs/p11541ad256e/* t=/center/gwc$wildcard
colorado-edu-allenvs/p1190a190180/* t=/research/machine-learning$wildcard
colorado-edu-allenvs/p133d838a65a/* t=/lab/techne$wildcard
colorado-edu-allenvs/p14b7abf4b9d/* t=/program/schoolwide-labs$wildcard
colorado-edu-allenvs/p14ec4b75cc5/* t=/information-technology/$wildcard"
colorado-edu-allenvs/p1aa5fa5073e/* t=/sportsclub/cubuffshockey$wildcard
colorado-edu-allenvs/p1d3417d1e6f/* t=/faculty/aysegul-aydin$wildcard


