ucb-academicaffairs,academicaffairs
ucb-accreditation,accreditation
ucb-advancement,advancement
ucb-advising,advising
ucb-aerospace,aerospace
ucb-aerospaceventures,aerospaceventures
ucb-afrotc,afrotc
ucb-alc,alc
ucb-ali,ali
ucb-alumni,alumni
ucb-alumniboard,alumniboard
ucb-amath,amath
ucb-amrc,amrc
ucb-ansethgroup,ansethgroup
ucb-anthropology,anthropology
ucb-aps,aps
ucb-aqiq,aqiq
ucb-aquetza,aquetza
ucb-arotc,arotc
ucb-artandarthistory,artandarthistory
ucb-artsandsciences,artsandsciences
ucb-artsandsciencestransfer,artsandsciencestransfer
ucb-artssciences-advising,artssciences-advising
ucb-asfacultystaff,asfacultystaff
ucb-asmagazine,asmagazine
ucb-asmagazine-archive,asmagazine-archive
ucb-assett,assett
ucb-atlas,atlas
ucb-atoc,atoc
ucb-auxiliaryservices,auxiliaryservices
ucb-b2g,b2g
ucb-bahri,bahri
ucb-behavioral-genetics,behavioral-genetics
ucb-behavioral-neuroscience,behavioral-neuroscience
ucb-bfp,bfp
ucb-biden,biden
ucb-bioastronautics,bioastronautics
ucb-biochemistry,biochemistry
ucb-biofrontiers,biofrontiers
ucb-biologyadvising,biologyadvising
ucb-biophysics,biophysics
ucb-bme,bme
ucb-boettcher-daniels-norlin-scholars,boettcher-daniels-norlin-scholars
ucb-brakhagecenter,brakhagecenter
ucb-brand,brand
ucb-bryantgroup,bryantgroup
ucb-bsi,bsi
ucb-buffonecard,buffonecard
ucb-buffportaladvising,buffportaladvising
ucb-bursar,bursar
ucb-bursar-campus-resources,bursar-campus-resources
ucb-cadre,cadre
ucb-cadswes,cadswes
ucb-campusplanning,campusplanning
ucb-career,career
ucb-cartss,cartss
ucb-cas,cas
ucb-casa,casa
ucb-catalyzecu,catalyzecu
ucb-ccar,ccar
ucb-ceae,ceae
ucb-ceb,ceb
ucb-cej,cej
ucb-cem,cem
ucb-center-altec,center/altec
ucb-center-aspire,center/aspire
ucb-center-benson,center/benson
ucb-center-bioserve,center/bioserve
ucb-center-british-irish-studies,center/british-irish-studies
ucb-center-bueno,center/bueno
ucb-center-bueno-esp,center/bueno-esp
ucb-center-c3bc,center/c3bc
ucb-center-cde,center/cde
ucb-center-cdem,center/cdem
ucb-center-ciest,center/ciest
ucb-center-cips,center/cips
ucb-center-contemplativeresource,center/contemplativeresource
ucb-center-criticalthought,center/criticalthought
ucb-center-crmt,center/crmt
ucb-center-cuchange,center/cuchange
ucb-center-demtech,center/demtech
ucb-center-gwc,center/gwc
ucb-center-iec,center/iec
ucb-center-mortenson,center/mortenson
ucb-center-music-entrepreneurship,center/music-entrepreneurship
ucb-center-nsi,center/nsi
ucb-center-oddace,center/oddace
ucb-center-reach,center/reach
ucb-center-spacegrant,center/spacegrant
ucb-center-teaching-learning,center/teaching-learning
ucb-center-west,center/west
ucb-ceprehealth,ceprehealth
ucb-certificate-ej,certificate/ej
ucb-certificate-iqbiology,certificate/iqbiology
ucb-cha,cha
ucb-chancellor,chancellor
ucb-chbe,chbe
ucb-chbecapstonedesign,chbecapstonedesign
ucb-chemistry,chemistry
ucb-childcare,childcare
ucb-chps,chps
ucb-cinemastudies,cinemastudies
ucb-cisc,cisc
ucb-classics,classics
ucb-clery,clery
ucb-clinicalpsychology,clinicalpsychology
ucb-cmci,cmci
ucb-cmcicareers,cmcicareers
ucb-cmcistudentmedia,cmcistudentmedia
ucb-cmrc,cmrc
ucb-cnais,cnais
ucb-cognitive-psychology,cognitive-psychology
ucb-coloradan,coloradan
ucb-commencement,commencement
ucb-commrap,commrap
ucb-communications-data-science,communications-data-science
ucb-compliance,compliance
ucb-composition,composition
ucb-computerengineering,computerengineering
ucb-conference-adhs2024,conference/adhs2024
ucb-conference-cwwmca,conference/cwwmca
ucb-conference-greebs,conference/greebs
ucb-conference-icp2019,conference/icp2019
ucb-conference-naweawindtech2023,conference/naweawindtech2023
ucb-conference-rhythm-since-1900,conference/rhythm-since-1900
ucb-conference-rmc2022,conference/rmc2022
ucb-conference-rmihc,conference/rmihc
ucb-conferenceservices,conferenceservices
ucb-controller,controller
ucb-counseling,counseling
ucb-course-sites-musc-1121,course-sites/musc/1121
ucb-course-sites-musc-1131,course-sites/musc/1131
ucb-course-sites-musc-2121,course-sites/musc/2121
ucb-course-sites-musc-2131,course-sites/musc/2131
ucb-course-sites-musc-fundtutorial,course-sites/musc/fundtutorial
ucb-crdds,crdds
ucb-crm,crm
ucb-crowninstitute,crowninstitute
ucb-cs,cs
ucb-cs-theory,cs-theory
ucb-csl,csl
ucb-cuartmuseum,cuartmuseum
ucb-cubouldersouth,cubouldersouth
ucb-cudialogues,cudialogues
ucb-cuengage,cuengage
ucb-cusg,cusg
ucb-cuteach,cuteach
ucb-cuwizards,cuwizards
ucb-cvsp,cvsp
ucb-cwa,cwa
ucb-d4c,d4c
ucb-dalailama,dalailama
ucb-dcvf,dcvf
ucb-dei,dei
ucb-designforamerica,designforamerica
ucb-dev-outreach-scope,outreach/scope
ucb-dev-program-ide,program/ide
ucb-dev-studentgroups-ieee,studentgroups/ieee
ucb-digital-accessibility,digital-accessibility
ucb-disabilityservices,disabilityservices
ucb-dontignoreit,dontignoreit
ucb-dynamicscontrols,dynamicscontrols
ucb-ebio,ebio
ucb-ecee,ecee
ucb-ecenter,ecenter
ucb-economics,economics
ucb-education,education
ucb-education-research-hub,education-research-hub
ucb-eeglab,eeglab
ucb-eer,eer
ucb-ehs,ehs
ucb-emag-research,emag-research
ucb-emergencymanagement,emergencymanagement
ucb-emp,emp
ucb-engineering,engineering
ucb-engineering-advising,engineering-advising
ucb-engineering-facultystaff,engineering-facultystaff
ucb-english,english
ucb-english-language-notes,english-language-notes
ucb-enrollment-management,enrollment-management
ucb-envd,envd
ucb-envs,envs
ucb-era,era
ucb-ethnicstudies,ethnicstudies
ucb-even,even
ucb-event-bookfest,event/bookfest
ucb-event-buffalobicycleclassic,event/buffalobicycleclassic
ucb-event-eiabridgebuilder,event/eiabridgebuilder
ucb-event-ifest,event/ifest
ucb-event-tedxcu,event/tedxcu
ucb-eventsplanning,eventsplanning
ucb-ewb,ewb
ucb-exploratorystudies,exploratorystudies
ucb-facilities-cmci-equipment,facilities/cmci-equipment
ucb-facilities-standards,facilities-standards
ucb-facility-biochemistry-cell-culture,facility/biochemistry-cell-culture
ucb-facility-biokem,facility/biokem
ucb-facility-biomolecular-x-ray-crystallography,facility/biomolecular-x-ray-crystallography
ucb-facility-cosinc,facility/cosinc
ucb-facility-ems,facility/ems
ucb-facility-jscbb,facility/jscbb
ucb-faculty-alleman,faculty/alleman
ucb-faculty-alwakeel,faculty/alwakeel
ucb-faculty-anderson,faculty/anderson
ucb-faculty-anderson-ken,faculty/anderson-ken
ucb-faculty-ashraf-asa,faculty/ashraf-asa
ucb-faculty-avila-sara,faculty/avila-sara
ucb-faculty-beer,faculty/beer
ucb-faculty-bhuvana-narasimhan,faculty/bhuvana-narasimhan
ucb-faculty-bogatin,faculty/bogatin
ucb-faculty-bolhari,faculty/bolhari
ucb-faculty-bosanac,faculty/bosanac
ucb-faculty-bottenus,faculty/bottenus
ucb-faculty-boyd,faculty/boyd
ucb-faculty-burns,faculty/burns
ucb-faculty-cadena,faculty/cadena
ucb-faculty-celoza,faculty/celoza
ucb-faculty-chen-yongmin,faculty/chen-yongmin
ucb-faculty-clark-torin,faculty/clark-torin
ucb-faculty-corradini,faculty/corradini
ucb-faculty-cowell-andrew,faculty/cowell-andrew
ucb-faculty-do,faculty/do
ucb-faculty-ferris,faculty/ferris
ucb-faculty-frajzyngier,faculty/frajzyngier
ucb-faculty-gupta,faculty/gupta
ucb-faculty-henze,faculty/henze
ucb-faculty-hernandez,faculty/hernandez
ucb-faculty-hodge,faculty/hodge
ucb-faculty-hubler,faculty/hubler
ucb-faculty-hulden-vilja,faculty/hulden-vilja
ucb-faculty-jessup,faculty/jessup
ucb-faculty-juliet-gopinath,faculty/juliet-gopinath
ucb-faculty-kaffine,faculty/kaffine
ucb-faculty-karengebhardt,faculty/karengebhardt
ucb-faculty-kimbrough-keller,faculty/kimbrough-keller
ucb-faculty-kmaskus,faculty/kmaskus
ucb-faculty-korak,faculty/korak
ucb-faculty-krarti,faculty/krarti
ucb-faculty-laguna,faculty/laguna
ucb-faculty-lehmantamara,faculty/lehmantamara
ucb-faculty-liu-liu,faculty/liu-liu
ucb-faculty-mcclure,faculty/mcclure
ucb-faculty-mcgilvray-dennis,faculty/mcgilvray-dennis
ucb-faculty-mcleod,faculty/mcleod
ucb-faculty-mcmahon,faculty/mcmahon
ucb-faculty-nakassis,faculty/nakassis
ucb-faculty-palmer-martha,faculty/palmer-martha
ucb-faculty-pao,faculty/pao
ucb-faculty-pellegrino,faculty/pellegrino
ucb-faculty-piketmay-melinda,faculty/piketmay-melinda
ucb-faculty-popovic-zoya,faculty/popovic-zoya
ucb-faculty-preston,faculty/preston
ucb-faculty-richter-matthias,faculty/richter-matthias
ucb-faculty-samueloberdick,faculty/samueloberdick
ucb-faculty-shaheen,faculty/shaheen
ucb-faculty-sheldon-masters,faculty/sheldon-masters
ucb-faculty-shi-yuan,faculty/shi-yuan
ucb-faculty-shields,faculty/shields
ucb-faculty-shriver-scott,faculty/scott-shriver
ucb-faculty-song,faculty/song
ucb-faculty-summers,faculty/summers
ucb-faculty-whitehead,faculty/whitehead
ucb-faculty-zax,faculty/zax
ucb-faculty-zea-luis,faculty/zea-luis
ucb-faculty-zunger-matter-by-design,faculty/zunger-matter-by-design
ucb-facultydevelopmentandsupport,fds
ucb-fbs,fbs
ucb-fcq,fcq
ucb-financialaid,financialaid
ucb-firelifesafety,firelifesafety
ucb-fis,fis
ucb-fm,fm
ucb-fmenergy,fmenergy
ucb-fmgreen,fmgreen
ucb-frenchitalian,frenchitalian
ucb-fsap,fsap
ucb-gaann-infrastructure,gaann-infrastructure
ucb-geography,geography
ucb-geologicalsciences,geologicalsciences
ucb-geophysics,geophysics
ucb-gis-cad,gis-cad
ucb-global,global
ucb-globalclimatesummit,globalclimatesummit
ucb-gpsg,gpsg
ucb-grandchallenge,grandchallenge
ucb-greeks,greeks
ucb-gsll,gsll
ucb-health,health
ucb-healthcenter,healthcenter
ucb-herbst,herbst
ucb-history,history
ucb-homecoming,homecoming
ucb-hometowns,hometowns
ucb-honorsjournal,honorsjournal
ucb-hprap,hprap
ucb-hr,hr
ucb-humanities,humanities
ucb-i-camp,i-camp
ucb-iafs,iafs
ucb-ibg,ibg
ucb-ics,ics
ucb-ictintegrity,ictintegrity
ucb-ideaforge,ideaforge
ucb-imagingservices,imagingservices
ucb-industry,industry
ucb-information-technology,information-technology
ucb-infoscience,infoscience
ucb-infrastructure-sustainability,infrastructure-sustainability
ucb-initiative-applied-history,initiative/applied-history
ucb-initiative-cdi,initiative/cdi
ucb-initiative-cu-boulder-rural-network,initiative/cu-boulder-rural-network
ucb-initiative-cubit,initiative/cubit
ucb-initiative-newscorps,initiative/newscorps
ucb-initiative-space-and-sustainability,initiative/space-and-sustainability
ucb-innovate,innovate
ucb-international,international
ucb-involvement,involvement
ucb-invst,invst
ucb-iphy,iphy
ucb-irt-engineering-education-ai,irt/engineering-education-ai
ucb-irt-hypersonic-vehicles,irt/hypersonic-vehicles
ucb-irt-mfm,irt/mfm
ucb-isiec,isiec
ucb-ismrc,ismrc
ucb-isss,isss
ucb-janegoodall,janegoodall
ucb-jewishstudies,jewishstudies
ucb-jobs,jobs
ucb-journal-assembly,journal/assembly
ucb-jtc,jtc
ucb-keller,keller
ucb-klinden,klinden
ucb-lab-aaron-whiteley,lab/aaron-whiteley
ucb-lab-ahn,lab/ahn
ucb-lab-alex-whiteley,lab/alex-whiteley
ucb-lab-allen,lab/allen
ucb-lab-amtl,lab/amtl
ucb-lab-antenna,lab/antenna
ucb-lab-arch,lab/arch
ucb-lab-bachtell,lab/bachtell
ucb-lab-barthelat,lab/barthelat
ucb-lab-bay,lab/bay
ucb-lab-betterton,lab/betterton
ucb-lab-bierbaumgroup,lab/bierbaumgroup
ucb-lab-biocore,lab/biocore
ucb-lab-bowmangroup,lab/bowmangroup
ucb-lab-breeze,lab/breeze
ucb-lab-brumbaugh,lab/brumbaugh
ucb-lab-burdick,lab/burdick
ucb-lab-cameron,lab/cameron
ucb-lab-campeau-lab,lab/campeau-lab
ucb-lab-cech,lab/cech
ucb-lab-cemnl,lab/cemnl
ucb-lab-cems,lab/cems
ucb-lab-chatterjeelab,research/geometric-viability-assay
ucb-lab-chemistry-safety,lab/chemistry-safety
ucb-lab-clear,lab/clear
ucb-lab-cook,lab/cook
ucb-lab-copley,lab/copley
ucb-lab-correll,lab/correll
ucb-lab-cowell-lab,lab/cowell-lab
ucb-lab-cufemm,lab/cufemm
ucb-lab-curran-lab,lab/curran-lab
ucb-lab-davies,lab/davies
ucb-lab-detweiler-lab,lab/detweiler-lab
ucb-lab-diddams,lab/diddams
ucb-lab-ding,lab/ding
ucb-lab-doak,lab/doak
ucb-lab-dukovicgroup,lab/dukovicgroup
ucb-lab-eavesgroup,lab/eavesgroup
ucb-lab-ecological-fluids,lab/ecological-fluids
ucb-lab-edji,lab/edji
ucb-lab-esc,lab/esc
ucb-lab-even,lab/even
ucb-lab-experimentalaerodynamics,lab/experimentalaerodynamics
ucb-lab-falke,lab/falke
ucb-lab-garcea,lab/garcea
ucb-lab-georgegroup,lab/georgegroup
ucb-lab-gingroup,lab/gingroup
ucb-lab-goodrich-kugel,lab/goodrich-kugel
ucb-lab-goodwin,lab/goodwin
ucb-lab-gpo,lab/gpo
ucb-lab-gyenis,lab/gyenis
ucb-lab-han,lab/han
ucb-lab-heard,lab/heard
ucb-lab-hind,lab/hind
ucb-lab-ideal,lab/ideal
ucb-lab-immersivemedia,lab/immersivemedia
ucb-lab-itoys,lab/itoys
ucb-lab-jayaram,lab/jayaram
ucb-lab-johnson-laboratory,lab/johnson-laboratory
ucb-lab-krg,lab/krg
ucb-lab-leinwand,lab/leinwand
ucb-lab-liningerfluvialgeomorphgroup,lab/liningerfluvialgeomorphgroup
ucb-lab-lisa,lab/lisa
ucb-lab-maier-watkins,lab/maier-watkins
ucb-lab-mapl,lab/mapl
ucb-lab-marder-group,lab/marder-group
ucb-lab-massspec,lab/massspec
ucb-lab-matsuo,lab/matsuo
ucb-lab-mcgehee,lab/mcgehee
ucb-lab-mchenry,lab/mchenry
ucb-lab-mcrae,lab/mcrae
ucb-lab-media-archeology-lab,lab/media-archeology-lab
ucb-lab-medlab,lab/medlab
ucb-lab-medlin,lab/medlin
ucb-lab-melbourne,lab/melbourne
ucb-lab-motor-speech,lab/motor-speech
ucb-lab-neulab,lab/neulab
ucb-lab-neurodegeneration,lab/neurodegeneration
ucb-lab-nmr,lab/nmr
ucb-lab-odorizzi,lab/odorizzi
ucb-lab-palmer,lab/palmer
ucb-lab-park,lab/park
ucb-lab-park-lab,lab/park-lab
ucb-lab-parkergroup,lab/parkergroup
ucb-lab-poyton,lab/poyton
ucb-lab-raddlab,lab/raddlab
ucb-lab-resasco,lab/resasco
ucb-lab-rf-satnav,lab/rf-satnav
ucb-lab-rieker,lab/rieker
ucb-lab-shenlab,lab/shenlab
ucb-lab-shirtsgroup,lab/shirtsgroup
ucb-lab-social-neuroscience-lab,lab/social-neuroscience-lab
ucb-lab-social-perception,lab/social-perception
ucb-lab-social-pni,lab/social-pni
ucb-lab-speaking,lab/speaking
ucb-lab-spencer-endocrinology-lab,lab/spencer-endocrinology-lab
ucb-lab-spencerlab,lab/spencerlab
ucb-lab-straub,lab/straub
ucb-lab-su,lab/su
ucb-lab-taatjes,lab/taatjes
ucb-lab-taylor,lab/taylor
ucb-lab-toney-group,lab/toney-group
ucb-lab-uvrockets,lab/uvrockets
ucb-lab-vance,lab/vance
ucb-lab-warg,lab/warg
ucb-lab-weimer,lab/weimer
ucb-lab-whiting,lab/whiting
ucb-lab-wirg,lab/wirg
ucb-lab-write,lab/write
ucb-lab-wuttkegroup,lab/wuttkegroup
ucb-lab-xiao,lab/xiao
ucb-lab-xue,lab/xue
ucb-lab-zhanggroup,lab/zhanggroup
ucb-lalsc,lalsc
ucb-law,law
ucb-lead,lead
ucb-leap,leap
ucb-learningdesign,learningdesign
ucb-lgbtq,lgbtq
ucb-libraries,libraries
ucb-lightingprogram,lightingprogram
ucb-linguistics,linguistics
ucb-living,living
ucb-lmcf,lmcf
ucb-lsm,lsm
ucb-macky,macky
ucb-masp,masp
ucb-masterplan,masterplan
ucb-math,math
ucb-mcdb,mcdb
ucb-mcnair,mcnair
ucb-mcneill,mcneill
ucb-mechanical,mechanical
ucb-menv,menv
ucb-mri,mri
ucb-mrs,mrs
ucb-mse,mse
ucb-music,music
ucb-ness,ness
ucb-nest,nest
ucb-neuromechanics,neuromechanics
ucb-neuroscience,neuroscience
ucb-news-formedia,news/formedia
ucb-nvc,nvc
ucb-ocg,ocg
ucb-oclab,oclab
ucb-oda,oda
ucb-offcampus,offcampus
ucb-oie,oie
ucb-oiec,oiec
ucb-ombuds,ombuds
ucb-opticsnanobio,opticsnanobio
ucb-orientation,orientation
ucb-oue,oue
ucb-outreach-korey-wise-innocence-project,outreach/korey-wise-innocence-project
ucb-outreach-mcm-lter,outreach/mcm-lter
ucb-outreach-paces,outreach/paces
ucb-outreach-pisec,outreach/pisec
ucb-outreach-scope,outreach/scope
ucb-outreach-youthprograms,outreach/youthprograms
ucb-ova,ova
ucb-pace,pace
ucb-pacs,pacs
ucb-parentgiving,parentgiving
ucb-pathwaytospace,pathwaytospace
ucb-per,per
ucb-philosophy,philosophy
ucb-physics,physics
ucb-plc,plc
ucb-police,police
ucb-policies,policies
ucb-polisci2,polisci
ucb-post-holocaustamericanjudaismcollections,innovationsinjewishlifecollections
ucb-postdoctoralaffairs,postdoctoralaffairs
ucb-powerelectronics,powerelectronics
ucb-precollege,precollege
ucb-program-agesgeochronology,program/agesgeochronology
ucb-program-asqf,program/asqf
ucb-program-b2b,program/b2b
ucb-program-clasp,program/clasp
ucb-program-cmcipathways,program/cmcipathways
ucb-program-cuprep,program/cuprep
ucb-program-data-science,program/data-science
ucb-program-eef,program/eef
ucb-program-fingerspelling,program/fingerspelling
ucb-program-hydrosciences,program/hydrosciences
ucb-program-ide,program/ide
ucb-program-inquiryhub,program/inquiryhub
ucb-program-learningassistant,program/learningassistant
ucb-program-lsamp-bd,program/lsamp-bd
ucb-program-qsrx,program/qsrx
ucb-program-robotics,program/robotics
ucb-program-schoolwide-labs,program/schoolwide-labs
ucb-program-stempartnershiptoolkit,program/stempartnershiptoolkit
ucb-program-writingcenter,program/writingcenter
ucb-programcouncil,programcouncil
ucb-programs-chr,programs/chr
ucb-programs-prehealth-advising,programs/prehealth-advising
ucb-programs-socialinnovation,programs/socialinnovation
ucb-project-bbb,project/bbb
ucb-project-cmpshowcase,project/cmpshowcase
ucb-project-everflowmandarin,project/everflowmandarin
ucb-project-gutc,project/gutc
ucb-project-hidden-voices,project/hidden-voices
ucb-project-human-computer-relationships,project/human-computer-relationships
ucb-project-imagine-ai,project/imagine-ai
ucb-project-inside-colorado-law,project/inside-colorado-law
ucb-project-jewsofcolor,project/jewsofcolor
ucb-project-lunar-farside,project/lunar-farside
ucb-project-maxwellcubesat,project/maxwellcubesat
ucb-project-pm-network,project/pm-network
ucb-project-provisionalia,project/provisionalia
ucb-project-ralphiecubesat,project/ralphiecubesat
ucb-project-stem-transfer-study,project/stem-transfer-study
ucb-project-volecrispr,project/volecrispr
ucb-projects-fairy-tales,projects/fairy-tales
ucb-property,property
ucb-psych-neuro,psych-neuro
ucb-psychology-neuroscience-advising,psychology-neuroscience-advising
ucb-ptea,ptea
ucb-ptea-curriculum,ptea-curriculum
ucb-pts,pts
ucb-publicachievement,publicachievement
ucb-publicsafety,publicsafety
ucb-puksta,puksta
ucb-pwr,pwr
ucb-rapflc,rapflc
ucb-rasei,rasei
ucb-rc,rc
ucb-recoverycommunity,recoverycommunity
ucb-recreation,recreation
ucb-redfolder,redfolder
ucb-registrar2,registrar
ucb-res,res
ucb-research-abnexus,research/abnexus
ucb-research-ai-institute,research/ai-institute
ucb-research-arctic-rivers,research/arctic-rivers
ucb-research-buffs-health-alumni-study,research/buffs-health-alumni-study
ucb-research-cbb,research/cbb
ucb-research-cure,research/cure
ucb-research-hayward-group,research/hayward-group
ucb-research-instaar,instaar
ucb-research-machine-learning,research/machine-learning
ucb-research-qsense,research/qsense
ucb-research-quantum-engineering-initiative,research/quantum-engineering-initiative
ucb-research-rpmgroup,research/rpmgroup
ucb-research-studiolab,research/studiolab
ucb-researchinnovation,researchinnovation
ucb-retiredfaculty,retiredfaculty
ucb-rioverdearchaeology,rioverdearchaeology
ucb-rlst,rlst
ucb-rmla,rmla
ucb-rocky-mountain-research-data-center,rocky-mountain-research-data-center
ucb-saebaja,saebaja
ucb-sasc,sasc
ucb-sbo,sbo
ucb-sccr,sccr
ucb-scholarships,scholarships
ucb-sciencediscovery,sciencediscovery
ucb-scr,scr
ucb-sei,sei
ucb-seniors,seniors
ucb-service-digital-signage,service/digital-signage
ucb-service-workforce,service/workforce
ucb-sharedinstrumentation,sharedinstrumentation
ucb-slhs,slhs
ucb-smithlab,smithlab
ucb-smokefree,smokefree
ucb-social-psychology,social-psychology
ucb-socialreactors,socialreactors
ucb-soft-matter-physics,soft-matter-physics
ucb-space-optimization,space-optimization
ucb-spaceminor,spaceminor
ucb-sportsclub-buffgolddance,sportsclub/buffgolddance
ucb-sportsclub-crew,sportsclub/crew
ucb-sportsclub-cubuffshockey,sportsclub/cubuffshockey
ucb-sportsclub-cycling,sportsclub/cycling
ucb-sportsclub-freeskiing,sportsclub/freeskiing
ucb-sportsclub-kayaking,sportsclub/kayaking
ucb-sportsclub-mensclubsoccer,sportsclub/mensclubsoccer
ucb-sportsclub-mensrugby,sportsclub/mensrugby
ucb-sportsclub-snowboarding,sportsclub/snowboarding
ucb-sportsclub-swimanddive,sportsclub/swimanddive
ucb-sportsclub-tennis,sportsclub/tennis
ucb-sportsclub-womensicehockey,sportsclub/womensicehockey
ucb-sportsclub-womensrugby,sportsclub/womensrugby
ucb-sportsclub-womensvolleyball,sportsclub/womensvolleyball
ucb-srs,srs
ucb-staffcouncil,staffcouncil
ucb-strategicfacilitiesvisioning,strategicfacilitiesvisioning
ucb-strategicrelations,strategicrelations
ucb-studentaffairs,studentaffairs
ucb-studentemployment,studentemployment
ucb-studentgroup-lais,studentgroup/lais
ucb-studentgroup-ostem,studentgroup/ostem
ucb-studentgroups-agso,studentgroups/agso
ucb-studentgroups-aises,studentgroups/aises
ucb-studentgroups-ambassadors,studentgroups/ambassadors
ucb-studentgroups-animeanonymous,studentgroups/animeanonymous
ucb-studentgroups-assg,studentgroups/assg
ucb-studentgroups-bmes,studentgroups/bmes
ucb-studentgroups-cobra,studentgroups/cobra
ucb-studentgroups-colorado-engineer,studentgroups/colorado-engineer
ucb-studentgroups-dsb,studentgroups/dsb
ucb-studentgroups-geographyclub,studentgroups/geographyclub
ucb-studentgroups-gsga,studentgroups/gsga
ucb-studentgroups-hyperloop,studentgroups/hyperloop
ucb-studentgroups-ieee,studentgroups/ieee
ucb-studentgroups-msa,studentgroups/msa
ucb-studentgroups-neuroscienceclub,studentgroups/neuroscienceclub
ucb-studentgroups-psichi,studentgroups/psichi
ucb-studentgroups-psychology-club,studentgroups/psychology-club
ucb-studentgroups-racing-team,studentgroups/racing-team
ucb-studentgroups-sase,studentgroups/sase
ucb-studentgroups-seds,studentgroups/seds
ucb-studentgroups-stemroutes,studentgroups/stemroutes
ucb-studentgroups-swap,studentgroups/swap
ucb-studentgroups-tausigma,studentgroups/tausigma
ucb-studentgroups-woaa,studentgroups/woaa
ucb-studentlegal,studentlegal
ucb-summer,summer
ucb-support-basicneeds,support/basicneeds
ucb-support-sscm,support/sscm
ucb-sustainability,sustainability
ucb-symposium-cannabis-legalization,symposium/cannabis-legalization
ucb-symposium-launchingspacebiology,symposium/launchingspacebiology
ucb-symposium-mcdb-50th,symposium/mcdb-50th
ucb-tacenter,tacenter
ucb-teaching-quality-framework,teaching-quality-framework
ucb-theatredance,theatredance
ucb-theherd,theherd
ucb-theprintlab,theprintlab
ucb-today,today
ucb-topscholarships,topscholarships
ucb-transfer,transfer
ucb-tribalstem,tribalstem
ucb-ucec,ucec
ucb-umc,umc
ucb-undocumentedstudentresources,undocumentedstudentresources
ucb-unified-experience,unified-experience
ucb-venturepartners,venturepartners
ucb-veterans,veterans
ucb-volunteer,volunteer
ucb-washsymposium,washsymposium
ucb-wgst,wgst
ucb-winter,winter
ucb-spanishportuguese,spanishportuguese
ucb-lab-ngpdl,lab/ngpdl
ucb-project-environmental-futures,project/environmental-futures
