ucbprod-aais.agcdn.colorado.edu, aais, https://www.colorado.edu/aais
ucbprod-academicaffairs.agcdn.colorado.edu, academicaffairs, https://www.colorado.edu/academicaffairs
ucbprod-academicfutures.agcdn.colorado.edu, academicfutures, https://www.colorado.edu/academicfutures
ucbprod-accreditation.agcdn.colorado.edu, accreditation, https://www.colorado.edu/accreditation
ucbprod-advancement.agcdn.colorado.edu, advancement, https://www.colorado.edu/advancement
ucbprod-aerospace.agcdn.colorado.edu, aerospace, https://www.colorado.edu/aerospace
ucbprod-aerospaceventures.agcdn.colorado.edu, aerospaceventures, https://www.colorado.edu/aerospaceventures
ucbprod-afrotc.agcdn.colorado.edu, afrotc, https://www.colorado.edu/afrotc
ucbprod-alc.agcdn.colorado.edu, alc, https://www.colorado.edu/alc
ucbprod-ali.agcdn.colorado.edu, ali, https://www.colorado.edu/ali
ucbprod-alumniboard.agcdn.colorado.edu, alumniboard, https://www.colorado.edu/alumniboard
ucbprod-ansethgroup.agcdn.colorado.edu, ansethgroup, https://www.colorado.edu/ansethgroup
ucbprod-anthropology.agcdn.colorado.edu, anthropology, https://www.colorado.edu/anthropology
ucbprod-aod.agcdn.colorado.edu, aod, https://www.colorado.edu/aod
ucbprod-aps.agcdn.colorado.edu, aps, https://www.colorado.edu/aps
ucbprod-aqiq.agcdn.colorado.edu, aqiq, https://www.colorado.edu/aqiq
ucbprod-aquetza.agcdn.colorado.edu, aquetza, https://www.colorado.edu/aquetza
ucbprod-archivetransformed.agcdn.colorado.edu, archivetransformed, https://www.colorado.edu/archivetransformed
ucbprod-arotc.agcdn.colorado.edu, arotc, https://www.colorado.edu/arotc
ucbprod-artandarthistory.agcdn.colorado.edu, artandarthistory, https://www.colorado.edu/artandarthistory
ucbprod-artsandsciences.agcdn.colorado.edu, artsandsciences, https://www.colorado.edu/artsandsciences
ucbprod-artsandsciencestransfer.agcdn.colorado.edu, artsandsciencestransfer, https://www.colorado.edu/artsandsciencestransfer
ucbprod-artssciences-advising.agcdn.colorado.edu, artssciences-advising, https://www.colorado.edu/artssciences-advising
ucbprod-asfacultystaff.agcdn.colorado.edu, asfacultystaff, https://www.colorado.edu/asfacultystaff
ucbprod-asmagazine-archive.agcdn.colorado.edu, asmagazine-archive, https://www.colorado.edu/asmagazine-archive
ucbprod-asmagazine.agcdn.colorado.edu, asmagazine, https://www.colorado.edu/asmagazine
ucbprod-assett.agcdn.colorado.edu, assett, https://www.colorado.edu/assett
ucbprod-atoc.agcdn.colorado.edu, atoc, https://www.colorado.edu/atoc
ucbprod-auxiliaryservices.agcdn.colorado.edu, auxiliaryservices, https://www.colorado.edu/auxiliaryservices
ucbprod-b2g.agcdn.colorado.edu, b2g, https://www.colorado.edu/b2g
ucbprod-bahri.agcdn.colorado.edu, bahri, https://www.colorado.edu/bahri
ucbprod-behavioral-genetics.agcdn.colorado.edu, behavioral-genetics, https://www.colorado.edu/behavioral-genetics
ucbprod-bfa.agcdn.colorado.edu, bfa, https://www.colorado.edu/bfa
ucbprod-bfp.agcdn.colorado.edu, bfp, https://www.colorado.edu/bfp
ucbprod-biden.agcdn.colorado.edu, biden, https://www.colorado.edu/biden
ucbprod-bioastronautics.agcdn.colorado.edu, bioastronautics, https://www.colorado.edu/bioastronautics
ucbprod-biofrontiers.agcdn.colorado.edu, biofrontiers, https://www.colorado.edu/biofrontiers
ucbprod-biologyadvising.agcdn.colorado.edu, biologyadvising, https://www.colorado.edu/biologyadvising
ucbprod-biophysics.agcdn.colorado.edu, biophysics, https://www.colorado.edu/biophysics
ucbprod-blackstudentalliance.agcdn.colorado.edu, blackstudentalliance, https://www.colorado.edu/blackstudentalliance
ucbprod-bme.agcdn.colorado.edu, bme, https://www.colorado.edu/bme
ucbprod-boettcher-daniels-norlin-scholars.agcdn.colorado.edu, boettcher-daniels-norlin-scholars, https://www.colorado.edu/boettcher-daniels-norlin-scholars
ucbprod-bouldersoundshop.agcdn.colorado.edu, bouldersoundshop, https://www.colorado.edu/bouldersoundshop
ucbprod-bowmanlab.agcdn.colorado.edu, bowmanlab, https://www.colorado.edu/bowmanlab
ucbprod-brakhagecenter.agcdn.colorado.edu, brakhagecenter, https://www.colorado.edu/brakhagecenter
ucbprod-brand.agcdn.colorado.edu, brand, https://www.colorado.edu/brand
ucbprod-bryantgroup.agcdn.colorado.edu, bryantgroup, https://www.colorado.edu/bryantgroup
ucbprod-bsi.agcdn.colorado.edu, bsi, https://www.colorado.edu/bsi
ucbprod-buffportaladvising.agcdn.colorado.edu, buffportaladvising, https://www.colorado.edu/buffportaladvising
ucbprod-bursar.agcdn.colorado.edu, bursar, https://www.colorado.edu/bursar
ucbprod-cadre.agcdn.colorado.edu, cadre, https://www.colorado.edu/cadre
ucbprod-cadswes.agcdn.colorado.edu, cadswes, https://www.colorado.edu/cadswes
ucbprod-campusplanning.agcdn.colorado.edu, campusplanning, https://www.colorado.edu/campusplanning
ucbprod-career.agcdn.colorado.edu, career, https://www.colorado.edu/career
ucbprod-cartss.agcdn.colorado.edu, cartss, https://www.colorado.edu/cartss
ucbprod-cas.agcdn.colorado.edu, cas, https://www.colorado.edu/cas
ucbprod-casa.agcdn.colorado.edu, casa, https://www.colorado.edu/casa
ucbprod-catalyzecu.agcdn.colorado.edu, catalyzecu, https://www.colorado.edu/catalyzecu
ucbprod-ccar.agcdn.colorado.edu, ccar, https://www.colorado.edu/ccar
ucbprod-ceae.agcdn.colorado.edu, ceae, https://www.colorado.edu/ceae
ucbprod-ceb.agcdn.colorado.edu, ceb, https://www.colorado.edu/ceb
ucbprod-cedar.agcdn.colorado.edu, cedar, https://www.colorado.edu/cedar
ucbprod-cees.agcdn.colorado.edu, cees, https://www.colorado.edu/cees
ucbprod-cej.agcdn.colorado.edu, cej, https://www.colorado.edu/cej
ucbprod-cem.agcdn.colorado.edu, cem, https://www.colorado.edu/cem
ucbprod-center-aerospacemechanics.agcdn.colorado.edu, center/aerospacemechanics, https://www.colorado.edu/center/aerospacemechanics
ucbprod-center-altec.agcdn.colorado.edu, center/altec, https://www.colorado.edu/center/altec
ucbprod-center-aspire.agcdn.colorado.edu, center/aspire, https://www.colorado.edu/center/aspire
ucbprod-center-benson.agcdn.colorado.edu, center/benson, https://www.colorado.edu/center/benson
ucbprod-center-bioserve.agcdn.colorado.edu, center/bioserve, https://www.colorado.edu/center/bioserve
ucbprod-center-british-irish-studies.agcdn.colorado.edu, center/british-irish-studies, https://www.colorado.edu/center/british-irish-studies
ucbprod-center-bueno-esp.agcdn.colorado.edu, center/bueno-esp, https://www.colorado.edu/center/bueno-esp
ucbprod-center-bueno.agcdn.colorado.edu, center/bueno, https://www.colorado.edu/center/bueno
ucbprod-center-c3bc.agcdn.colorado.edu, center/c3bc, https://www.colorado.edu/center/c3bc
ucbprod-center-caaas.agcdn.colorado.edu, center/caaas, https://www.colorado.edu/center/caaas
ucbprod-center-cde.agcdn.colorado.edu, center/cde, https://www.colorado.edu/center/cde
ucbprod-center-cdem.agcdn.colorado.edu, center/cdem, https://www.colorado.edu/center/cdem
ucbprod-center-ciest.agcdn.colorado.edu, center/ciest, https://www.colorado.edu/center/ciest
ucbprod-center-cips.agcdn.colorado.edu, center/cips, https://www.colorado.edu/center/cips
ucbprod-center-contemplativeresource.agcdn.colorado.edu, center/contemplativeresource, https://www.colorado.edu/center/contemplativeresource
ucbprod-center-criticalthought.agcdn.colorado.edu, center/criticalthought, https://www.colorado.edu/center/criticalthought
ucbprod-center-crmt.agcdn.colorado.edu, center/crmt, https://www.colorado.edu/center/crmt
ucbprod-center-demtech.agcdn.colorado.edu, center/demtech, https://www.colorado.edu/center/demtech
ucbprod-center-iec.agcdn.colorado.edu, center/iec, https://www.colorado.edu/center/iec
ucbprod-center-mortenson.agcdn.colorado.edu, center/mortenson, https://www.colorado.edu/center/mortenson
ucbprod-center-nsi.agcdn.colorado.edu, center/nsi, https://www.colorado.edu/center/nsi
ucbprod-center-oddace.agcdn.colorado.edu, center/oddace, https://www.colorado.edu/center/oddace
ucbprod-center-reach.agcdn.colorado.edu, center/reach, https://www.colorado.edu/center/reach
ucbprod-center-spacegrant.agcdn.colorado.edu, center/spacegrant, https://www.colorado.edu/center/spacegrant
ucbprod-center-stemtech.agcdn.colorado.edu, center/stemtech, https://www.colorado.edu/center/stemtech
ucbprod-center-west.agcdn.colorado.edu, center/west, https://www.colorado.edu/center/west
ucbprod-ceprehealth.agcdn.colorado.edu, ceprehealth, https://www.colorado.edu/ceprehealth
ucbprod-certificate-ej.agcdn.colorado.edu, certificate/ej, https://www.colorado.edu/certificate/ej
ucbprod-cha.agcdn.colorado.edu, cha, https://www.colorado.edu/cha
ucbprod-chancellor.agcdn.colorado.edu, chancellor, https://www.colorado.edu/chancellor
ucbprod-chbe.agcdn.colorado.edu, chbe, https://www.colorado.edu/chbe
ucbprod-chemistry.agcdn.colorado.edu, chemistry, https://www.colorado.edu/chemistry
ucbprod-childcare.agcdn.colorado.edu, childcare, https://www.colorado.edu/childcare
ucbprod-chps.agcdn.colorado.edu, chps, https://www.colorado.edu/chps
ucbprod-cinemastudies.agcdn.colorado.edu, cinemastudies, https://www.colorado.edu/cinemastudies
ucbprod-cisc.agcdn.colorado.edu, cisc, https://www.colorado.edu/cisc
ucbprod-cisw.agcdn.colorado.edu, cisw, https://www.colorado.edu/cisw
ucbprod-clery.agcdn.colorado.edu, clery, https://www.colorado.edu/clery
ucbprod-clinicalpsychology.agcdn.colorado.edu, clinicalpsychology, https://www.colorado.edu/clinicalpsychology
ucbprod-cmcicareers.agcdn.colorado.edu, cmcicareers, https://www.colorado.edu/cmcicareers
ucbprod-cmcistudentmedia.agcdn.colorado.edu, cmcistudentmedia, https://www.colorado.edu/cmcistudentmedia
ucbprod-cmems.agcdn.colorado.edu, cmems, https://www.colorado.edu/cmems
ucbprod-cmrc.agcdn.colorado.edu, cmrc, https://www.colorado.edu/cmrc
ucbprod-cnais.agcdn.colorado.edu, cnais, https://www.colorado.edu/cnais
ucbprod-cognitivedevelopment.agcdn.colorado.edu, cognitivedevelopment, https://www.colorado.edu/cognitivedevelopment
ucbprod-coloradan.agcdn.colorado.edu, coloradan, https://www.colorado.edu/coloradan
ucbprod-commencement.agcdn.colorado.edu, commencement, https://www.colorado.edu/commencement
ucbprod-commrap.agcdn.colorado.edu, commrap, https://www.colorado.edu/commrap
ucbprod-communications-data-science.agcdn.colorado.edu, communications-data-science, https://www.colorado.edu/communications-data-science
ucbprod-composition.agcdn.colorado.edu, composition, https://www.colorado.edu/composition
ucbprod-computerengineering.agcdn.colorado.edu, computerengineering, https://www.colorado.edu/computerengineering
ucbprod-conference-adhs2024.agcdn.colorado.edu, conference/adhs2024, https://www.colorado.edu/conference/adhs2024
ucbprod-conference-cwwmca.agcdn.colorado.edu, conference/cwwmca, https://www.colorado.edu/conference/cwwmca
ucbprod-conference-greebs.agcdn.colorado.edu, conference/greebs, https://www.colorado.edu/conference/greebs
ucbprod-conference-icp2019.agcdn.colorado.edu, conference/icp2019, https://www.colorado.edu/conference/icp2019
ucbprod-conference-naweawindtech2023.agcdn.colorado.edu, conference/naweawindtech2023, https://www.colorado.edu/conference/naweawindtech2023
ucbprod-conference-reactivism.agcdn.colorado.edu, conference/reactivism, https://www.colorado.edu/conference/reactivism
ucbprod-conference-rhythm-since-1900.agcdn.colorado.edu, conference/rhythm-since-1900, https://www.colorado.edu/conference/rhythm-since-1900
ucbprod-conference-rmc2022.agcdn.colorado.edu, conference/rmc2022, https://www.colorado.edu/conference/rmc2022
ucbprod-conference-rmihc.agcdn.colorado.edu, conference/rmihc, https://www.colorado.edu/conference/rmihc
ucbprod-conference-romanticresistance.agcdn.colorado.edu, conference/romanticresistance, https://www.colorado.edu/conference/romanticresistance
ucbprod-conferenceservices.agcdn.colorado.edu, conferenceservices, https://www.colorado.edu/conferenceservices
ucbprod-controller.agcdn.colorado.edu, controller, https://www.colorado.edu/controller
ucbprod-counseling.agcdn.colorado.edu, counseling, https://www.colorado.edu/counseling
ucbprod-course-sites-libb-2500.agcdn.colorado.edu, course-sites/libb/2500, https://www.colorado.edu/course-sites/libb/2500
ucbprod-course-sites-musc-1121.agcdn.colorado.edu, course-sites/musc/1121, https://www.colorado.edu/course-sites/musc/1121
ucbprod-course-sites-musc-1131.agcdn.colorado.edu, course-sites/musc/1131, https://www.colorado.edu/course-sites/musc/1131
ucbprod-course-sites-musc-2121.agcdn.colorado.edu, course-sites/musc/2121, https://www.colorado.edu/course-sites/musc/2121
ucbprod-course-sites-musc-2131.agcdn.colorado.edu, course-sites/musc/2131, https://www.colorado.edu/course-sites/musc/2131
ucbprod-course-sites-musc-fundtutorial.agcdn.colorado.edu, course-sites/musc/fundtutorial, https://www.colorado.edu/course-sites/musc/fundtutorial
ucbprod-crm.agcdn.colorado.edu, crm, https://www.colorado.edu/crm
ucbprod-cs-theory.agcdn.colorado.edu, cs-theory, https://www.colorado.edu/cs-theory
ucbprod-cs.agcdn.colorado.edu, cs, https://www.colorado.edu/cs
ucbprod-csl.agcdn.colorado.edu, csl, https://www.colorado.edu/csl
ucbprod-cuartmuseum.agcdn.colorado.edu, cuartmuseum, https://www.colorado.edu/cuartmuseum
ucbprod-cubequest.agcdn.colorado.edu, cubequest, https://www.colorado.edu/cubequest
ucbprod-cubouldersouth.agcdn.colorado.edu, cubouldersouth, https://www.colorado.edu/cubouldersouth
ucbprod-cuengage.agcdn.colorado.edu, cuengage, https://www.colorado.edu/cuengage
ucbprod-cusg.agcdn.colorado.edu, cusg, https://www.colorado.edu/cusg
ucbprod-cuteach.agcdn.colorado.edu, cuteach, https://www.colorado.edu/cuteach
ucbprod-cuwizards.agcdn.colorado.edu, cuwizards, https://www.colorado.edu/cuwizards
ucbprod-cvsp.agcdn.colorado.edu, cvsp, https://www.colorado.edu/cvsp
ucbprod-cwa.agcdn.colorado.edu, cwa, https://www.colorado.edu/cwa
ucbprod-d4c.agcdn.colorado.edu, d4c, https://www.colorado.edu/d4c
ucbprod-dalailama.agcdn.colorado.edu, dalailama, https://www.colorado.edu/dalailama
ucbprod-daoisttexts.agcdn.colorado.edu, daoisttexts, https://www.colorado.edu/daoisttexts
ucbprod-dcvf.agcdn.colorado.edu, dcvf, https://www.colorado.edu/dcvf
ucbprod-dei.agcdn.colorado.edu, dei, https://www.colorado.edu/dei
ucbprod-demos-training-foundations.agcdn.colorado.edu, demos/courses/foundations, https://www.colorado.edu/demos/courses/foundations
ucbprod-demos-training-nextsteps.agcdn.colorado.edu, demos/courses/next-steps, https://www.colorado.edu/demos/courses/next-steps
ucbprod-demos-documentation.agcdn.colorado.edu, demos/documentation, https://www.colorado.edu/demos/documentation
ucbprod-demos-webexpress.agcdn.colorado.edu, demos/webexpress, https://www.colorado.edu/demos/webexpress
ucbprod-designforamerica.agcdn.colorado.edu, designforamerica, https://www.colorado.edu/designforamerica
ucbprod-digital-accessibility.agcdn.colorado.edu, digital-accessibility, https://www.colorado.edu/digital-accessibility
ucbprod-disabilityservices.agcdn.colorado.edu, disabilityservices, https://www.colorado.edu/disabilityservices
ucbprod-dontignoreit.agcdn.colorado.edu, dontignoreit, https://www.colorado.edu/dontignoreit
ucbprod-dynamicscontrols.agcdn.colorado.edu, dynamicscontrols, https://www.colorado.edu/dynamicscontrols
ucbprod-ebio.agcdn.colorado.edu, ebio, https://www.colorado.edu/ebio
ucbprod-ecee.agcdn.colorado.edu, ecee, https://www.colorado.edu/ecee
ucbprod-ecenter.agcdn.colorado.edu, ecenter, https://www.colorado.edu/ecenter
ucbprod-education-research-hub.agcdn.colorado.edu, education-research-hub, https://www.colorado.edu/education-research-hub
ucbprod-education.agcdn.colorado.edu, education, https://www.colorado.edu/education
ucbprod-eeglab.agcdn.colorado.edu, eeglab, https://www.colorado.edu/eeglab
ucbprod-eer.agcdn.colorado.edu, eer, https://www.colorado.edu/eer
ucbprod-ehs.agcdn.colorado.edu, ehs, https://www.colorado.edu/ehs
ucbprod-emag-research.agcdn.colorado.edu, emag-research, https://www.colorado.edu/emag-research
ucbprod-emergencymanagement.agcdn.colorado.edu, emergencymanagement, https://www.colorado.edu/emergencymanagement
ucbprod-emp.agcdn.colorado.edu, emp, https://www.colorado.edu/emp
ucbprod-engineering-advising.agcdn.colorado.edu, engineering-advising, https://www.colorado.edu/engineering-advising
ucbprod-engineering-facultystaff.agcdn.colorado.edu, engineering-facultystaff, https://www.colorado.edu/engineering-facultystaff
ucbprod-engineering-international.agcdn.colorado.edu, engineering-international, https://www.colorado.edu/engineering-international
ucbprod-engineering.agcdn.colorado.edu, engineering, https://www.colorado.edu/engineering
ucbprod-english-language-notes.agcdn.colorado.edu, english-language-notes, https://www.colorado.edu/english-language-notes
ucbprod-english.agcdn.colorado.edu, english, https://www.colorado.edu/english
ucbprod-enrollment-management.agcdn.colorado.edu, enrollment-management, https://www.colorado.edu/enrollment-management
ucbprod-envd.agcdn.colorado.edu, envd, https://www.colorado.edu/envd
ucbprod-environmentalprogram.agcdn.colorado.edu, environmentalprogram, https://www.colorado.edu/environmentalprogram
ucbprod-envs.agcdn.colorado.edu, envs, https://www.colorado.edu/envs
ucbprod-era.agcdn.colorado.edu, era, https://www.colorado.edu/era
ucbprod-ethnicstudies.agcdn.colorado.edu, ethnicstudies, https://www.colorado.edu/ethnicstudies
ucbprod-even.agcdn.colorado.edu, even, https://www.colorado.edu/even
ucbprod-event-barneyford.agcdn.colorado.edu, event/barneyford, https://www.colorado.edu/event/barneyford
ucbprod-event-bernstein.agcdn.colorado.edu, event/bernstein, https://www.colorado.edu/event/bernstein
ucbprod-event-bookfest.agcdn.colorado.edu, event/bookfest, https://www.colorado.edu/event/bookfest
ucbprod-event-cuny2019.agcdn.colorado.edu, event/cuny2019, https://www.colorado.edu/event/cuny2019
ucbprod-event-eiabridgebuilder.agcdn.colorado.edu, event/eiabridgebuilder, https://www.colorado.edu/event/eiabridgebuilder
ucbprod-event-frips.agcdn.colorado.edu, event/frips, https://www.colorado.edu/event/frips
ucbprod-event-ifest.agcdn.colorado.edu, event/ifest, https://www.colorado.edu/event/ifest
ucbprod-event-lotsawa.agcdn.colorado.edu, event/lotsawa, https://www.colorado.edu/event/lotsawa
ucbprod-event-qms2023.agcdn.colorado.edu, event/qms2023, https://www.colorado.edu/event/qms2023
ucbprod-event-rmd2019.agcdn.colorado.edu, event/rmd2019, https://www.colorado.edu/event/rmd2019
ucbprod-event-rmgs2019.agcdn.colorado.edu, event/rmgs2019, https://www.colorado.edu/event/rmgs2019
ucbprod-event-tedxcu.agcdn.colorado.edu, event/tedxcu, https://www.colorado.edu/event/tedxcu
ucbprod-event-wdm2020.agcdn.colorado.edu, event/wdm2020, https://www.colorado.edu/event/wdm2020
ucbprod-events.agcdn.colorado.edu, events, https://www.colorado.edu/events
ucbprod-eventsplanning.agcdn.colorado.edu, eventsplanning, https://www.colorado.edu/eventsplanning
ucbprod-ewb.agcdn.colorado.edu, ewb, https://www.colorado.edu/ewb
ucbprod-exploratorystudies.agcdn.colorado.edu, exploratorystudies, https://www.colorado.edu/exploratorystudies
ucbprod-facilities-standards.agcdn.colorado.edu, facilities-standards, https://www.colorado.edu/facilities-standards
ucbprod-facility-biochemistry-cell-culture.agcdn.colorado.edu, facility/biochemistry-cell-culture, https://www.colorado.edu/facility/biochemistry-cell-culture
ucbprod-facility-biokem.agcdn.colorado.edu, facility/biokem, https://www.colorado.edu/facility/biokem
ucbprod-facility-biomolecular-x-ray-crystallography.agcdn.colorado.edu, facility/biomolecular-x-ray-crystallography, https://www.colorado.edu/facility/biomolecular-x-ray-crystallography
ucbprod-facility-cosinc.agcdn.colorado.edu, facility/cosinc, https://www.colorado.edu/facility/cosinc
ucbprod-facility-ems.agcdn.colorado.edu, facility/ems, https://www.colorado.edu/facility/ems
ucbprod-facility-fccf.agcdn.colorado.edu, facility/fccf, https://www.colorado.edu/facility/fccf
ucbprod-facility-jscbb.agcdn.colorado.edu, facility/jscbb, https://www.colorado.edu/facility/jscbb
ucbprod-facility-mimic.agcdn.colorado.edu, facility/mimic, https://www.colorado.edu/facility/mimic
ucbprod-facility-xrd.agcdn.colorado.edu, facility/xrd, https://www.colorado.edu/facility/xrd
ucbprod-faculty-alleman.agcdn.colorado.edu, faculty/alleman, https://www.colorado.edu/faculty/alleman
ucbprod-faculty-alwakeel.agcdn.colorado.edu, faculty/alwakeel, https://www.colorado.edu/faculty/alwakeel
ucbprod-faculty-amadei.agcdn.colorado.edu, faculty/amadei, https://www.colorado.edu/faculty/amadei
ucbprod-faculty-anderson-ken.agcdn.colorado.edu, faculty/anderson-ken, https://www.colorado.edu/faculty/anderson-ken
ucbprod-faculty-anderson.agcdn.colorado.edu, faculty/anderson, https://www.colorado.edu/faculty/anderson
ucbprod-faculty-argrow.agcdn.colorado.edu, faculty/argrow, https://www.colorado.edu/faculty/argrow
ucbprod-faculty-ashraf-asa.agcdn.colorado.edu, faculty/ashraf-asa, https://www.colorado.edu/faculty/ashraf-asa
ucbprod-faculty-avila-sara.agcdn.colorado.edu, faculty/avila-sara, https://www.colorado.edu/faculty/avila-sara
ucbprod-faculty-axelrad.agcdn.colorado.edu, faculty/axelrad, https://www.colorado.edu/faculty/axelrad
ucbprod-faculty-aysegul-aydin.agcdn.colorado.edu, faculty/aysegul-aydin, https://www.colorado.edu/faculty/aysegul-aydin
ucbprod-faculty-banich.agcdn.colorado.edu, faculty/banich, https://www.colorado.edu/faculty/banich
ucbprod-faculty-barnes.agcdn.colorado.edu, faculty/barnes, https://www.colorado.edu/faculty/barnes
ucbprod-faculty-bastias.agcdn.colorado.edu, faculty/bastias, https://www.colorado.edu/faculty/bastias
ucbprod-faculty-beer.agcdn.colorado.edu, faculty/beer, https://www.colorado.edu/faculty/beer
ucbprod-faculty-bhuvana-narasimhan.agcdn.colorado.edu, faculty/bhuvana-narasimhan, https://www.colorado.edu/faculty/bhuvana-narasimhan
ucbprod-faculty-bielefeldt.agcdn.colorado.edu, faculty/bielefeldt, https://www.colorado.edu/faculty/bielefeldt
ucbprod-faculty-black.agcdn.colorado.edu, faculty/black, https://www.colorado.edu/faculty/black
ucbprod-faculty-bogatin.agcdn.colorado.edu, faculty/bogatin, https://www.colorado.edu/faculty/bogatin
ucbprod-faculty-bolhari.agcdn.colorado.edu, faculty/bolhari, https://www.colorado.edu/faculty/bolhari
ucbprod-faculty-borden.agcdn.colorado.edu, faculty/borden, https://www.colorado.edu/faculty/borden
ucbprod-faculty-bosanac.agcdn.colorado.edu, faculty/bosanac, https://www.colorado.edu/faculty/bosanac
ucbprod-faculty-bottenus.agcdn.colorado.edu, faculty/bottenus, https://www.colorado.edu/faculty/bottenus
ucbprod-faculty-boyd.agcdn.colorado.edu, faculty/boyd, https://www.colorado.edu/faculty/boyd
ucbprod-faculty-burns.agcdn.colorado.edu, faculty/burns, https://www.colorado.edu/faculty/burns
ucbprod-faculty-cadena.agcdn.colorado.edu, faculty/cadena, https://www.colorado.edu/faculty/cadena
ucbprod-faculty-cai.agcdn.colorado.edu, faculty/cai, https://www.colorado.edu/faculty/cai
ucbprod-faculty-celoza.agcdn.colorado.edu, faculty/celoza, https://www.colorado.edu/faculty/celoza
ucbprod-faculty-cha.agcdn.colorado.edu, faculty/cha, https://www.colorado.edu/faculty/cha
ucbprod-faculty-chen-yongmin.agcdn.colorado.edu, faculty/chen-yongmin, https://www.colorado.edu/faculty/chen-yongmin
ucbprod-faculty-chen.agcdn.colorado.edu, faculty/chen, https://www.colorado.edu/faculty/chen
ucbprod-faculty-chinowsky.agcdn.colorado.edu, faculty/chinowsky, https://www.colorado.edu/faculty/chinowsky
ucbprod-faculty-claire-monteleoni.agcdn.colorado.edu, faculty/claire-monteleoni, https://www.colorado.edu/faculty/claire-monteleoni
ucbprod-faculty-clark-torin.agcdn.colorado.edu, faculty/clark-torin, https://www.colorado.edu/faculty/clark-torin
ucbprod-faculty-clauset.agcdn.colorado.edu, faculty/clauset, https://www.colorado.edu/faculty/clauset
ucbprod-faculty-corona.agcdn.colorado.edu, faculty/corona, https://www.colorado.edu/faculty/corona
ucbprod-faculty-corradini.agcdn.colorado.edu, faculty/corradini, https://www.colorado.edu/faculty/corradini
ucbprod-faculty-cowell-andrew.agcdn.colorado.edu, faculty/cowell-andrew, https://www.colorado.edu/faculty/cowell-andrew
ucbprod-faculty-dallanese.agcdn.colorado.edu, faculty/dallanese, https://www.colorado.edu/faculty/dallanese
ucbprod-faculty-do.agcdn.colorado.edu, faculty/do, https://www.colorado.edu/faculty/do
ucbprod-faculty-erickson.agcdn.colorado.edu, faculty/erickson, https://www.colorado.edu/faculty/erickson
ucbprod-faculty-falconer.agcdn.colorado.edu, faculty/falconer, https://www.colorado.edu/faculty/falconer
ucbprod-faculty-ferris.agcdn.colorado.edu, faculty/ferris, https://www.colorado.edu/faculty/ferris
ucbprod-faculty-fitzgerald.agcdn.colorado.edu, faculty/fitzgerald, https://www.colorado.edu/faculty/fitzgerald
ucbprod-faculty-fox-barbara.agcdn.colorado.edu, faculty/fox-barbara, https://www.colorado.edu/faculty/fox-barbara
ucbprod-faculty-frajzyngier.agcdn.colorado.edu, faculty/frajzyngier, https://www.colorado.edu/faculty/frajzyngier
ucbprod-faculty-frew.agcdn.colorado.edu, faculty/frew, https://www.colorado.edu/faculty/frew
ucbprod-faculty-gasiewski.agcdn.colorado.edu, faculty/gasiewski, https://www.colorado.edu/faculty/gasiewski
ucbprod-faculty-goodrum.agcdn.colorado.edu, faculty/goodrum, https://www.colorado.edu/faculty/goodrum
ucbprod-faculty-gupta.agcdn.colorado.edu, faculty/gupta, https://www.colorado.edu/faculty/gupta
ucbprod-faculty-hall-kira.agcdn.colorado.edu, faculty/hall-kira, https://www.colorado.edu/faculty/hall-kira
ucbprod-faculty-hauser.agcdn.colorado.edu, faculty/hauser, https://www.colorado.edu/faculty/hauser
ucbprod-faculty-hearn.agcdn.colorado.edu, faculty/hearn, https://www.colorado.edu/faculty/hearn
ucbprod-faculty-henze.agcdn.colorado.edu, faculty/henze, https://www.colorado.edu/faculty/henze
ucbprod-faculty-hernandez.agcdn.colorado.edu, faculty/hernandez, https://www.colorado.edu/faculty/hernandez
ucbprod-faculty-hodge.agcdn.colorado.edu, faculty/hodge, https://www.colorado.edu/faculty/hodge
ucbprod-faculty-holzinger.agcdn.colorado.edu, faculty/holzinger, https://www.colorado.edu/faculty/holzinger
ucbprod-faculty-huang.agcdn.colorado.edu, faculty/huang, https://www.colorado.edu/faculty/huang
ucbprod-faculty-hubler.agcdn.colorado.edu, faculty/hubler, https://www.colorado.edu/faculty/hubler
ucbprod-faculty-hulden-vilja.agcdn.colorado.edu, faculty/hulden-vilja, https://www.colorado.edu/faculty/hulden-vilja
ucbprod-faculty-izraelevitz.agcdn.colorado.edu, faculty/izraelevitz, https://www.colorado.edu/faculty/izraelevitz
ucbprod-faculty-jessup.agcdn.colorado.edu, faculty/jessup, https://www.colorado.edu/faculty/jessup
ucbprod-faculty-johnson.agcdn.colorado.edu, faculty/johnson, https://www.colorado.edu/faculty/johnson
ucbprod-faculty-juliet-gopinath.agcdn.colorado.edu, faculty/juliet-gopinath, https://www.colorado.edu/faculty/juliet-gopinath
ucbprod-faculty-kaffine.agcdn.colorado.edu, faculty/kaffine, https://www.colorado.edu/faculty/kaffine
ucbprod-faculty-kantha.agcdn.colorado.edu, faculty/kantha, https://www.colorado.edu/faculty/kantha
ucbprod-faculty-karengebhardt.agcdn.colorado.edu, faculty/karengebhardt, https://www.colorado.edu/faculty/karengebhardt
ucbprod-faculty-kimbrough-keller.agcdn.colorado.edu, faculty/kimbrough-keller, https://www.colorado.edu/faculty/kimbrough-keller
ucbprod-faculty-kmaskus.agcdn.colorado.edu, faculty/kmaskus, https://www.colorado.edu/faculty/kmaskus
ucbprod-faculty-knappe.agcdn.colorado.edu, faculty/knappe, https://www.colorado.edu/faculty/knappe
ucbprod-faculty-korak.agcdn.colorado.edu, faculty/korak, https://www.colorado.edu/faculty/korak
ucbprod-faculty-krarti.agcdn.colorado.edu, faculty/krarti, https://www.colorado.edu/faculty/krarti
ucbprod-faculty-kuchenrither.agcdn.colorado.edu, faculty/kuchenrither, https://www.colorado.edu/faculty/kuchenrither
ucbprod-faculty-laguna.agcdn.colorado.edu, faculty/laguna, https://www.colorado.edu/faculty/laguna
ucbprod-faculty-lee-yc.agcdn.colorado.edu, faculty/lee-yc, https://www.colorado.edu/faculty/lee-yc
ucbprod-faculty-lehmantamara.agcdn.colorado.edu, faculty/lehmantamara, https://www.colorado.edu/faculty/lehmantamara
ucbprod-faculty-lewis-clayton.agcdn.colorado.edu, faculty/lewis-clayton, https://www.colorado.edu/faculty/lewis-clayton
ucbprod-faculty-lijianghanyang.agcdn.colorado.edu, faculty/lijianghanyang, https://www.colorado.edu/faculty/lijianghanyang
ucbprod-faculty-liu-eugene.agcdn.colorado.edu, faculty/liu-eugene, https://www.colorado.edu/faculty/liu-eugene
ucbprod-faculty-liu-liu.agcdn.colorado.edu, faculty/liu-liu, https://www.colorado.edu/faculty/liu-liu
ucbprod-faculty-lopezjimenez.agcdn.colorado.edu, faculty/lopezjimenez, https://www.colorado.edu/faculty/lopezjimenez
ucbprod-faculty-macdonald.agcdn.colorado.edu, faculty/macdonald, https://www.colorado.edu/faculty/macdonald
ucbprod-faculty-maksimovic.agcdn.colorado.edu, faculty/maksimovic, https://www.colorado.edu/faculty/maksimovic
ucbprod-faculty-mansfeldt.agcdn.colorado.edu, faculty/mansfeldt, https://www.colorado.edu/faculty/mansfeldt
ucbprod-faculty-mathys.agcdn.colorado.edu, faculty/mathys, https://www.colorado.edu/faculty/mathys
ucbprod-faculty-mcclure.agcdn.colorado.edu, faculty/mcclure, https://www.colorado.edu/faculty/mcclure
ucbprod-faculty-mcgilvray-dennis.agcdn.colorado.edu, faculty/mcgilvray-dennis, https://www.colorado.edu/faculty/mcgilvray-dennis
ucbprod-faculty-mcleod.agcdn.colorado.edu, faculty/mcleod, https://www.colorado.edu/faculty/mcleod
ucbprod-faculty-mcmahon.agcdn.colorado.edu, faculty/mcmahon, https://www.colorado.edu/faculty/mcmahon
ucbprod-faculty-metcalf.agcdn.colorado.edu, faculty/metcalf, https://www.colorado.edu/faculty/metcalf
ucbprod-faculty-michaelis.agcdn.colorado.edu, faculty/michaelis, https://www.colorado.edu/faculty/michaelis
ucbprod-faculty-milford-jana.agcdn.colorado.edu, faculty/milford-jana, https://www.colorado.edu/faculty/milford-jana
ucbprod-faculty-moddel.agcdn.colorado.edu, faculty/moddel, https://www.colorado.edu/faculty/moddel
ucbprod-faculty-molenaar.agcdn.colorado.edu, faculty/molenaar, https://www.colorado.edu/faculty/molenaar
ucbprod-faculty-murray.agcdn.colorado.edu, faculty/murray, https://www.colorado.edu/faculty/murray
ucbprod-faculty-musgrave.agcdn.colorado.edu, faculty/musgrave, https://www.colorado.edu/faculty/musgrave
ucbprod-faculty-nakassis.agcdn.colorado.edu, faculty/nakassis, https://www.colorado.edu/faculty/nakassis
ucbprod-faculty-nicotra.agcdn.colorado.edu, faculty/nicotra, https://www.colorado.edu/faculty/nicotra
ucbprod-faculty-niederwieser.agcdn.colorado.edu, faculty/niederwieser, https://www.colorado.edu/faculty/niederwieser
ucbprod-faculty-palmer-martha.agcdn.colorado.edu, faculty/palmer-martha, https://www.colorado.edu/faculty/palmer-martha
ucbprod-faculty-pao.agcdn.colorado.edu, faculty/pao, https://www.colorado.edu/faculty/pao
ucbprod-faculty-pellegrino.agcdn.colorado.edu, faculty/pellegrino, https://www.colorado.edu/faculty/pellegrino
ucbprod-faculty-pfeffer.agcdn.colorado.edu, faculty/pfeffer, https://www.colorado.edu/faculty/pfeffer
ucbprod-faculty-piketmay-melinda.agcdn.colorado.edu, faculty/piketmay-melinda, https://www.colorado.edu/faculty/piketmay-melinda
ucbprod-faculty-popovic-zoya.agcdn.colorado.edu, faculty/popovic-zoya, https://www.colorado.edu/faculty/popovic-zoya
ucbprod-faculty-preston.agcdn.colorado.edu, faculty/preston, https://www.colorado.edu/faculty/preston
ucbprod-faculty-richter-matthias.agcdn.colorado.edu, faculty/richter-matthias, https://www.colorado.edu/faculty/richter-matthias
ucbprod-faculty-rosario-ortiz.agcdn.colorado.edu, faculty/rosario-ortiz, https://www.colorado.edu/faculty/rosario-ortiz
ucbprod-faculty-ruzzene.agcdn.colorado.edu, faculty/ruzzene, https://www.colorado.edu/faculty/ruzzene
ucbprod-faculty-ryan-joseph.agcdn.colorado.edu, faculty/ryan-joseph, https://www.colorado.edu/faculty/ryan-joseph
ucbprod-faculty-samueloberdick.agcdn.colorado.edu, faculty/samueloberdick, https://www.colorado.edu/faculty/samueloberdick
ucbprod-faculty-shriver-scott.agcdn.colorado.edu, faculty/scott-shriver, https://www.colorado.edu/faculty/scott-shriver
ucbprod-faculty-segil.agcdn.colorado.edu, faculty/segil, https://www.colorado.edu/faculty/segil
ucbprod-faculty-semaan.agcdn.colorado.edu, faculty/semaan, https://www.colorado.edu/faculty/semaan
ucbprod-faculty-shaheen.agcdn.colorado.edu, faculty/shaheen, https://www.colorado.edu/faculty/shaheen
ucbprod-faculty-shannon.agcdn.colorado.edu, faculty/shannon, https://www.colorado.edu/faculty/shannon
ucbprod-faculty-sheldon-masters.agcdn.colorado.edu, faculty/sheldon-masters, https://www.colorado.edu/faculty/sheldon-masters
ucbprod-faculty-shi-yuan.agcdn.colorado.edu, faculty/shi-yuan, https://www.colorado.edu/faculty/shi-yuan
ucbprod-faculty-shields.agcdn.colorado.edu, faculty/shields, https://www.colorado.edu/faculty/shields
ucbprod-faculty-somenzi.agcdn.colorado.edu, faculty/somenzi, https://www.colorado.edu/faculty/somenzi
ucbprod-faculty-song.agcdn.colorado.edu, faculty/song, https://www.colorado.edu/faculty/song
ucbprod-faculty-summers.agcdn.colorado.edu, faculty/summers, https://www.colorado.edu/faculty/summers
ucbprod-faculty-torresmachi.agcdn.colorado.edu, faculty/torresmachi, https://www.colorado.edu/faculty/torresmachi
ucbprod-faculty-varanasi.agcdn.colorado.edu, faculty/varanasi, https://www.colorado.edu/faculty/varanasi
ucbprod-faculty-wagner.agcdn.colorado.edu, faculty/wagner, https://www.colorado.edu/faculty/wagner
ucbprod-faculty-whitehead.agcdn.colorado.edu, faculty/whitehead, https://www.colorado.edu/faculty/whitehead
ucbprod-faculty-zax.agcdn.colorado.edu, faculty/zax, https://www.colorado.edu/faculty/zax
ucbprod-faculty-zea-luis.agcdn.colorado.edu, faculty/zea-luis, https://www.colorado.edu/faculty/zea-luis
ucbprod-faculty-zhai.agcdn.colorado.edu, faculty/zhai, https://www.colorado.edu/faculty/zhai
ucbprod-faculty-zunger-matter-by-design.agcdn.colorado.edu, faculty/zunger-matter-by-design, https://www.colorado.edu/faculty/zunger-matter-by-design
ucbprod-fbs.agcdn.colorado.edu, fbs, https://www.colorado.edu/fbs
ucbprod-fcq.agcdn.colorado.edu, fcq, https://www.colorado.edu/fcq
ucbprod-financialaid.agcdn.colorado.edu, financialaid, https://www.colorado.edu/financialaid
ucbprod-firelifesafety.agcdn.colorado.edu, firelifesafety, https://www.colorado.edu/firelifesafety
ucbprod-firesurvey.agcdn.colorado.edu, firesurvey, https://www.colorado.edu/firesurvey
ucbprod-fis.agcdn.colorado.edu, fis, https://www.colorado.edu/fis
ucbprod-fiske.agcdn.colorado.edu, fiske, https://www.colorado.edu/fiske
ucbprod-flatironsforum.agcdn.colorado.edu, flatironsforum, https://www.colorado.edu/flatironsforum
ucbprod-fm.agcdn.colorado.edu, fm, https://www.colorado.edu/fm
ucbprod-fmenergy.agcdn.colorado.edu, fmenergy, https://www.colorado.edu/fmenergy
ucbprod-fmgreen.agcdn.colorado.edu, fmgreen, https://www.colorado.edu/fmgreen
ucbprod-frenchitalian.agcdn.colorado.edu, frenchitalian, https://www.colorado.edu/frenchitalian
ucbprod-fsap.agcdn.colorado.edu, fsap, https://www.colorado.edu/fsap
ucbprod-gaann-infrastructure.agcdn.colorado.edu, gaann-infrastructure, https://www.colorado.edu/gaann-infrastructure
ucbprod-genders.agcdn.colorado.edu, genders, https://www.colorado.edu/genders
ucbprod-gendersarchive1998-2013.agcdn.colorado.edu, gendersarchive1998-2013, https://www.colorado.edu/gendersarchive1998-2013
ucbprod-geologicalsciences.agcdn.colorado.edu, geologicalsciences, https://www.colorado.edu/geologicalsciences
ucbprod-geophysics.agcdn.colorado.edu, geophysics, https://www.colorado.edu/geophysics
ucbprod-gis-cad.agcdn.colorado.edu, gis-cad, https://www.colorado.edu/gis-cad
ucbprod-global.agcdn.colorado.edu, global, https://www.colorado.edu/global
ucbprod-globalbrigades.agcdn.colorado.edu, globalbrigades, https://www.colorado.edu/globalbrigades
ucbprod-gpsg.agcdn.colorado.edu, gpsg, https://www.colorado.edu/gpsg
ucbprod-graduateschool.agcdn.colorado.edu, graduateschool, https://www.colorado.edu/graduateschool
ucbprod-grandchallenge.agcdn.colorado.edu, grandchallenge, https://www.colorado.edu/grandchallenge
ucbprod-greeks.agcdn.colorado.edu, greeks, https://www.colorado.edu/greeks
ucbprod-group-cu-cmg.agcdn.colorado.edu, group/cu-cmg, https://www.colorado.edu/group/cu-cmg
ucbprod-guardianscholars.agcdn.colorado.edu, guardianscholars, https://www.colorado.edu/guardianscholars
ucbprod-guitarfestival.agcdn.colorado.edu, guitarfestival, https://www.colorado.edu/guitarfestival
ucbprod-health.agcdn.colorado.edu, health, https://www.colorado.edu/health
ucbprod-healthcenter.agcdn.colorado.edu, healthcenter, https://www.colorado.edu/healthcenter
ucbprod-herbst.agcdn.colorado.edu, herbst, https://www.colorado.edu/herbst
ucbprod-history.agcdn.colorado.edu, history, https://www.colorado.edu/history
ucbprod-homecoming.agcdn.colorado.edu, homecoming, https://www.colorado.edu/homecoming
ucbprod-hometowns.agcdn.colorado.edu, hometowns, https://www.colorado.edu/hometowns
ucbprod-honors.agcdn.colorado.edu, honors, https://www.colorado.edu/honors
ucbprod-hprap.agcdn.colorado.edu, hprap, https://www.colorado.edu/hprap
ucbprod-hsc2017.agcdn.colorado.edu, hsc2017, https://www.colorado.edu/hsc2017
ucbprod-humanities.agcdn.colorado.edu, humanities, https://www.colorado.edu/humanities
ucbprod-i-camp.agcdn.colorado.edu, i-camp, https://www.colorado.edu/i-camp
ucbprod-ibg.agcdn.colorado.edu, ibg, https://www.colorado.edu/ibg
ucbprod-ics.agcdn.colorado.edu, ics, https://www.colorado.edu/ics
ucbprod-ideaforge.agcdn.colorado.edu, ideaforge, https://www.colorado.edu/ideaforge
ucbprod-imagingservices.agcdn.colorado.edu, imagingservices, https://www.colorado.edu/imagingservices
ucbprod-industry.agcdn.colorado.edu, industry, https://www.colorado.edu/industry
ucbprod-information-technology.agcdn.colorado.edu, information-technology, https://www.colorado.edu/information-technology
ucbprod-infoscience.agcdn.colorado.edu, infoscience, https://www.colorado.edu/infoscience
ucbprod-initiative-applied-history.agcdn.colorado.edu, initiative/applied-history, https://www.colorado.edu/initiative/applied-history
ucbprod-initiative-cdi.agcdn.colorado.edu, initiative/cdi, https://www.colorado.edu/initiative/cdi
ucbprod-initiative-crics.agcdn.colorado.edu, initiative/crics, https://www.colorado.edu/initiative/crics
ucbprod-initiative-cu-boulder-rural-network.agcdn.colorado.edu, initiative/cu-boulder-rural-network, https://www.colorado.edu/initiative/cu-boulder-rural-network
ucbprod-initiative-newscorps.agcdn.colorado.edu, initiative/newscorps, https://www.colorado.edu/initiative/newscorps
ucbprod-initiative-pac12ccu.agcdn.colorado.edu, initiative/pac12ccu, https://www.colorado.edu/initiative/pac12ccu
ucbprod-initiative-space-and-sustainability.agcdn.colorado.edu, initiative/space-and-sustainability, https://www.colorado.edu/initiative/space-and-sustainability
ucbprod-initiatives-impact.agcdn.colorado.edu, initiatives/impact, https://www.colorado.edu/initiatives/impact
ucbprod-innovate.agcdn.colorado.edu, innovate, https://www.colorado.edu/innovate
ucbprod-innovationsinjewishlifecollections.agcdn.colorado.edu, innovationsinjewishlifecollections, https://www.colorado.edu/innovationsinjewishlifecollections
ucbprod-research-instaar.agcdn.colorado.edu, instaar, https://www.colorado.edu/instaar
ucbprod-international.agcdn.colorado.edu, international, https://www.colorado.edu/international
ucbprod-involvement.agcdn.colorado.edu, involvement, https://www.colorado.edu/involvement
ucbprod-invst.agcdn.colorado.edu, invst, https://www.colorado.edu/invst
ucbprod-iphy.agcdn.colorado.edu, iphy, https://www.colorado.edu/iphy
ucbprod-iriss.agcdn.colorado.edu, iriss, https://www.colorado.edu/iriss
ucbprod-irt-autonomous-systems.agcdn.colorado.edu, irt/autonomous-systems, https://www.colorado.edu/irt/autonomous-systems
ucbprod-irt-engineering-education-ai.agcdn.colorado.edu, irt/engineering-education-ai, https://www.colorado.edu/irt/engineering-education-ai
ucbprod-irt-hypersonic-vehicles.agcdn.colorado.edu, irt/hypersonic-vehicles, https://www.colorado.edu/irt/hypersonic-vehicles
ucbprod-irt-imagingscience.agcdn.colorado.edu, irt/imagingscience, https://www.colorado.edu/irt/imagingscience
ucbprod-irt-mfm.agcdn.colorado.edu, irt/mfm, https://www.colorado.edu/irt/mfm
ucbprod-irt-precisionbiomaterials.agcdn.colorado.edu, irt/precisionbiomaterials, https://www.colorado.edu/irt/precisionbiomaterials
ucbprod-irt-qiss.agcdn.colorado.edu, irt/qiss, https://www.colorado.edu/irt/qiss
ucbprod-irt-rise.agcdn.colorado.edu, irt/rise, https://www.colorado.edu/irt/rise
ucbprod-irt-wen.agcdn.colorado.edu, irt/wen, https://www.colorado.edu/irt/wen
ucbprod-isiec.agcdn.colorado.edu, isiec, https://www.colorado.edu/isiec
ucbprod-ismrc.agcdn.colorado.edu, ismrc, https://www.colorado.edu/ismrc
ucbprod-isogeometric.agcdn.colorado.edu, isogeometric, https://www.colorado.edu/isogeometric
ucbprod-isss.agcdn.colorado.edu, isss, https://www.colorado.edu/isss
ucbprod-janegoodall.agcdn.colorado.edu, janegoodall, https://www.colorado.edu/janegoodall
ucbprod-jobs.agcdn.colorado.edu, jobs, https://www.colorado.edu/jobs
ucbprod-journal-assembly.agcdn.colorado.edu, journal/assembly, https://www.colorado.edu/journal/assembly
ucbprod-jtc.agcdn.colorado.edu, jtc, https://www.colorado.edu/jtc
ucbprod-keller.agcdn.colorado.edu, keller, https://www.colorado.edu/keller
ucbprod-klinden.agcdn.colorado.edu, klinden, https://www.colorado.edu/klinden
ucbprod-lab-aaron-whiteley.agcdn.colorado.edu, lab/aaron-whiteley, https://www.colorado.edu/lab/aaron-whiteley
ucbprod-lab-ahn.agcdn.colorado.edu, lab/ahn, https://www.colorado.edu/lab/ahn
ucbprod-lab-alex-whiteley.agcdn.colorado.edu, lab/alex-whiteley, https://www.colorado.edu/lab/alex-whiteley
ucbprod-lab-allen.agcdn.colorado.edu, lab/allen, https://www.colorado.edu/lab/allen
ucbprod-lab-amtl.agcdn.colorado.edu, lab/amtl, https://www.colorado.edu/lab/amtl
ucbprod-lab-antenna.agcdn.colorado.edu, lab/antenna, https://www.colorado.edu/lab/antenna
ucbprod-lab-aprl.agcdn.colorado.edu, lab/aprl, https://www.colorado.edu/lab/aprl
ucbprod-lab-arch.agcdn.colorado.edu, lab/arch, https://www.colorado.edu/lab/arch
ucbprod-lab-automation.agcdn.colorado.edu, lab/automation, https://www.colorado.edu/lab/automation
ucbprod-lab-bachtell.agcdn.colorado.edu, lab/bachtell, https://www.colorado.edu/lab/bachtell
ucbprod-lab-ban.agcdn.colorado.edu, lab/ban, https://www.colorado.edu/lab/ban
ucbprod-lab-barger.agcdn.colorado.edu, lab/barger, https://www.colorado.edu/lab/barger
ucbprod-lab-barthelat.agcdn.colorado.edu, lab/barthelat, https://www.colorado.edu/lab/barthelat
ucbprod-lab-bateygroup.agcdn.colorado.edu, lab/bateygroup, https://www.colorado.edu/lab/bateygroup
ucbprod-lab-bay.agcdn.colorado.edu, lab/bay, https://www.colorado.edu/lab/bay
ucbprod-lab-betterton.agcdn.colorado.edu, lab/betterton, https://www.colorado.edu/lab/betterton
ucbprod-lab-bierbaumgroup.agcdn.colorado.edu, lab/bierbaumgroup, https://www.colorado.edu/lab/bierbaumgroup
ucbprod-lab-biochem-instruments.agcdn.colorado.edu, lab/biochem-instruments, https://www.colorado.edu/lab/biochem-instruments
ucbprod-lab-biocore.agcdn.colorado.edu, lab/biocore, https://www.colorado.edu/lab/biocore
ucbprod-lab-bmmlab.agcdn.colorado.edu, lab/bmmlab, https://www.colorado.edu/lab/bmmlab
ucbprod-lab-bowmangroup.agcdn.colorado.edu, lab/bowmangroup, https://www.colorado.edu/lab/bowmangroup
ucbprod-lab-breeze.agcdn.colorado.edu, lab/breeze, https://www.colorado.edu/lab/breeze
ucbprod-lab-browngroup.agcdn.colorado.edu, lab/browngroup, https://www.colorado.edu/lab/browngroup
ucbprod-lab-brumbaugh.agcdn.colorado.edu, lab/brumbaugh, https://www.colorado.edu/lab/brumbaugh
ucbprod-lab-burdick.agcdn.colorado.edu, lab/burdick, https://www.colorado.edu/lab/burdick
ucbprod-lab-cameron.agcdn.colorado.edu, lab/cameron, https://www.colorado.edu/lab/cameron
ucbprod-lab-campeau-lab.agcdn.colorado.edu, lab/campeau-lab, https://www.colorado.edu/lab/campeau-lab
ucbprod-lab-cao.agcdn.colorado.edu, lab/cao, https://www.colorado.edu/lab/cao
ucbprod-lab-cech.agcdn.colorado.edu, lab/cech, https://www.colorado.edu/lab/cech
ucbprod-lab-cemnl.agcdn.colorado.edu, lab/cemnl, https://www.colorado.edu/lab/cemnl
ucbprod-lab-cems.agcdn.colorado.edu, lab/cems, https://www.colorado.edu/lab/cems
ucbprod-lab-ceqm.agcdn.colorado.edu, lab/ceqm, https://www.colorado.edu/lab/ceqm
ucbprod-lab-chapl.agcdn.colorado.edu, lab/chapl, https://www.colorado.edu/lab/chapl
ucbprod-lab-chemistry-safety.agcdn.colorado.edu, lab/chemistry-safety, https://www.colorado.edu/lab/chemistry-safety
ucbprod-lab-chemtheory.agcdn.colorado.edu, lab/chemtheory, https://www.colorado.edu/lab/chemtheory
ucbprod-lab-chuong.agcdn.colorado.edu, lab/chuong, https://www.colorado.edu/lab/chuong
ucbprod-lab-clear.agcdn.colorado.edu, lab/clear, https://www.colorado.edu/lab/clear
ucbprod-lab-clll.agcdn.colorado.edu, lab/clll, https://www.colorado.edu/lab/clll
ucbprod-lab-cook.agcdn.colorado.edu, lab/cook, https://www.colorado.edu/lab/cook
ucbprod-lab-copley.agcdn.colorado.edu, lab/copley, https://www.colorado.edu/lab/copley
ucbprod-lab-correll.agcdn.colorado.edu, lab/correll, https://www.colorado.edu/lab/correll
ucbprod-lab-corwin-reach.agcdn.colorado.edu, lab/corwin-reach, https://www.colorado.edu/lab/corwin-reach
ucbprod-lab-cowell-lab.agcdn.colorado.edu, lab/cowell-lab, https://www.colorado.edu/lab/cowell-lab
ucbprod-lab-cryoem.agcdn.colorado.edu, lab/cryoem, https://www.colorado.edu/lab/cryoem
ucbprod-lab-cufemm.agcdn.colorado.edu, lab/cufemm, https://www.colorado.edu/lab/cufemm
ucbprod-lab-cuhighpressure.agcdn.colorado.edu, lab/cuhighpressure, https://www.colorado.edu/lab/cuhighpressure
ucbprod-lab-cuk.agcdn.colorado.edu, lab/cuk, https://www.colorado.edu/lab/cuk
ucbprod-lab-curran-lab.agcdn.colorado.edu, lab/curran-lab, https://www.colorado.edu/lab/curran-lab
ucbprod-lab-damrauergroup.agcdn.colorado.edu, lab/damrauergroup, https://www.colorado.edu/lab/damrauergroup
ucbprod-lab-del.agcdn.colorado.edu, lab/del, https://www.colorado.edu/lab/del
ucbprod-lab-detweiler-lab.agcdn.colorado.edu, lab/detweiler-lab, https://www.colorado.edu/lab/detweiler-lab
ucbprod-lab-diddams.agcdn.colorado.edu, lab/diddams, https://www.colorado.edu/lab/diddams
ucbprod-lab-ding.agcdn.colorado.edu, lab/ding, https://www.colorado.edu/lab/ding
ucbprod-lab-doak.agcdn.colorado.edu, lab/doak, https://www.colorado.edu/lab/doak
ucbprod-lab-dsrl.agcdn.colorado.edu, lab/dsrl, https://www.colorado.edu/lab/dsrl
ucbprod-lab-dukovicgroup.agcdn.colorado.edu, lab/dukovicgroup, https://www.colorado.edu/lab/dukovicgroup
ucbprod-lab-eavesgroup.agcdn.colorado.edu, lab/eavesgroup, https://www.colorado.edu/lab/eavesgroup
ucbprod-lab-ecel.agcdn.colorado.edu, lab/ecel, https://www.colorado.edu/lab/ecel
ucbprod-lab-ecological-fluids.agcdn.colorado.edu, lab/ecological-fluids, https://www.colorado.edu/lab/ecological-fluids
ucbprod-lab-edji.agcdn.colorado.edu, lab/edji, https://www.colorado.edu/lab/edji
ucbprod-lab-electrobuffs.agcdn.colorado.edu, lab/electrobuffs, https://www.colorado.edu/lab/electrobuffs
ucbprod-lab-environmental-soft-matter.agcdn.colorado.edu, lab/environmental-soft-matter, https://www.colorado.edu/lab/environmental-soft-matter
ucbprod-lab-esc.agcdn.colorado.edu, lab/esc, https://www.colorado.edu/lab/esc
ucbprod-lab-evans.agcdn.colorado.edu, lab/evans, https://www.colorado.edu/lab/evans
ucbprod-lab-even.agcdn.colorado.edu, lab/even, https://www.colorado.edu/lab/even
ucbprod-lab-experimentalaerodynamics.agcdn.colorado.edu, lab/experimentalaerodynamics, https://www.colorado.edu/lab/experimentalaerodynamics
ucbprod-lab-falke.agcdn.colorado.edu, lab/falke, https://www.colorado.edu/lab/falke
ucbprod-lab-ferguson.agcdn.colorado.edu, lab/ferguson, https://www.colorado.edu/lab/ferguson
ucbprod-lab-gaf.agcdn.colorado.edu, lab/gaf, https://www.colorado.edu/lab/gaf
ucbprod-lab-garcea.agcdn.colorado.edu, lab/garcea, https://www.colorado.edu/lab/garcea
ucbprod-lab-georgegroup.agcdn.colorado.edu, lab/georgegroup, https://www.colorado.edu/lab/georgegroup
ucbprod-lab-gingroup.agcdn.colorado.edu, lab/gingroup, https://www.colorado.edu/lab/gingroup
ucbprod-lab-goodrich-kugel.agcdn.colorado.edu, lab/goodrich-kugel, https://www.colorado.edu/lab/goodrich-kugel
ucbprod-lab-goodwin.agcdn.colorado.edu, lab/goodwin, https://www.colorado.edu/lab/goodwin
ucbprod-lab-gpo.agcdn.colorado.edu, lab/gpo, https://www.colorado.edu/lab/gpo
ucbprod-lab-gyenis.agcdn.colorado.edu, lab/gyenis, https://www.colorado.edu/lab/gyenis
ucbprod-lab-han.agcdn.colorado.edu, lab/han, https://www.colorado.edu/lab/han
ucbprod-lab-hannigan.agcdn.colorado.edu, lab/hannigan, https://www.colorado.edu/lab/hannigan
ucbprod-lab-heard.agcdn.colorado.edu, lab/heard, https://www.colorado.edu/lab/heard
ucbprod-lab-hind.agcdn.colorado.edu, lab/hind, https://www.colorado.edu/lab/hind
ucbprod-lab-holewinski.agcdn.colorado.edu, lab/holewinski, https://www.colorado.edu/lab/holewinski
ucbprod-lab-hts.agcdn.colorado.edu, lab/hts, https://www.colorado.edu/lab/hts
ucbprod-lab-icesheetclimate.agcdn.colorado.edu, lab/icesheetclimate, https://www.colorado.edu/lab/icesheetclimate
ucbprod-lab-ideal.agcdn.colorado.edu, lab/ideal, https://www.colorado.edu/lab/ideal
ucbprod-lab-imaging-systems.agcdn.colorado.edu, lab/imaging-systems, https://www.colorado.edu/lab/imaging-systems
ucbprod-lab-immersivemedia.agcdn.colorado.edu, lab/immersivemedia, https://www.colorado.edu/lab/immersivemedia
ucbprod-lab-ipower3es.agcdn.colorado.edu, lab/ipower3es, https://www.colorado.edu/lab/ipower3es
ucbprod-lab-itoys.agcdn.colorado.edu, lab/itoys, https://www.colorado.edu/lab/itoys
ucbprod-lab-jayaram.agcdn.colorado.edu, lab/jayaram, https://www.colorado.edu/lab/jayaram
ucbprod-lab-johnson-laboratory.agcdn.colorado.edu, lab/johnson-laboratory, https://www.colorado.edu/lab/johnson-laboratory
ucbprod-lab-jonasgroup.agcdn.colorado.edu, lab/jonasgroup, https://www.colorado.edu/lab/jonasgroup
ucbprod-lab-kaar.agcdn.colorado.edu, lab/kaar, https://www.colorado.edu/lab/kaar
ucbprod-lab-kimlab.agcdn.colorado.edu, lab/kimlab, https://www.colorado.edu/lab/kimlab
ucbprod-lab-klymkowsky.agcdn.colorado.edu, lab/klymkowsky, https://www.colorado.edu/lab/klymkowsky
ucbprod-lab-knight.agcdn.colorado.edu, lab/knight, https://www.colorado.edu/lab/knight
ucbprod-lab-kochgroup.agcdn.colorado.edu, lab/kochgroup, https://www.colorado.edu/lab/kochgroup
ucbprod-lab-krauter.agcdn.colorado.edu, lab/krauter, https://www.colorado.edu/lab/krauter
ucbprod-lab-krg.agcdn.colorado.edu, lab/krg, https://www.colorado.edu/lab/krg
ucbprod-lab-kuchtagroup.agcdn.colorado.edu, lab/kuchtagroup, https://www.colorado.edu/lab/kuchtagroup
ucbprod-lab-labbe.agcdn.colorado.edu, lab/labbe, https://www.colorado.edu/lab/labbe
ucbprod-lab-lecture-demo-manual.agcdn.colorado.edu, lab/lecture-demo-manual, https://www.colorado.edu/lab/lecture-demo-manual
ucbprod-lab-leinwand.agcdn.colorado.edu, lab/leinwand, https://www.colorado.edu/lab/leinwand
ucbprod-lab-liningerfluvialgeomorphgroup.agcdn.colorado.edu, lab/liningerfluvialgeomorphgroup, https://www.colorado.edu/lab/liningerfluvialgeomorphgroup
ucbprod-lab-lisa.agcdn.colorado.edu, lab/lisa, https://www.colorado.edu/lab/lisa
ucbprod-lab-liu.agcdn.colorado.edu, lab/liu, https://www.colorado.edu/lab/liu
ucbprod-lab-maier-watkins.agcdn.colorado.edu, lab/maier-watkins, https://www.colorado.edu/lab/maier-watkins
ucbprod-lab-mapl.agcdn.colorado.edu, lab/mapl, https://www.colorado.edu/lab/mapl
ucbprod-lab-marder-group.agcdn.colorado.edu, lab/marder-group, https://www.colorado.edu/lab/marder-group
ucbprod-lab-massspec.agcdn.colorado.edu, lab/massspec, https://www.colorado.edu/lab/massspec
ucbprod-lab-matsuo.agcdn.colorado.edu, lab/matsuo, https://www.colorado.edu/lab/matsuo
ucbprod-lab-mcgehee.agcdn.colorado.edu, lab/mcgehee, https://www.colorado.edu/lab/mcgehee
ucbprod-lab-mchenry.agcdn.colorado.edu, lab/mchenry, https://www.colorado.edu/lab/mchenry
ucbprod-lab-mcrae.agcdn.colorado.edu, lab/mcrae, https://www.colorado.edu/lab/mcrae
ucbprod-lab-medeiros.agcdn.colorado.edu, lab/medeiros, https://www.colorado.edu/lab/medeiros
ucbprod-lab-media-archeology-lab.agcdn.colorado.edu, lab/media-archeology-lab, https://www.colorado.edu/lab/media-archeology-lab
ucbprod-lab-medlab.agcdn.colorado.edu, lab/medlab, https://www.colorado.edu/lab/medlab
ucbprod-lab-medlin.agcdn.colorado.edu, lab/medlin, https://www.colorado.edu/lab/medlin
ucbprod-lab-melbourne.agcdn.colorado.edu, lab/melbourne, https://www.colorado.edu/lab/melbourne
ucbprod-lab-moisl.agcdn.colorado.edu, lab/moisl, https://www.colorado.edu/lab/moisl
ucbprod-lab-motor-speech.agcdn.colorado.edu, lab/motor-speech, https://www.colorado.edu/lab/motor-speech
ucbprod-lab-muri-cognitive-security.agcdn.colorado.edu, lab/muri-cognitive-security, https://www.colorado.edu/lab/muri-cognitive-security
ucbprod-lab-musgrave-research-group.agcdn.colorado.edu, lab/musgrave-research-group, https://www.colorado.edu/lab/musgrave-research-group
ucbprod-lab-neulab.agcdn.colorado.edu, lab/neulab, https://www.colorado.edu/lab/neulab
ucbprod-lab-neurodegeneration.agcdn.colorado.edu, lab/neurodegeneration, https://www.colorado.edu/lab/neurodegeneration
ucbprod-lab-ngpdl.agcdn.colorado.edu, lab/ngpdl, https://www.colorado.edu/lab/ngpdl
ucbprod-lab-niel.agcdn.colorado.edu, lab/niel, https://www.colorado.edu/lab/niel
ucbprod-lab-nmr.agcdn.colorado.edu, lab/nmr, https://www.colorado.edu/lab/nmr
ucbprod-lab-odorizzi.agcdn.colorado.edu, lab/odorizzi, https://www.colorado.edu/lab/odorizzi
ucbprod-lab-olwin.agcdn.colorado.edu, lab/olwin, https://www.colorado.edu/lab/olwin
ucbprod-lab-palmer.agcdn.colorado.edu, lab/palmer, https://www.colorado.edu/lab/palmer
ucbprod-lab-pardigroup.agcdn.colorado.edu, lab/pardigroup, https://www.colorado.edu/lab/pardigroup
ucbprod-lab-park.agcdn.colorado.edu, lab/park, https://www.colorado.edu/lab/park
ucbprod-lab-parkergroup.agcdn.colorado.edu, lab/parkergroup, https://www.colorado.edu/lab/parkergroup
ucbprod-lab-phononics.agcdn.colorado.edu, lab/phononics, https://www.colorado.edu/lab/phononics
ucbprod-lab-poyton.agcdn.colorado.edu, lab/poyton, https://www.colorado.edu/lab/poyton
ucbprod-lab-raddlab.agcdn.colorado.edu, lab/raddlab, https://www.colorado.edu/lab/raddlab
ucbprod-lab-raj-rishi.agcdn.colorado.edu, lab/raj-rishi, https://www.colorado.edu/lab/raj-rishi
ucbprod-lab-rap.agcdn.colorado.edu, lab/rap, https://www.colorado.edu/lab/rap
ucbprod-lab-resasco.agcdn.colorado.edu, lab/resasco, https://www.colorado.edu/lab/resasco
ucbprod-lab-rf-satnav.agcdn.colorado.edu, lab/rf-satnav, https://www.colorado.edu/lab/rf-satnav
ucbprod-lab-rieker.agcdn.colorado.edu, lab/rieker, https://www.colorado.edu/lab/rieker
ucbprod-lab-rockpoweredlife.agcdn.colorado.edu, lab/rockpoweredlife, https://www.colorado.edu/lab/rockpoweredlife
ucbprod-lab-sammakiagroup.agcdn.colorado.edu, lab/sammakiagroup, https://www.colorado.edu/lab/sammakiagroup
ucbprod-lab-sbs.agcdn.colorado.edu, lab/sbs, https://www.colorado.edu/lab/sbs
ucbprod-lab-schwartzgroup.agcdn.colorado.edu, lab/schwartzgroup, https://www.colorado.edu/lab/schwartzgroup
ucbprod-lab-sharmagroup.agcdn.colorado.edu, lab/sharmagroup, https://www.colorado.edu/lab/sharmagroup
ucbprod-lab-shenlab.agcdn.colorado.edu, lab/shenlab, https://www.colorado.edu/lab/shenlab
ucbprod-lab-shine.agcdn.colorado.edu, lab/shine, https://www.colorado.edu/lab/shine
ucbprod-lab-shirtsgroup.agcdn.colorado.edu, lab/shirtsgroup, https://www.colorado.edu/lab/shirtsgroup
ucbprod-lab-skodjegroup.agcdn.colorado.edu, lab/skodjegroup, https://www.colorado.edu/lab/skodjegroup
ucbprod-lab-sleepdev.agcdn.colorado.edu, lab/sleepdev, https://www.colorado.edu/lab/sleepdev
ucbprod-lab-social-neuroscience-lab.agcdn.colorado.edu, lab/social-neuroscience-lab, https://www.colorado.edu/lab/social-neuroscience-lab
ucbprod-lab-social-perception.agcdn.colorado.edu, lab/social-perception, https://www.colorado.edu/lab/social-perception
ucbprod-lab-social-pni.agcdn.colorado.edu, lab/social-pni, https://www.colorado.edu/lab/social-pni
ucbprod-lab-sousa.agcdn.colorado.edu, lab/sousa, https://www.colorado.edu/lab/sousa
ucbprod-lab-speaking.agcdn.colorado.edu, lab/speaking, https://www.colorado.edu/lab/speaking
ucbprod-lab-spencer-endocrinology-lab.agcdn.colorado.edu, lab/spencer-endocrinology-lab, https://www.colorado.edu/lab/spencer-endocrinology-lab
ucbprod-lab-spencerlab.agcdn.colorado.edu, lab/spencerlab, https://www.colorado.edu/lab/spencerlab
ucbprod-lab-straub.agcdn.colorado.edu, lab/straub, https://www.colorado.edu/lab/straub
ucbprod-lab-su.agcdn.colorado.edu, lab/su, https://www.colorado.edu/lab/su
ucbprod-lab-sustainable-infrastructure.agcdn.colorado.edu, lab/sustainable-infrastructure, https://www.colorado.edu/lab/sustainable-infrastructure
ucbprod-lab-taatjes.agcdn.colorado.edu, lab/taatjes, https://www.colorado.edu/lab/taatjes
ucbprod-lab-tan.agcdn.colorado.edu, lab/tan, https://www.colorado.edu/lab/tan
ucbprod-lab-taylor.agcdn.colorado.edu, lab/taylor, https://www.colorado.edu/lab/taylor
ucbprod-lab-techne.agcdn.colorado.edu, lab/techne, https://www.colorado.edu/lab/techne
ucbprod-lab-thedata.agcdn.colorado.edu, lab/thedata, https://www.colorado.edu/lab/thedata
ucbprod-lab-toney-group.agcdn.colorado.edu, lab/toney-group, https://www.colorado.edu/lab/toney-group
ucbprod-lab-uvrockets.agcdn.colorado.edu, lab/uvrockets, https://www.colorado.edu/lab/uvrockets
ucbprod-lab-vaidagroup.agcdn.colorado.edu, lab/vaidagroup, https://www.colorado.edu/lab/vaidagroup
ucbprod-lab-vance.agcdn.colorado.edu, lab/vance, https://www.colorado.edu/lab/vance
ucbprod-lab-vernerey.agcdn.colorado.edu, lab/vernerey, https://www.colorado.edu/lab/vernerey
ucbprod-lab-wanggroup.agcdn.colorado.edu, lab/wanggroup, https://www.colorado.edu/lab/wanggroup
ucbprod-lab-warg.agcdn.colorado.edu, lab/warg, https://www.colorado.edu/lab/warg
ucbprod-lab-wavelab.agcdn.colorado.edu, lab/wavelab, https://www.colorado.edu/lab/wavelab
ucbprod-lab-weimer.agcdn.colorado.edu, lab/weimer, https://www.colorado.edu/lab/weimer
ucbprod-lab-whiting.agcdn.colorado.edu, lab/whiting, https://www.colorado.edu/lab/whiting
ucbprod-lab-wirg.agcdn.colorado.edu, lab/wirg, https://www.colorado.edu/lab/wirg
ucbprod-lab-write.agcdn.colorado.edu, lab/write, https://www.colorado.edu/lab/write
ucbprod-lab-wuttkegroup.agcdn.colorado.edu, lab/wuttkegroup, https://www.colorado.edu/lab/wuttkegroup
ucbprod-lab-xiao.agcdn.colorado.edu, lab/xiao, https://www.colorado.edu/lab/xiao
ucbprod-lab-xue.agcdn.colorado.edu, lab/xue, https://www.colorado.edu/lab/xue
ucbprod-lab-zhanggroup.agcdn.colorado.edu, lab/zhanggroup, https://www.colorado.edu/lab/zhanggroup
ucbprod-lalsc.agcdn.colorado.edu, lalsc, https://www.colorado.edu/lalsc
ucbprod-lead.agcdn.colorado.edu, lead, https://www.colorado.edu/lead
ucbprod-learningdesign.agcdn.colorado.edu, learningdesign, https://www.colorado.edu/learningdesign
ucbprod-lgbtq.agcdn.colorado.edu, lgbtq, https://www.colorado.edu/lgbtq
ucbprod-living.agcdn.colorado.edu, living, https://www.colorado.edu/living
ucbprod-lmcf.agcdn.colorado.edu, lmcf, https://www.colorado.edu/lmcf
ucbprod-lsm.agcdn.colorado.edu, lsm, https://www.colorado.edu/lsm
ucbprod-macky.agcdn.colorado.edu, macky, https://www.colorado.edu/macky
ucbprod-marshakgroup.agcdn.colorado.edu, marshakgroup, https://www.colorado.edu/marshakgroup
ucbprod-masterplan.agcdn.colorado.edu, masterplan, https://www.colorado.edu/masterplan
ucbprod-math.agcdn.colorado.edu, math, https://www.colorado.edu/math
ucbprod-mcdb.agcdn.colorado.edu, mcdb, https://www.colorado.edu/mcdb
ucbprod-mcnair.agcdn.colorado.edu, mcnair, https://www.colorado.edu/mcnair
ucbprod-mcneill.agcdn.colorado.edu, mcneill, https://www.colorado.edu/mcneill
ucbprod-menv.agcdn.colorado.edu, menv, https://www.colorado.edu/menv
ucbprod-morris-colloquium.agcdn.colorado.edu, morris-colloquium, https://www.colorado.edu/morris-colloquium
ucbprod-mri.agcdn.colorado.edu, mri, https://www.colorado.edu/mri
ucbprod-mrs.agcdn.colorado.edu, mrs, https://www.colorado.edu/mrs
ucbprod-mse.agcdn.colorado.edu, mse, https://www.colorado.edu/mse
ucbprod-munakata.agcdn.colorado.edu, munakata, https://www.colorado.edu/munakata
ucbprod-ness.agcdn.colorado.edu, ness, https://www.colorado.edu/ness
ucbprod-nest.agcdn.colorado.edu, nest, https://www.colorado.edu/nest
ucbprod-neuromechanics.agcdn.colorado.edu, neuromechanics, https://www.colorado.edu/neuromechanics
ucbprod-neuroscience.agcdn.colorado.edu, neuroscience, https://www.colorado.edu/neuroscience
ucbprod-news-formedia.agcdn.colorado.edu, news/formedia, https://www.colorado.edu/news/formedia
ucbprod-norwood-stars.agcdn.colorado.edu, norwood-stars, https://www.colorado.edu/norwood-stars
ucbprod-nrotc.agcdn.colorado.edu, nrotc, https://www.colorado.edu/nrotc
ucbprod-nvc.agcdn.colorado.edu, nvc, https://www.colorado.edu/nvc
ucbprod-ocg.agcdn.colorado.edu, ocg, https://www.colorado.edu/ocg
ucbprod-oclab.agcdn.colorado.edu, oclab, https://www.colorado.edu/oclab
ucbprod-offcampus.agcdn.colorado.edu, offcampus, https://www.colorado.edu/offcampus
ucbprod-ogce.agcdn.colorado.edu, ogce, https://www.colorado.edu/ogce
ucbprod-oie.agcdn.colorado.edu, oie, https://www.colorado.edu/oie
ucbprod-oiec.agcdn.colorado.edu, oiec, https://www.colorado.edu/oiec
ucbprod-ombuds.agcdn.colorado.edu, ombuds, https://www.colorado.edu/ombuds
ucbprod-onlinepedagogycafe.agcdn.colorado.edu, onlinepedagogycafe, https://www.colorado.edu/onlinepedagogycafe
ucbprod-opticsnanobio.agcdn.colorado.edu, opticsnanobio, https://www.colorado.edu/opticsnanobio
ucbprod-orientation.agcdn.colorado.edu, orientation, https://www.colorado.edu/orientation
ucbprod-outreach-bridgebuffs.agcdn.colorado.edu, outreach/bridgebuffs, https://www.colorado.edu/outreach/bridgebuffs
ucbprod-outreach-korey-wise-innocence-project.agcdn.colorado.edu, outreach/korey-wise-innocence-project, https://www.colorado.edu/outreach/korey-wise-innocence-project
ucbprod-outreach-mcm-lter.agcdn.colorado.edu, outreach/mcm-lter, https://www.colorado.edu/outreach/mcm-lter
ucbprod-outreach-paces.agcdn.colorado.edu, outreach/paces, https://www.colorado.edu/outreach/paces
ucbprod-outreach-pisec.agcdn.colorado.edu, outreach/pisec, https://www.colorado.edu/outreach/pisec
ucbprod-outreach-scope.agcdn.colorado.edu, outreach/scope, https://www.colorado.edu/outreach/scope
ucbprod-outreach-youthprograms.agcdn.colorado.edu, outreach/youthprograms, https://www.colorado.edu/outreach/youthprograms
ucbprod-ova.agcdn.colorado.edu, ova, https://www.colorado.edu/ova
ucbprod-pac.agcdn.colorado.edu, pac, https://www.colorado.edu/pac
ucbprod-pace.agcdn.colorado.edu, pace, https://www.colorado.edu/pace
ucbprod-pacs.agcdn.colorado.edu, pacs, https://www.colorado.edu/pacs
ucbprod-pathwaytospace.agcdn.colorado.edu, pathwaytospace, https://www.colorado.edu/pathwaytospace
ucbprod-pbk.agcdn.colorado.edu, pbk, https://www.colorado.edu/pbk
ucbprod-per.agcdn.colorado.edu, per, https://www.colorado.edu/per
ucbprod-philosophy.agcdn.colorado.edu, philosophy, https://www.colorado.edu/philosophy
ucbprod-physics-jila-reu.agcdn.colorado.edu, physics-jila-reu, https://www.colorado.edu/physics-jila-reu
ucbprod-plc.agcdn.colorado.edu, plc, https://www.colorado.edu/plc
ucbprod-police.agcdn.colorado.edu, police, https://www.colorado.edu/police
ucbprod-postdoctoralaffairs.agcdn.colorado.edu, postdoctoralaffairs, https://www.colorado.edu/postdoctoralaffairs
ucbprod-powerelectronics.agcdn.colorado.edu, powerelectronics, https://www.colorado.edu/powerelectronics
ucbprod-precollege.agcdn.colorado.edu, precollege, https://www.colorado.edu/precollege
ucbprod-program-asqf.agcdn.colorado.edu, program/asqf, https://www.colorado.edu/program/asqf
ucbprod-program-b2b.agcdn.colorado.edu, program/b2b, https://www.colorado.edu/program/b2b
ucbprod-program-clasp.agcdn.colorado.edu, program/clasp, https://www.colorado.edu/program/clasp
ucbprod-program-cmcipathways.agcdn.colorado.edu, program/cmcipathways, https://www.colorado.edu/program/cmcipathways
ucbprod-program-cuprep.agcdn.colorado.edu, program/cuprep, https://www.colorado.edu/program/cuprep
ucbprod-program-data-science.agcdn.colorado.edu, program/data-science, https://www.colorado.edu/program/data-science
ucbprod-program-eef.agcdn.colorado.edu, program/eef, https://www.colorado.edu/program/eef
ucbprod-program-fingerspelling.agcdn.colorado.edu, program/fingerspelling, https://www.colorado.edu/program/fingerspelling
ucbprod-program-fpw.agcdn.colorado.edu, program/fpw, https://www.colorado.edu/program/fpw
ucbprod-program-gates-mentoring.agcdn.colorado.edu, program/gates-mentoring, https://www.colorado.edu/program/gates-mentoring
ucbprod-program-hydrosciences.agcdn.colorado.edu, program/hydrosciences, https://www.colorado.edu/program/hydrosciences
ucbprod-program-ide.agcdn.colorado.edu, program/ide, https://www.colorado.edu/program/ide
ucbprod-program-inquiryhub.agcdn.colorado.edu, program/inquiryhub, https://www.colorado.edu/program/inquiryhub
ucbprod-program-lsamp-bd.agcdn.colorado.edu, program/lsamp-bd, https://www.colorado.edu/program/lsamp-bd
ucbprod-program-mscd.agcdn.colorado.edu, program/mscd, https://www.colorado.edu/program/mscd
ucbprod-program-schoolwide-labs.agcdn.colorado.edu, program/schoolwide-labs, https://www.colorado.edu/program/schoolwide-labs
ucbprod-program-stempartnershiptoolkit.agcdn.colorado.edu, program/stempartnershiptoolkit, https://www.colorado.edu/program/stempartnershiptoolkit
ucbprod-program-writingcenter.agcdn.colorado.edu, program/writingcenter, https://www.colorado.edu/program/writingcenter
ucbprod-programs-chr.agcdn.colorado.edu, programs/chr, https://www.colorado.edu/programs/chr
ucbprod-programs-prehealth-advising.agcdn.colorado.edu, programs/prehealth-advising, https://www.colorado.edu/programs/prehealth-advising
ucbprod-programs-socialinnovation.agcdn.colorado.edu, programs/socialinnovation, https://www.colorado.edu/programs/socialinnovation
ucbprod-project-arapaho.agcdn.colorado.edu, project/arapaho, https://www.colorado.edu/project/arapaho
ucbprod-project-arete.agcdn.colorado.edu, project/arete, https://www.colorado.edu/project/arete
ucbprod-project-arpa-energygo.agcdn.colorado.edu, project/arpa-energygo, https://www.colorado.edu/project/arpa-energygo
ucbprod-project-bbb.agcdn.colorado.edu, project/bbb, https://www.colorado.edu/project/bbb
ucbprod-project-cmpshowcase.agcdn.colorado.edu, project/cmpshowcase, https://www.colorado.edu/project/cmpshowcase
ucbprod-project-commsimulation.agcdn.colorado.edu, project/commsimulation, https://www.colorado.edu/project/commsimulation
ucbprod-project-elementaryartslab.agcdn.colorado.edu, project/elementaryartslab, https://www.colorado.edu/project/elementaryartslab
ucbprod-project-environmental-futures.agcdn.colorado.edu, project/environmental-futures, https://www.colorado.edu/project/environmental-futures
ucbprod-project-everflowmandarin.agcdn.colorado.edu, project/everflowmandarin, https://www.colorado.edu/project/everflowmandarin
ucbprod-project-gutc.agcdn.colorado.edu, project/gutc, https://www.colorado.edu/project/gutc
ucbprod-project-hidden-voices.agcdn.colorado.edu, project/hidden-voices, https://www.colorado.edu/project/hidden-voices
ucbprod-project-human-computer-relationships.agcdn.colorado.edu, project/human-computer-relationships, https://www.colorado.edu/project/human-computer-relationships
ucbprod-project-imagine-ai.agcdn.colorado.edu, project/imagine-ai, https://www.colorado.edu/project/imagine-ai
ucbprod-project-inside-colorado-law.agcdn.colorado.edu, project/inside-colorado-law, https://www.colorado.edu/project/inside-colorado-law
ucbprod-project-jewsofcolor.agcdn.colorado.edu, project/jewsofcolor, https://www.colorado.edu/project/jewsofcolor
ucbprod-project-lunar-farside.agcdn.colorado.edu, project/lunar-farside, https://www.colorado.edu/project/lunar-farside
ucbprod-project-mathbio.agcdn.colorado.edu, project/mathbio, https://www.colorado.edu/project/mathbio
ucbprod-project-maxwellcubesat.agcdn.colorado.edu, project/maxwellcubesat, https://www.colorado.edu/project/maxwellcubesat
ucbprod-project-pm-network.agcdn.colorado.edu, project/pm-network, https://www.colorado.edu/project/pm-network
ucbprod-project-provisionalia.agcdn.colorado.edu, project/provisionalia, https://www.colorado.edu/project/provisionalia
ucbprod-project-ralphiecubesat.agcdn.colorado.edu, project/ralphiecubesat, https://www.colorado.edu/project/ralphiecubesat
ucbprod-project-stem-transfer-study.agcdn.colorado.edu, project/stem-transfer-study, https://www.colorado.edu/project/stem-transfer-study
ucbprod-project-volecrispr.agcdn.colorado.edu, project/volecrispr, https://www.colorado.edu/project/volecrispr
ucbprod-projects-fairy-tales.agcdn.colorado.edu, projects/fairy-tales, https://www.colorado.edu/projects/fairy-tales
ucbprod-property.agcdn.colorado.edu, property, https://www.colorado.edu/property
ucbprod-psych-neuro.agcdn.colorado.edu, psych-neuro, https://www.colorado.edu/psych-neuro
ucbprod-psychology-neuroscience-advising.agcdn.colorado.edu, psychology-neuroscience-advising, https://www.colorado.edu/psychology-neuroscience-advising
ucbprod-ptea-curriculum.agcdn.colorado.edu, ptea-curriculum, https://www.colorado.edu/ptea-curriculum
ucbprod-ptea.agcdn.colorado.edu, ptea, https://www.colorado.edu/ptea
ucbprod-pts.agcdn.colorado.edu, pts, https://www.colorado.edu/pts
ucbprod-publicachievement.agcdn.colorado.edu, publicachievement, https://www.colorado.edu/publicachievement
ucbprod-publicsafety.agcdn.colorado.edu, publicsafety, https://www.colorado.edu/publicsafety
ucbprod-puksta.agcdn.colorado.edu, puksta, https://www.colorado.edu/puksta
ucbprod-pwr.agcdn.colorado.edu, pwr, https://www.colorado.edu/pwr
ucbprod-rapflc.agcdn.colorado.edu, rapflc, https://www.colorado.edu/rapflc
ucbprod-rasei.agcdn.colorado.edu, rasei, https://www.colorado.edu/rasei
ucbprod-rc.agcdn.colorado.edu, rc, https://www.colorado.edu/rc
ucbprod-recoverycommunity.agcdn.colorado.edu, recoverycommunity, https://www.colorado.edu/recoverycommunity
ucbprod-recuv.agcdn.colorado.edu, recuv, https://www.colorado.edu/recuv
ucbprod-redfolder.agcdn.colorado.edu, redfolder, https://www.colorado.edu/redfolder
ucbprod-res.agcdn.colorado.edu, res, https://www.colorado.edu/res
ucbprod-research-abnexus.agcdn.colorado.edu, research/abnexus, https://www.colorado.edu/research/abnexus
ucbprod-research-ai-institute.agcdn.colorado.edu, research/ai-institute, https://www.colorado.edu/research/ai-institute
ucbprod-research-arctic-rivers.agcdn.colorado.edu, research/arctic-rivers, https://www.colorado.edu/research/arctic-rivers
ucbprod-research-buffs-health-alumni-study.agcdn.colorado.edu, research/buffs-health-alumni-study, https://www.colorado.edu/research/buffs-health-alumni-study
ucbprod-research-cbb.agcdn.colorado.edu, research/cbb, https://www.colorado.edu/research/cbb
ucbprod-research-cure.agcdn.colorado.edu, research/cure, https://www.colorado.edu/research/cure
ucbprod-lab-chatterjeelab.agcdn.colorado.edu, research/geometric-viability-assay, https://www.colorado.edu/research/geometric-viability-assay
ucbprod-research-hayward-group.agcdn.colorado.edu, research/hayward-group, https://www.colorado.edu/research/hayward-group
ucbprod-research-induced-seismicity.agcdn.colorado.edu, research/induced-seismicity, https://www.colorado.edu/research/induced-seismicity
ucbprod-research-ncrpp.agcdn.colorado.edu, research/ncrpp, https://www.colorado.edu/research/ncrpp
ucbprod-research-qsense.agcdn.colorado.edu, research/qsense, https://www.colorado.edu/research/qsense
ucbprod-research-quantum-engineering-initiative.agcdn.colorado.edu, research/quantum-engineering-initiative, https://www.colorado.edu/research/quantum-engineering-initiative
ucbprod-research-rpmgroup.agcdn.colorado.edu, research/rpmgroup, https://www.colorado.edu/research/rpmgroup
ucbprod-research-studiolab.agcdn.colorado.edu, research/studiolab, https://www.colorado.edu/research/studiolab
ucbprod-retiredfaculty.agcdn.colorado.edu, retiredfaculty, https://www.colorado.edu/retiredfaculty
ucbprod-rioverdearchaeology.agcdn.colorado.edu, rioverdearchaeology, https://www.colorado.edu/rioverdearchaeology
ucbprod-rlst.agcdn.colorado.edu, rlst, https://www.colorado.edu/rlst
ucbprod-rmla.agcdn.colorado.edu, rmla, https://www.colorado.edu/rmla
ucbprod-rocky-mountain-research-data-center.agcdn.colorado.edu, rocky-mountain-research-data-center, https://www.colorado.edu/rocky-mountain-research-data-center
ucbprod-saebaja.agcdn.colorado.edu, saebaja, https://www.colorado.edu/saebaja
alan-sandbox.agcdn.colorado.edu, sandbox/alan, https://www.colorado.edu/sandbox/alan
alan-sandbox2-launched.agcdn.colorado.edu, sandbox2/alan, https://www.colorado.edu/sandbox2/alan
ucbprod-sasc.agcdn.colorado.edu, sasc, https://www.colorado.edu/sasc
ucbprod-sbo.agcdn.colorado.edu, sbo, https://www.colorado.edu/sbo
ucbprod-sccr.agcdn.colorado.edu, sccr, https://www.colorado.edu/sccr
ucbprod-scholarships.agcdn.colorado.edu, scholarships, https://www.colorado.edu/scholarships
ucbprod-scr.agcdn.colorado.edu, scr, https://www.colorado.edu/scr
ucbprod-sei.agcdn.colorado.edu, sei, https://www.colorado.edu/sei
ucbprod-seniors.agcdn.colorado.edu, seniors, https://www.colorado.edu/seniors
ucbprod-service-digital-signage.agcdn.colorado.edu, service/digital-signage, https://www.colorado.edu/service/digital-signage
ucbprod-service-workforce.agcdn.colorado.edu, service/workforce, https://www.colorado.edu/service/workforce
ucbprod-sharedinstrumentation.agcdn.colorado.edu, sharedinstrumentation, https://www.colorado.edu/sharedinstrumentation
ucbprod-smithlab.agcdn.colorado.edu, smithlab, https://www.colorado.edu/smithlab
ucbprod-smokefree.agcdn.colorado.edu, smokefree, https://www.colorado.edu/smokefree
ucbprod-social-psychology.agcdn.colorado.edu, social-psychology, https://www.colorado.edu/social-psychology
ucbprod-socialreactors.agcdn.colorado.edu, socialreactors, https://www.colorado.edu/socialreactors
ucbprod-sociology.agcdn.colorado.edu, sociology, https://www.colorado.edu/sociology
ucbprod-soft-matter-physics.agcdn.colorado.edu, soft-matter-physics, https://www.colorado.edu/soft-matter-physics
ucbprod-solchar.agcdn.colorado.edu, solchar, https://www.colorado.edu/solchar
ucbprod-space-optimization.agcdn.colorado.edu, space-optimization, https://www.colorado.edu/space-optimization
ucbprod-spaceminor.agcdn.colorado.edu, spaceminor, https://www.colorado.edu/spaceminor
ucbprod-spanishportuguese.agcdn.colorado.edu, spanishportuguese, https://www.colorado.edu/spanishportuguese
ucbprod-srs.agcdn.colorado.edu, srs, https://www.colorado.edu/srs
ucbprod-staffcouncil.agcdn.colorado.edu, staffcouncil, https://www.colorado.edu/staffcouncil
ucbprod-stempathways.agcdn.colorado.edu, stempathways, https://www.colorado.edu/stempathways
ucbprod-strategicfacilitiesvisioning.agcdn.colorado.edu, strategicfacilitiesvisioning, https://www.colorado.edu/strategicfacilitiesvisioning
ucbprod-strategicrelations.agcdn.colorado.edu, strategicrelations, https://www.colorado.edu/strategicrelations
ucbprod-studentaffairs.agcdn.colorado.edu, studentaffairs, https://www.colorado.edu/studentaffairs
ucbprod-studentemployment.agcdn.colorado.edu, studentemployment, https://www.colorado.edu/studentemployment
ucbprod-studentgroup-dip-undergraduate-journal.agcdn.colorado.edu, studentgroup/dip-undergraduate-journal, https://www.colorado.edu/studentgroup/dip-undergraduate-journal
ucbprod-studentgroup-lais.agcdn.colorado.edu, studentgroup/lais, https://www.colorado.edu/studentgroup/lais
ucbprod-studentgroup-ostem.agcdn.colorado.edu, studentgroup/ostem, https://www.colorado.edu/studentgroup/ostem
ucbprod-studentgroup-robotic-mining-team.agcdn.colorado.edu, studentgroup/robotic-mining-team, https://www.colorado.edu/studentgroup/robotic-mining-team
ucbprod-studentgroup-soless.agcdn.colorado.edu, studentgroup/soless, https://www.colorado.edu/studentgroup/soless
ucbprod-studentgroups-aed.agcdn.colorado.edu, studentgroups/aed, https://www.colorado.edu/studentgroups/aed
ucbprod-studentgroups-agc.agcdn.colorado.edu, studentgroups/agc, https://www.colorado.edu/studentgroups/agc
ucbprod-studentgroups-agso.agcdn.colorado.edu, studentgroups/agso, https://www.colorado.edu/studentgroups/agso
ucbprod-studentgroups-aises.agcdn.colorado.edu, studentgroups/aises, https://www.colorado.edu/studentgroups/aises
ucbprod-studentgroups-ambassadors.agcdn.colorado.edu, studentgroups/ambassadors, https://www.colorado.edu/studentgroups/ambassadors
ucbprod-studentgroups-amwa.agcdn.colorado.edu, studentgroups/amwa, https://www.colorado.edu/studentgroups/amwa
ucbprod-studentgroups-animeanonymous.agcdn.colorado.edu, studentgroups/animeanonymous, https://www.colorado.edu/studentgroups/animeanonymous
ucbprod-studentgroups-armor.agcdn.colorado.edu, studentgroups/armor, https://www.colorado.edu/studentgroups/armor
ucbprod-studentgroups-ashrae.agcdn.colorado.edu, studentgroups/ashrae, https://www.colorado.edu/studentgroups/ashrae
ucbprod-studentgroups-asme.agcdn.colorado.edu, studentgroups/asme, https://www.colorado.edu/studentgroups/asme
ucbprod-studentgroups-assg.agcdn.colorado.edu, studentgroups/assg, https://www.colorado.edu/studentgroups/assg
ucbprod-studentgroups-biologyclub.agcdn.colorado.edu, studentgroups/biologyclub, https://www.colorado.edu/studentgroups/biologyclub
ucbprod-studentgroups-bmes.agcdn.colorado.edu, studentgroups/bmes, https://www.colorado.edu/studentgroups/bmes
ucbprod-studentgroups-boardgameunderground.agcdn.colorado.edu, studentgroups/boardgameunderground, https://www.colorado.edu/studentgroups/boardgameunderground
ucbprod-studentgroups-buffvex.agcdn.colorado.edu, studentgroups/buffvex, https://www.colorado.edu/studentgroups/buffvex
ucbprod-studentgroups-cac.agcdn.colorado.edu, studentgroups/cac, https://www.colorado.edu/studentgroups/cac
ucbprod-studentgroups-chemunity.agcdn.colorado.edu, studentgroups/chemunity, https://www.colorado.edu/studentgroups/chemunity
ucbprod-studentgroups-collegiatescholars.agcdn.colorado.edu, studentgroups/collegiatescholars, https://www.colorado.edu/studentgroups/collegiatescholars
ucbprod-studentgroups-colorado-engineer.agcdn.colorado.edu, studentgroups/colorado-engineer, https://www.colorado.edu/studentgroups/colorado-engineer
ucbprod-studentgroups-cu-wic.agcdn.colorado.edu, studentgroups/cu-wic, https://www.colorado.edu/studentgroups/cu-wic
ucbprod-studentgroups-cufec.agcdn.colorado.edu, studentgroups/cufec, https://www.colorado.edu/studentgroups/cufec
ucbprod-studentgroups-cumocktrial.agcdn.colorado.edu, studentgroups/cumocktrial, https://www.colorado.edu/studentgroups/cumocktrial
ucbprod-studentgroups-dsb.agcdn.colorado.edu, studentgroups/dsb, https://www.colorado.edu/studentgroups/dsb
ucbprod-studentgroups-ecs.agcdn.colorado.edu, studentgroups/ecs, https://www.colorado.edu/studentgroups/ecs
ucbprod-studentgroups-geographyclub.agcdn.colorado.edu, studentgroups/geographyclub, https://www.colorado.edu/studentgroups/geographyclub
ucbprod-studentgroups-globemed.agcdn.colorado.edu, studentgroups/globemed, https://www.colorado.edu/studentgroups/globemed
ucbprod-studentgroups-gsga.agcdn.colorado.edu, studentgroups/gsga, https://www.colorado.edu/studentgroups/gsga
ucbprod-studentgroups-hyperloop.agcdn.colorado.edu, studentgroups/hyperloop, https://www.colorado.edu/studentgroups/hyperloop
ucbprod-studentgroups-ieee.agcdn.colorado.edu, studentgroups/ieee, https://www.colorado.edu/studentgroups/ieee
ucbprod-studentgroups-ispe.agcdn.colorado.edu, studentgroups/ispe, https://www.colorado.edu/studentgroups/ispe
ucbprod-studentgroups-litg.agcdn.colorado.edu, studentgroups/litg, https://www.colorado.edu/studentgroups/litg
ucbprod-studentgroups-mobilemakers.agcdn.colorado.edu, studentgroups/mobilemakers, https://www.colorado.edu/studentgroups/mobilemakers
ucbprod-studentgroups-neuroscienceclub.agcdn.colorado.edu, studentgroups/neuroscienceclub, https://www.colorado.edu/studentgroups/neuroscienceclub
ucbprod-studentgroups-nsa.agcdn.colorado.edu, studentgroups/nsa, https://www.colorado.edu/studentgroups/nsa
ucbprod-studentgroups-nsbe.agcdn.colorado.edu, studentgroups/nsbe, https://www.colorado.edu/studentgroups/nsbe
ucbprod-studentgroups-ntso.agcdn.colorado.edu, studentgroups/ntso, https://www.colorado.edu/studentgroups/ntso
ucbprod-studentgroups-onstage.agcdn.colorado.edu, studentgroups/onstage, https://www.colorado.edu/studentgroups/onstage
ucbprod-studentgroups-performance-as-research.agcdn.colorado.edu, studentgroups/performance-as-research, https://www.colorado.edu/studentgroups/performance-as-research
ucbprod-studentgroups-prssa.agcdn.colorado.edu, studentgroups/prssa, https://www.colorado.edu/studentgroups/prssa
ucbprod-studentgroups-psichi.agcdn.colorado.edu, studentgroups/psichi, https://www.colorado.edu/studentgroups/psichi
ucbprod-studentgroups-psm.agcdn.colorado.edu, studentgroups/psm, https://www.colorado.edu/studentgroups/psm
ucbprod-studentgroups-psychology-club.agcdn.colorado.edu, studentgroups/psychology-club, https://www.colorado.edu/studentgroups/psychology-club
ucbprod-studentgroups-racing-team.agcdn.colorado.edu, studentgroups/racing-team, https://www.colorado.edu/studentgroups/racing-team
ucbprod-studentgroups-sase.agcdn.colorado.edu, studentgroups/sase, https://www.colorado.edu/studentgroups/sase
ucbprod-studentgroups-seds.agcdn.colorado.edu, studentgroups/seds, https://www.colorado.edu/studentgroups/seds
ucbprod-studentgroups-slowfoodyouth.agcdn.colorado.edu, studentgroups/slowfoodyouth, https://www.colorado.edu/studentgroups/slowfoodyouth
ucbprod-studentgroups-swap.agcdn.colorado.edu, studentgroups/swap, https://www.colorado.edu/studentgroups/swap
ucbprod-studentgroups-tausigma.agcdn.colorado.edu, studentgroups/tausigma, https://www.colorado.edu/studentgroups/tausigma
ucbprod-studentgroups-thebold.agcdn.colorado.edu, studentgroups/thebold, https://www.colorado.edu/studentgroups/thebold
ucbprod-studentgroups-toastmasters.agcdn.colorado.edu, studentgroups/toastmasters, https://www.colorado.edu/studentgroups/toastmasters
ucbprod-studentgroups-umasymexa.agcdn.colorado.edu, studentgroups/umasymexa, https://www.colorado.edu/studentgroups/umasymexa
ucbprod-studentgroups-vrarclub.agcdn.colorado.edu, studentgroups/vrarclub, https://www.colorado.edu/studentgroups/vrarclub
ucbprod-studentgroups-woaa.agcdn.colorado.edu, studentgroups/woaa, https://www.colorado.edu/studentgroups/woaa
ucbprod-studentlegal.agcdn.colorado.edu, studentlegal, https://www.colorado.edu/studentlegal
ucbprod-summer.agcdn.colorado.edu, summer, https://www.colorado.edu/summer
ucbprod-support-basicneeds.agcdn.colorado.edu, support/basicneeds, https://www.colorado.edu/support/basicneeds
ucbprod-support-sscm.agcdn.colorado.edu, support/sscm, https://www.colorado.edu/support/sscm
ucbprod-sustainability.agcdn.colorado.edu, sustainability, https://www.colorado.edu/sustainability
ucbprod-sustainablepractices.agcdn.colorado.edu, sustainablepractices, https://www.colorado.edu/sustainablepractices
ucbprod-symposium-cannabis-legalization.agcdn.colorado.edu, symposium/cannabis-legalization, https://www.colorado.edu/symposium/cannabis-legalization
ucbprod-symposium-gearrs.agcdn.colorado.edu, symposium/gearrs, https://www.colorado.edu/symposium/gearrs
ucbprod-symposium-launchingspacebiology.agcdn.colorado.edu, symposium/launchingspacebiology, https://www.colorado.edu/symposium/launchingspacebiology
ucbprod-symposium-pegmatite.agcdn.colorado.edu, symposium/pegmatite, https://www.colorado.edu/symposium/pegmatite
ucbprod-tacenter.agcdn.colorado.edu, tacenter, https://www.colorado.edu/tacenter
ucbprod-tcm.agcdn.colorado.edu, tcm, https://www.colorado.edu/tcm
ucbprod-teaching-quality-framework.agcdn.colorado.edu, teaching-quality-framework, https://www.colorado.edu/teaching-quality-framework
ucbprod-techtalks.agcdn.colorado.edu, techtalks, https://www.colorado.edu/techtalks
nesting-test-1.agcdn.colorado.edu, testing, https://www.colorado.edu/testing
nested-test-3.agcdn.colorado.edu, testing/demo/test3, https://www.colorado.edu/testing/demo/test3
nested-test-4.agcdn.colorado.edu, testing/demo/test4, https://www.colorado.edu/testing/demo/test4
nested-test-2.agcdn.colorado.edu, testing/test2, https://www.colorado.edu/testing/test2
ucbprod-theatredance.agcdn.colorado.edu, theatredance, https://www.colorado.edu/theatredance
ucbprod-theherd.agcdn.colorado.edu, theherd, https://www.colorado.edu/theherd
ucbprod-theprintlab.agcdn.colorado.edu, theprintlab, https://www.colorado.edu/theprintlab
ucbprod-tibethimalayainitiative.agcdn.colorado.edu, tibethimalayainitiative, https://www.colorado.edu/tibethimalayainitiative
ucbprod-timberjournal.agcdn.colorado.edu, timberjournal, https://www.colorado.edu/timberjournal
ucbprod-topscholarships.agcdn.colorado.edu, topscholarships, https://www.colorado.edu/topscholarships
ucbprod-transfer.agcdn.colorado.edu, transfer, https://www.colorado.edu/transfer
ucbprod-tribalstem.agcdn.colorado.edu, tribalstem, https://www.colorado.edu/tribalstem
ucbprod-triosss.agcdn.colorado.edu, triosss, https://www.colorado.edu/triosss
ucbprod-ucec.agcdn.colorado.edu, ucec, https://www.colorado.edu/ucec
ucbprod-umc.agcdn.colorado.edu, umc, https://www.colorado.edu/umc
ucbprod-undocumentedstudentresources.agcdn.colorado.edu, undocumentedstudentresources, https://www.colorado.edu/undocumentedstudentresources
ucbprod-venturepartners.agcdn.colorado.edu, venturepartners, https://www.colorado.edu/venturepartners
ucbprod-veterans.agcdn.colorado.edu, veterans, https://www.colorado.edu/veterans
ucbprod-wams-firstnations.agcdn.colorado.edu, wams-firstnations, https://www.colorado.edu/wams-firstnations
ucbprod-washsymposium.agcdn.colorado.edu, washsymposium, https://www.colorado.edu/washsymposium
ucbprod-waterpdsm.agcdn.colorado.edu, waterpdsm, https://www.colorado.edu/waterpdsm
ucbprod-winter.agcdn.colorado.edu, winter, https://www.colorado.edu/winter
ucbdev-sandbox-livemigrationtest.agcdn.colorado.edu, livemigrationtest, https://www.colorado.edu/livemigrationtest
ucbprod-developer-sandbox-ci.agcdn.colorado.edu, developer-sandbox, https://www.colorado.edu/developer-sandbox
ucbprod-faculty-trantow.agcdn.colorado.edu, faculty/trantow, https://www.colorado.edu/faculty/trantow
ucbprod-law-library.agcdn.colorado.edu, law-library, https://www.colorado.edu/law-library
ucbprod-civic-engagement.agcdn.colorado.edu, civic-engagement, https://www.colorado.edu/civic-engagement
ucbprod-compliance.agcdn.colorado.edu, compliance, https://www.colorado.edu/compliance
ucbprod-lab-park-lab.agcdn.colorado.edu, lab/park-lab, https://www.colorado.edu/lab/park-lab
ucbprod-lab-adaptivememory.agcdn.colorado.edu, lab/adaptivememory, https://www.colorado.edu/lab/adaptivememory
ucbprod-lab-race.agcdn.colorado.edu, lab/race, https://www.colorado.edu/lab/race
ucbprod-lab-olm.agcdn.colorado.edu, lab/olm, https://www.colorado.edu/lab/olm
ucbprod-infrastructure-resilience.agcdn.colorado.edu, infrastructure-resilience, https://www.colorado.edu/infrastructure-resilience
ucbprod-lab-aems.agcdn.colorado.edu, lab/aems, https://www.colorado.edu/lab/aems
ucbprod-lab-fowllab.agcdn.colorado.edu, lab/fowllab, https://www.colorado.edu/lab/fowllab
ucbprod-big12.agcdn.colorado.edu, big12, https://www.colorado.edu/big12
ucbprod-studentgroups-lsg.agcdn.colorado.edu, studentgroups/lsg, https://www.colorado.edu/studentgroups/lsg
ucbprod-lab-uq-data-driven-modeling.agcdn.colorado.edu, lab/uq-data-driven-modeling, https://www.colorado.edu/lab/uq-data-driven-modeling
ucbprod-research-musas-cif.agcdn.colorado.edu, research/musas-cif, https://www.colorado.edu/research/musas-cif
ucbprod-faculty-hariri.agcdn.colorado.edu, faculty/hariri, https://www.colorado.edu/faculty/hariri
ucbprod-lab-michlgroup.agcdn.colorado.edu, lab/michlgroup, https://www.colorado.edu/lab/michlgroup
