ucb-activelearningprogram.agcdn.colorado.edu, activelearningprogram, https://www.colorado.edu/activelearningprogram
ucb-advising.agcdn.colorado.edu, advising, https://www.colorado.edu/advising
alans-src-ucb-strategicrelations.pantheonsite.io, alans-src-strategicrelations, https://www.colorado.edu/alans-src-strategicrelations
ucb-alumni.agcdn.colorado.edu, alumni, https://www.colorado.edu/alumni
ucb-amath.agcdn.colorado.edu, amath, https://www.colorado.edu/amath
ucb-amrc.agcdn.colorado.edu, amrc, https://www.colorado.edu/amrc
ucb-atlas.agcdn.colorado.edu, atlas, https://www.colorado.edu/atlas
ucb-bakerrap.agcdn.colorado.edu, bakerrap, https://www.colorado.edu/bakerrap
ucb-beboulder.agcdn.colorado.edu, beboulder, https://www.colorado.edu/beboulder
ucb-behavioral-neuroscience.agcdn.colorado.edu, behavioral-neuroscience, https://www.colorado.edu/behavioral-neuroscience
ucb-bfcsec.agcdn.colorado.edu, bfcsec, https://www.colorado.edu/bfcsec
ucb-bfis.agcdn.colorado.edu, bfis, https://www.colorado.edu/bfis
ucb-biochemistry.agcdn.colorado.edu, biochemistry, https://www.colorado.edu/biochemistry
ucb-bioserve-sandbox.agcdn.colorado.edu, bioserve-sandbox, https://www.colorado.edu/bioserve-sandbox
ucb-buffonecard.agcdn.colorado.edu, buffonecard, https://www.colorado.edu/buffonecard
ucb-buffstogether.agcdn.colorado.edu, buffstogether, https://www.colorado.edu/buffstogether
ucb-bursar-campus-resources.agcdn.colorado.edu, bursar-campus-resources, https://www.colorado.edu/bursar-campus-resources
ucb-business.agcdn.colorado.edu, business, https://www.colorado.edu/business
ucb-center-a-queer-endeavor.agcdn.colorado.edu, center/a-queer-endeavor, https://www.colorado.edu/center/a-queer-endeavor
ucb-center-cuchange.agcdn.colorado.edu, center/cuchange, https://www.colorado.edu/center/cuchange
ucb-center-gwc.agcdn.colorado.edu, center/gwc, https://www.colorado.edu/center/gwc
ucb-center-music-entrepreneurship.agcdn.colorado.edu, center/music-entrepreneurship, https://www.colorado.edu/center/music-entrepreneurship
ucb-center-teaching-learning.agcdn.colorado.edu, center/teaching-learning, https://www.colorado.edu/center/teaching-learning
ucb-certificate-iqbiology.agcdn.colorado.edu, certificate/iqbiology, https://www.colorado.edu/certificate/iqbiology
ucb-classics.agcdn.colorado.edu, classics, https://www.colorado.edu/classics
ucb-cmci.agcdn.colorado.edu, cmci, https://www.colorado.edu/cmci
ucb-cmcinow.agcdn.colorado.edu, cmcinow, https://www.colorado.edu/cmcinow
ucb-cognitive-psychology.agcdn.colorado.edu, cognitive-psychology, https://www.colorado.edu/cognitive-psychology
ucb-crdds.agcdn.colorado.edu, crdds, https://www.colorado.edu/crdds
ucb-crowninstitute.agcdn.colorado.edu, crowninstitute, https://www.colorado.edu/crowninstitute
ucb-ctrc.agcdn.colorado.edu, ctrc, https://www.colorado.edu/ctrc
ucb-sportsclub-cubuffshockey.agcdn.colorado.edu, cubuffshockey, https://www.colorado.edu/cubuffshockey
ucb-cudialogues.agcdn.colorado.edu, cudialogues, https://www.colorado.edu/cudialogues
ucb-cuengineering.agcdn.colorado.edu, cuengineering, https://www.colorado.edu/cuengineering
ucb-cumuseum.agcdn.colorado.edu, cumuseum, https://www.colorado.edu/cumuseum
ucb-dark-ages-radio-explorer.agcdn.colorado.edu, dark-ages-radio-explorer, https://www.colorado.edu/dark-ages-radio-explorer
ucb-datacenter.agcdn.colorado.edu, datacenter, https://www.colorado.edu/datacenter
ucb-demos-accessibility-training.agcdn.colorado.edu, demos/accessibility-training, https://www.colorado.edu/demos/accessibility-training
ucb-demos-adv-layout-design-training.agcdn.colorado.edu, demos/adv-layout-design-training, https://www.colorado.edu/demos/adv-layout-design-training
ucb-demos-advanced-content-forms.agcdn.colorado.edu, demos/advanced-content-forms, https://www.colorado.edu/demos/advanced-content-forms
ucb-demos-bundles-training.agcdn.colorado.edu, demos/bundles-training, https://www.colorado.edu/demos/bundles-training
ucb-demos-core-training.agcdn.colorado.edu, demos/core-training, https://www.colorado.edu/demos/core-training
ucb-demos-essentials-tips.agcdn.colorado.edu, demos/essentials-tips, https://www.colorado.edu/demos/essentials-tips
ucb-demos-faculty.agcdn.colorado.edu, demos/faculty, https://www.colorado.edu/demos/faculty
ucb-demos-migration-issues.agcdn.colorado.edu, demos/migration-issues, https://www.colorado.edu/demos/migration-issues
ucb-demos-publications-training.agcdn.colorado.edu, demos/publications-training, https://www.colorado.edu/demos/publications-training
ucb-demos-research-lab.agcdn.colorado.edu, demos/research-lab, https://www.colorado.edu/demos/research-lab
ucb-demos-training.agcdn.colorado.edu, demos/training, https://www.colorado.edu/demos/training
ucb-demos-tutorials.agcdn.colorado.edu, demos/tutorials, https://www.colorado.edu/demos/tutorials
ucb-demos-web-express.agcdn.colorado.edu, demos/web-express, https://www.colorado.edu/demos/web-express
dev-agcdn-globalredirect.pantheonsite.io, dev-agcdn-globalredirect, https://www.colorado.edu/dev-agcdn-globalredirect
ucb-diverselearners.agcdn.colorado.edu, diverselearners, https://www.colorado.edu/diverselearners
ucb-economics.agcdn.colorado.edu, economics, https://www.colorado.edu/economics
ucb-emtnano.agcdn.colorado.edu, emtnano, https://www.colorado.edu/emtnano
ucb-engineeringgraduatestudies.agcdn.colorado.edu, engineeringgraduatestudies, https://www.colorado.edu/engineeringgraduatestudies
ucb-engineeringleadershipprogram.agcdn.colorado.edu, engineeringleadershipprogram, https://www.colorado.edu/engineeringleadershipprogram
ucb-event-buffalobicycleclassic.agcdn.colorado.edu, event/buffalobicycleclassic, https://www.colorado.edu/event/buffalobicycleclassic
ucb-event-calval2020.agcdn.colorado.edu, event/calval2020, https://www.colorado.edu/event/calval2020
ucb-event-ippw2018.agcdn.colorado.edu, event/ippw2018, https://www.colorado.edu/event/ippw2018
ucb-events-cfdsi.agcdn.colorado.edu, events/cfdsi, https://www.colorado.edu/events/cfdsi
ucb-events-cfdsi.agcdn.colorado.edu, events/cfdsi, https://www.colorado.edu/events/cfdsi
ucb-faculty-staff-engagement.agcdn.colorado.edu, faculty-staff-engagement, https://www.colorado.edu/faculty-staff-engagement
ucb-faculty-bowers-john.agcdn.colorado.edu, faculty/bowers-john, https://www.colorado.edu/faculty/bowers-john
dev-ucb-faculty-nakassis.agcdn.colorado.edu, faculty/nakassis-dev, https://www.colorado.edu/faculty/nakassis-dev
ucb-faculty-oreilly.agcdn.colorado.edu, faculty/oreilly, https://www.colorado.edu/faculty/oreilly
ucb-facultyaffairs.agcdn.colorado.edu, facultyaffairs, https://www.colorado.edu/facultyaffairs
ucb-facultydevelopmentandsupport.agcdn.colorado.edu, fds, https://www.colorado.edu/fds
ucb-geography.agcdn.colorado.edu, geography, https://www.colorado.edu/geography
ucb-globalclimatesummit.agcdn.colorado.edu, globalclimatesummit, https://www.colorado.edu/globalclimatesummit
ucb-globalstudiesrap.agcdn.colorado.edu, globalstudiesrap, https://www.colorado.edu/globalstudiesrap
gr-enabled-agcdn-globalredirect.pantheonsite.io, gr-enabled-agcdn-globalredirect, https://www.colorado.edu/gr-enabled-agcdn-globalredirect
gr-modified-agcdn-globalredirect.pantheonsite.io, gr-modified-agcdn-globalredirect, https://www.colorado.edu/gr-modified-agcdn-globalredirect
ucb-gsll.agcdn.colorado.edu, gsll, https://www.colorado.edu/gsll
ucb-homepage.agcdn.colorado.edu, homepage, https://www.colorado.edu/homepage
ucb-honorsjournal.agcdn.colorado.edu, honorsjournal, https://www.colorado.edu/honorsjournal
ucb-hr.agcdn.colorado.edu, hr, https://www.colorado.edu/hr
ucb-hrap.agcdn.colorado.edu, hrap, https://www.colorado.edu/hrap
ucb-iafs.agcdn.colorado.edu, iafs, https://www.colorado.edu/iafs
ucb-ictintegrity.agcdn.colorado.edu, ictintegrity, https://www.colorado.edu/ictintegrity
ucb-initiative-cubit.agcdn.colorado.edu, initiative/cubit, https://www.colorado.edu/initiative/cubit
ucb-jewishstudies.agcdn.colorado.edu, jewishstudies, https://www.colorado.edu/jewishstudies
ucb-lab-biomonitors.agcdn.colorado.edu, lab/biomonitors, https://www.colorado.edu/lab/biomonitors
ucb-lab-burlesonglobaldesigngroup.agcdn.colorado.edu, lab/burlesonglobaldesigngroup, https://www.colorado.edu/lab/burlesonglobaldesigngroup
ucb-lab-davies.agcdn.colorado.edu, lab/davies, https://www.colorado.edu/lab/davies
ucb-lab-esdl.agcdn.colorado.edu, lab/esdl, https://www.colorado.edu/lab/esdl
ucb-lab-flaxman.agcdn.colorado.edu, lab/flaxman, https://www.colorado.edu/lab/flaxman
ucb-lab-greenhouse.agcdn.colorado.edu, lab/greenhouse, https://www.colorado.edu/lab/greenhouse
ucb-lab-hearlab.agcdn.colorado.edu, lab/hearlab, https://www.colorado.edu/lab/hearlab
ucb-lab-nsr.agcdn.colorado.edu, lab/nsr, https://www.colorado.edu/lab/nsr
ucb-launch-test.agcdn.colorado.edu, launch/test, https://www.colorado.edu/launch/test
ucb-law.agcdn.colorado.edu, law, https://www.colorado.edu/law
ucb-leap.agcdn.colorado.edu, leap, https://www.colorado.edu/leap
ucb-libbyrap.agcdn.colorado.edu, libbyrap, https://www.colorado.edu/libbyrap
ucb-lightingprogram.agcdn.colorado.edu, lightingprogram, https://www.colorado.edu/lightingprogram
ucb-linguistics.agcdn.colorado.edu, linguistics, https://www.colorado.edu/linguistics
ucb-map.agcdn.colorado.edu, map, https://www.colorado.edu/map
ucb-masp.agcdn.colorado.edu, masp, https://www.colorado.edu/masp
ucb-mechanical.agcdn.colorado.edu, mechanical, https://www.colorado.edu/mechanical
ucb-move-in.agcdn.colorado.edu, move-in, https://www.colorado.edu/move-in
ucb-music.agcdn.colorado.edu, music, https://www.colorado.edu/music
ucb-next.agcdn.colorado.edu, next, https://www.colorado.edu/next
ucb-nitrogen.agcdn.colorado.edu, nitrogen, https://www.colorado.edu/nitrogen
ucb-oda.agcdn.colorado.edu, oda, https://www.colorado.edu/oda
ucb-oue.agcdn.colorado.edu, oue, https://www.colorado.edu/oue
ucb-pac12summit.agcdn.colorado.edu, pac12summit, https://www.colorado.edu/pac12summit
ucb-pandemic-response.agcdn.colorado.edu, pandemic-response, https://www.colorado.edu/pandemic-response
ucb-parentgiving.agcdn.colorado.edu, parentgiving, https://www.colorado.edu/parentgiving
pathauto-agcdn-globalredirect.pantheonsite.io, pathauto-agcdn-globalredirect, https://www.colorado.edu/pathauto-agcdn-globalredirect
ucb-peacecorps.agcdn.colorado.edu, peacecorps, https://www.colorado.edu/peacecorps
ucb-physics.agcdn.colorado.edu, physics, https://www.colorado.edu/physics
ucb-polisci2.agcdn.colorado.edu, polisci, https://www.colorado.edu/polisci
ucb-prioritization.agcdn.colorado.edu, prioritization, https://www.colorado.edu/prioritization
ucb-program-agesgeochronology.agcdn.colorado.edu, program/agesgeochronology, https://www.colorado.edu/program/agesgeochronology
ucb-program-learningassistant.agcdn.colorado.edu, program/learningassistant, https://www.colorado.edu/program/learningassistant
ucb-program-life-sciences-fyae.agcdn.colorado.edu, program/life-sciences-fyae, https://www.colorado.edu/program/life-sciences-fyae
ucb-program-qsrx.agcdn.colorado.edu, program/qsrx, https://www.colorado.edu/program/qsrx
ucb-program-robotics.agcdn.colorado.edu, program/robotics, https://www.colorado.edu/program/robotics
ucb-program-sqiq.agcdn.colorado.edu, program/sqiq, https://www.colorado.edu/program/sqiq
ucb-programcouncil.agcdn.colorado.edu, programcouncil, https://www.colorado.edu/programcouncil
ucb-project-boulder-apple-tree.agcdn.colorado.edu, project/boulder-apple-tree, https://www.colorado.edu/project/boulder-apple-tree
ucb-project-dark-ages-polarimeter-pathfinder.agcdn.colorado.edu, project/dark-ages-polarimeter-pathfinder, https://www.colorado.edu/project/dark-ages-polarimeter-pathfinder
ucb-project-dat.agcdn.colorado.edu, project/dat, https://www.colorado.edu/project/dat
ucb-project-ethiqstudy.agcdn.colorado.edu, project/ethiqstudy, https://www.colorado.edu/project/ethiqstudy
ucb-project-faculty-engagement.agcdn.colorado.edu, project/faculty-engagement, https://www.colorado.edu/project/faculty-engagement
ucb-project-legacy-retirement.agcdn.colorado.edu, project/legacy-retirement, https://www.colorado.edu/project/legacy-retirement
ucb-project-lemur.agcdn.colorado.edu, project/lemur, https://www.colorado.edu/project/lemur
ucb-project-memorybox.agcdn.colorado.edu, project/memorybox, https://www.colorado.edu/project/memorybox
ucb-project-primers.agcdn.colorado.edu, project/primers, https://www.colorado.edu/project/primers
ucb-recreation.agcdn.colorado.edu, recreation, https://www.colorado.edu/recreation
ucb-registrar2.agcdn.colorado.edu, registrar, https://www.colorado.edu/registrar
ucb-research-learn-dbir.agcdn.colorado.edu, research/learn-dbir, https://www.colorado.edu/research/learn-dbir
ucb-research-machine-learning.agcdn.colorado.edu, research/machine-learning, https://www.colorado.edu/research/machine-learning
ucb-researchinnovation.agcdn.colorado.edu, researchinnovation, https://www.colorado.edu/researchinnovation
ucb-reu-mrs.agcdn.colorado.edu, reu-mrs, https://www.colorado.edu/reu-mrs
ucb-rnc-debate.agcdn.colorado.edu, rnc-debate, https://www.colorado.edu/rnc-debate
ucb-rosergrant.agcdn.colorado.edu, rosergrant, https://www.colorado.edu/rosergrant
ucb-safety.agcdn.colorado.edu, safety, https://www.colorado.edu/safety
ucb-sciencediscovery.agcdn.colorado.edu, sciencediscovery, https://www.colorado.edu/sciencediscovery
ucb-shakespeareatcu.agcdn.colorado.edu, shakespeareatcu, https://www.colorado.edu/shakespeareatcu
ucb-silc.agcdn.colorado.edu, silc, https://www.colorado.edu/silc
ucb-slhs.agcdn.colorado.edu, slhs, https://www.colorado.edu/slhs
ucb-snaglab.agcdn.colorado.edu, snaglab, https://www.colorado.edu/snaglab
ucb-spaceweather.agcdn.colorado.edu, spaceweather, https://www.colorado.edu/spaceweather
ucb-sportsclub-buffgolddance.agcdn.colorado.edu, sportsclub/buffgolddance, https://www.colorado.edu/sportsclub/buffgolddance
ucb-sportsclub-crew.agcdn.colorado.edu, sportsclub/crew, https://www.colorado.edu/sportsclub/crew
ucb-sportsclub-cubuffshockey.agcdn.colorado.edu|, sportsclub/cubuffshockey, https://www.colorado.edu/sportsclub/cubuffshockey
ucb-sportsclub-cycling.agcdn.colorado.edu, sportsclub/cycling, https://www.colorado.edu/sportsclub/cycling
ucb-sportsclub-freeskiing.agcdn.colorado.edu, sportsclub/freeskiing, https://www.colorado.edu/sportsclub/freeskiing
ucb-sportsclub-kayaking.agcdn.colorado.edu, sportsclub/kayaking, https://www.colorado.edu/sportsclub/kayaking
ucb-sportsclub-mensclubsoccer.agcdn.colorado.edu, sportsclub/mensclubsoccer, https://www.colorado.edu/sportsclub/mensclubsoccer
ucb-sportsclub-mensrugby.agcdn.colorado.edu, sportsclub/mensrugby, https://www.colorado.edu/sportsclub/mensrugby
ucb-sportsclub-snowboarding.agcdn.colorado.edu, sportsclub/snowboarding, https://www.colorado.edu/sportsclub/snowboarding
ucb-sportsclub-swimanddive.agcdn.colorado.edu, sportsclub/swimanddive, https://www.colorado.edu/sportsclub/swimanddive
ucb-sportsclub-tennis.agcdn.colorado.edu, sportsclub/tennis, https://www.colorado.edu/sportsclub/tennis
ucb-sportsclub-womensicehockey.agcdn.colorado.edu, sportsclub/womensicehockey, https://www.colorado.edu/sportsclub/womensicehockey
ucb-sportsclub-womensrugby.agcdn.colorado.edu, sportsclub/womensrugby, https://www.colorado.edu/sportsclub/womensrugby
ucb-sportsclub-womensvolleyball.agcdn.colorado.edu, sportsclub/womensvolleyball, https://www.colorado.edu/sportsclub/womensvolleyball
ucb-srap.agcdn.colorado.edu, srap, https://www.colorado.edu/srap
ucb-studentgroups-aiche.agcdn.colorado.edu, studentgroups/aiche, https://www.colorado.edu/studentgroups/aiche
ucb-studentgroups-cobra.agcdn.colorado.edu, studentgroups/cobra, https://www.colorado.edu/studentgroups/cobra
ucb-studentgroups-cusrl.agcdn.colorado.edu, studentgroups/cusrl, https://www.colorado.edu/studentgroups/cusrl
ucb-studentgroups-international.agcdn.colorado.edu, studentgroups/international, https://www.colorado.edu/studentgroups/international
ucb-studentgroups-msa.agcdn.colorado.edu, studentgroups/msa, https://www.colorado.edu/studentgroups/msa
ucb-studentgroups-stemroutes.agcdn.colorado.edu, studentgroups/stemroutes, https://www.colorado.edu/studentgroups/stemroutes
ucb-symposium-mcdb-50th.agcdn.colorado.edu, symposium/mcdb-50th, https://www.colorado.edu/symposium/mcdb-50th
ucbtest-test-alpha.agcdn.colorado.edu, test/alpha, https://www.colorado.edu/test/alpha
ucb-today.agcdn.colorado.edu, today, https://www.colorado.edu/today
ucbdev-sandbox-express.agcdn.colorado.edu, ucbdev-sandbox-express, https://www.colorado.edu/ucbdev-sandbox-express
ucb-urop.agcdn.colorado.edu, urop, https://www.colorado.edu/urop
ucb-volunteer.agcdn.colorado.edu, volunteer, https://www.colorado.edu/volunteer
ucb-webcentral.agcdn.colorado.edu, webcentral, https://www.colorado.edu/webcentral
ucb-wgst.agcdn.colorado.edu, wgst, https://www.colorado.edu/wgst
ucb-lab-welkerlab.agcdn.colorado.edu, lab/welkerlab, https://www.colorado.edu/lab/welkerlab
ucb-program-publichealth.agcdn.colorado.edu, program/publichealth, https://www.colorado.edu/program/publichealth
ucb-cmcitechexperience.agcdn.colorado.edu, cmcitechexperience, https://www.colorado.edu/cmcitechexperience
