ucb-artsandsciencestransfer,colorado.edu/artsandsciencestransfer
ucb-asmagazine,colorado.edu/asmagazine
ucb-behavioral-genetics,colorado.edu/behavioral-genetics
ucb-bfa,colorado.edu/bfa
ucb-biophysics,colorado.edu/biophysics
ucb-boettcher-daniels-norlin-scholars,colorado.edu/boettcher-daniels-norlin-scholars
ucb-cartss,colorado.edu/cartss
ucb-cedar,colorado.edu/cedar
ucb-cees,colorado.edu/cees
ucb-center-altec,colorado.edu/center/altec
ucb-center-reach,colorado.edu/center/reach
ucb-certificate-ej,colorado.edu/certificate/ej
ucb-chemistry,colorado.edu/chemistry
ucb-cisw,colorado.edu/cisw
ucb-cmcistudentmedia,colorado.edu/cmcistudentmedia
ucb-cmems,colorado.edu/cmems
ucb-cmrc,colorado.edu/cmrc
ucb-computerengineering,colorado.edu/computerengineering
ucb-conference-cwwmca,colorado.edu/conference/cwwmca
ucb-course-sites-libb-2500,colorado.edu/course-sites/libb/2500
ucb-cubequest,colorado.edu/cubequest
ucb-cuengage,colorado.edu/cuengage
ucb-daoisttexts,colorado.edu/daoisttexts
ucb-dynamicscontrols,colorado.edu/dynamicscontrols
ucb-enrollment-management,colorado.edu/enrollment-management
ucb-envd,colorado.edu/envd
ucb-ethnicstudies,colorado.edu/ethnicstudies
ucb-event-ifest,colorado.edu/event/ifest
ucb-facility-mimic,colorado.edu/facility/mimic
ucb-faculty-amadei,colorado.edu/faculty/amadei
ucb-faculty-argrow,colorado.edu/faculty/argrow
ucb-faculty-axelrad,colorado.edu/faculty/axelrad
ucb-faculty-barnes,colorado.edu/faculty/barnes
ucb-faculty-bastias,colorado.edu/faculty/bastias
ucb-faculty-bielefeldt,colorado.edu/faculty/bielefeldt
ucb-faculty-black,colorado.edu/faculty/black
ucb-faculty-borden,colorado.edu/faculty/borden
ucb-faculty-cai,colorado.edu/faculty/cai
ucb-faculty-cha,colorado.edu/faculty/cha
ucb-faculty-chinowsky,colorado.edu/faculty/chinowsky
ucb-faculty-liu-eugene,colorado.edu/faculty/liu-eugene
ucb-faculty-lopezjimenez,colorado.edu/faculty/lopezjimenez
ucb-faculty-macdonald,colorado.edu/faculty/macdonald
ucb-faculty-segil,colorado.edu/faculty/segil
ucb-faculty-somenzi,colorado.edu/faculty/somenzi
ucb-faculty-torresmachi,colorado.edu/faculty/torresmachi
ucb-faculty-varanasi,colorado.edu/faculty/varanasi
ucb-faculty-wagner,colorado.edu/faculty/wagner
ucb-faculty-zhai,colorado.edu/faculty/zhai
ucb-firesurvey,colorado.edu/firesurvey
ucb-flatironsforum,colorado.edu/flatironsforum
ucb-genders,colorado.edu/genders
ucb-gendersarchive1998-2013,colorado.edu/gendersarchive1998-2013
ucb-geophysics,colorado.edu/geophysics
ucb-globalbrigades,colorado.edu/globalbrigades
ucb-gpsg,colorado.edu/gpsg
ucb-group-cu-cmg,colorado.edu/group/cu-cmg
ucb-guardianscholars,colorado.edu/guardianscholars
ucb-guitarfestival,colorado.edu/guitarfestival
ucb-health,colorado.edu/health
ucb-healthcenter,colorado.edu/healthcenter
ucb-ibg,colorado.edu/ibg
ucb-irt-mfm,colorado.edu/irt/mfm
ucb-keller,colorado.edu/keller
ucb-klinden,colorado.edu/klinden
ucb-lab-cameron,colorado.edu/lab/cameron
ucb-lab-experimentalaerodynamics,colorado.edu/lab/experimentalaerodynamics
ucb-lab-heard,colorado.edu/lab/heard
ucb-lab-mapl,colorado.edu/lab/mapl
ucb-lab-matsuo,colorado.edu/lab/matsuo
ucb-lab-rockpoweredlife,colorado.edu/lab/rockpoweredlife
ucb-lab-sammakiagroup,colorado.edu/lab/sammakiagroup
ucb-lab-sbs,colorado.edu/lab/sbs
ucb-lab-schwartzgroup,colorado.edu/lab/schwartzgroup
ucb-lab-sharmagroup,colorado.edu/lab/sharmagroup
ucb-lab-shine,colorado.edu/lab/shine
ucb-lab-skodjegroup,colorado.edu/lab/skodjegroup
ucb-lab-sleepdev,colorado.edu/lab/sleepdev
ucb-lab-social-neuroscience-lab,colorado.edu/lab/social-neuroscience-lab
ucb-lab-social-perception,colorado.edu/lab/social-perception
ucb-lab-sousa,colorado.edu/lab/sousa
ucb-lab-thedata,colorado.edu/lab/thedata
ucb-lab-toney-group,colorado.edu/lab/toney-group
ucb-lab-vaidagroup,colorado.edu/lab/vaidagroup
ucb-lab-vernerey,colorado.edu/lab/vernerey
ucb-lab-wanggroup,colorado.edu/lab/wanggroup
ucb-lab-wavelab,colorado.edu/lab/wavelab
ucb-lab-wirg,colorado.edu/lab/wirg/
ucb-math,colorado.edu/math
ucb-mcneill,colorado.edu/mcneill
ucb-mse,colorado.edu/mse
ucb-neuroscience,colorado.edu/neuroscience
ucb-oda,colorado.edu/oda
ucb-opticsnanobio,colorado.edu/opticsnanobio
ucb-outreach-paces,colorado.edu/outreach/paces
ucb-pac,colorado.edu/pac
ucb-physics-jila-reu,colorado.edu/physics-jila-reu
ucb-powerelectronics,colorado.edu/powerelectronics
ucb-precollege,colorado.edu/precollege
ucb-program-b2b,colorado.edu/program/b2b
ucb-program-clasp,colorado.edu/program/clasp
ucb-program-cmcipathways,colorado.edu/program/cmcipathways
ucb-program-ide,colorado.edu/program/ide
ucb-programs-chr,colorado.edu/programs/chr
ucb-programs-socialinnovation,colorado.edu/programs/socialinnovation
ucb-project-environmental-futures,colorado.edu/project/environmental-futures
ucb-project-everflowmandarin,colorado.edu/project/everflowmandarin
ucb-ptea,colorado.edu/ptea
ucb-ptea-curriculum,colorado.edu/ptea-curriculum
ucb-pts,colorado.edu/pts
ucb-recuv,colorado.edu/recuv
ucb-research-qsense,colorado.edu/research/qsense
ucb-rioverdearchaeology,colorado.edu/rioverdearchaeology
ucb-srs,colorado.edu/srs
ucb-stempathways,colorado.edu/stempathways
ucb-studentgroup-soless,colorado.edu/studentgroup/soless
ucb-studentgroups-colorado-engineer,colorado.edu/studentgroups/colorado-engineer
ucb-studentgroups-hyperloop,colorado.edu/studentgroups/hyperloop
,colorado.edu/studentgroups/msa
ucb-studentgroups-agc,colorado.edu/studentgroups/racing-team
ucb-studentgroups-woaa,colorado.edu/studentgroups/woaa
ucb-studentlegal,colorado.edu/studentlegal
ucb-summer,colorado.edu/summer
ucb-umc,colorado.edu/umc
ucb-studentgroup-dip-undergraduate-journal,colorado.edu/studentgroup/dip-undergraduate-journal
ucb-studentgroup-robotic-mining-team,colorado.edu/studentgroup/robotic-mining-team
ucb-studentgroups-aed,colorado.edu/studentgroups/aed
ucb-studentgroups-agc,colorado.edu/studentgroups/agc
ucb-studentgroups-amwa,colorado.edu/studentgroups/amwa
ucb-studentgroups-armor,colorado.edu/studentgroups/armor
ucb-studentgroups-ashrae,colorado.edu/studentgroups/ashrae
ucb-studentgroups-asme,colorado.edu/studentgroups/asme
ucb-studentgroups-biologyclub,colorado.edu/studentgroups/biologyclub
ucb-studentgroups-boardgameunderground,colorado.edu/studentgroups/boardgameunderground
