ucb-academicaffairs,academicaffairs
ucb-accreditation,accreditation
ucb-advising,advising
ucb-aerospace,aerospace
ucb-alc,alc
ucb-anthropology,anthropology
ucb-aps,aps
ucb-artssciences-advising,artssciences-advising
ucb-atoc,atoc
ucb-auxiliaryservices,auxiliaryservices
ucb-b2g,b2g
ucb-bioastronautics,bioastronautics
ucb-biologyadvising,biologyadvising
ucb-buffportaladvising,buffportaladvising
ucb-cadre,cadre
ucb-cadswes,cadswes
ucb-center-british-irish-studies,center/british-irish-studies
ucb-center-c3bc,center/c3bc
ucb-center-cdem,center/cdem
ucb-center-cips,center/cips
ucb-center-criticalthought,center/criticalthought
ucb-cha,cha
ucb-clinicalpsychology,clinicalpsychology
ucb-composition,composition
ucb-conference-greebs,conference/greebs
ucb-conference-rmihc,conference/rmihc
ucb-counseling,counseling
ucb-course-sites-musc-1121,course-sites/musc/1121
ucb-course-sites-musc-1131,course-sites/musc/1131
ucb-course-sites-musc-2121,course-sites/musc/2121
ucb-crm,crm
ucb-cubouldersouth,cubouldersouth
ucb-designforamerica,designforamerica
ucb-ecee,ecee
ucb-ehs,ehs
ucb-emag-research,emag-research
ucb-engineering-advising,engineering-advising
ucb-envs,envs
ucb-facility-biochemistry-cell-culture,facility/biochemistry-cell-culture
ucb-facility-biokem,facility/biokem
ucb-facility-ems,facility/ems
ucb-faculty-ashraf-asa,faculty/ashraf-asa
ucb-faculty-avila-sara,faculty/avila-sara
ucb-faculty-beer,faculty/beer
ucb-faculty-bhuvana-narasimhan,faculty/bhuvana-narasimhan
ucb-faculty-bogatin,faculty/bogatin
ucb-faculty-bolhari,faculty/bolhari
ucb-faculty-bosanac,faculty/bosanac
ucb-faculty-bottenus,faculty/bottenus
ucb-faculty-boyd,faculty/boyd
ucb-faculty-burns,faculty/burns
ucb-faculty-pao,faculty/pao
ucb-faculty-pellegrino,faculty/pellegrino
ucb-faculty-piketmay-melinda,faculty/piketmay-melinda
ucb-faculty-popovic-zoya,faculty/popovic-zoya
ucb-faculty-preston,faculty/preston
ucb-faculty-richter-matthias,faculty/richter-matthias
ucb-faculty-samueloberdick,faculty/samueloberdick
ucb-faculty-shaheen,faculty/shaheen
ucb-faculty-sheldon-masters,faculty/sheldon-masters
ucb-faculty-shriver-scott,faculty/scott-shriver
ucb-firelifesafety,firelifesafety
ucb-fmenergy,fmenergy
ucb-gaann-infrastructure,gaann-infrastructure
ucb-geologicalsciences,geologicalsciences
ucb-health,health
ucb-history,history
ucb-imagingservices,imagingservices
ucb-lab-aaron-whiteley,lab/aaron-whiteley
ucb-lab-ahn,lab/ahn
ucb-lab-alex-whiteley,lab/alex-whiteley
ucb-lab-allen,lab/allen
ucb-lab-amtl,lab/amtl
ucb-lab-antenna,lab/antenna
ucb-lab-arch,lab/arch
ucb-lab-bachtell,lab/bachtell
ucb-lab-barthelat,lab/barthelat
ucb-lab-bay,lab/bay
ucb-lab-betterton,lab/betterton
ucb-lab-bierbaumgroup,lab/bierbaumgroup
ucb-lab-biocore,lab/biocore
ucb-lab-bowmangroup,lab/bowmangroup
ucb-lab-breeze,lab/breeze
ucb-lab-burdick,lab/burdick
ucb-lab-cems,lab/cems
ucb-lab-cook,lab/cook
ucb-lab-correll,lab/correll
ucb-lab-cufemm,lab/cufemm
ucb-lab-curran-lab,lab/curran-lab
ucb-lab-detweiler-lab,lab/detweiler-lab
ucb-lab-diddams,lab/diddams
ucb-lab-ding,lab/ding
ucb-lab-doak,lab/doak
ucb-lab-dukovicgroup,lab/dukovicgroup
ucb-lab-eavesgroup,lab/eavesgroup
ucb-lab-ecological-fluids,lab/ecological-fluids
ucb-lab-immersivemedia,lab/immersivemedia
ucb-lab-media-archeology-lab,lab/media-archeology-lab
ucb-lab-palmer,lab/palmer
ucb-mcdb,mcdb
ucb-nest,nest
ucb-offcampus,offcampus
ucb-pacs,pacs
ucb-pathwaytospace,pathwaytospace
ucb-program-asqf,program/asqf
ucb-programs-prehealth-advising,programs/prehealth-advising
ucb-project-bbb,project/bbb
ucb-project-cmpshowcase,project/cmpshowcase
ucb-project-imagine-ai,project/imagine-ai
ucb-property,property
ucb-psychology-neuroscience-advising,psychology-neuroscience-advising
ucb-rc,rc
ucb-rlst,rlst
ucb-rmla,rmla
ucb-sasc,sasc
ucb-sccr,sccr
ucb-scr,scr
ucb-sei,sei
ucb-smokefree,smokefree
ucb-social-psychology,social-psychology
ucb-socialreactors,socialreactors
ucb-spaceminor,spaceminor
ucb-tacenter,tacenter
ucb-tribalstem,tribalstem
