ucb-accreditation,colorado.edu/accreditation
ucb-aerospace,colorado.edu/aerospace
ucb-alc,colorado.edu/alc
ucb-anthropology,colorado.edu/anthropology
ucb-aps,colorado.edu/aps
ucb-artssciences-advising,colorado.edu/artssciences-advising
ucb-atoc,colorado.edu/atoc
ucb-auxiliaryservices,colorado.edu/auxiliaryservices
ucb-b2g,colorado.edu/b2g
ucb-bioastronautics,colorado.edu/bioastronautics
ucb-biologyadvising,colorado.edu/biologyadvising
ucb-buffportaladvising,colorado.edu/buffportaladvising
ucb-cadswes,colorado.edu/cadswes
ucb-center-british-irish-studies,colorado.edu/center/british-irish-studies
ucb-center-c3bc,colorado.edu/center/c3bc
ucb-center-criticalthought,colorado.edu/center/criticalthought
ucb-cha,colorado.edu/cha
ucb-clinicalpsychology,colorado.edu/clinicalpsychology
ucb-composition,colorado.edu/composition
ucb-conference-greebs,colorado.edu/conference/greebs
ucb-conference-rmihc,colorado.edu/conference/rmihc
colorado.edu/conferenceservices,colorado.edu/conferenceservices
ucb-counseling,colorado.edu/counseling
ucb-course-sites-musc-1121,colorado.edu/course-sites/musc/1121
ucb-course-sites-musc-1131,colorado.edu/course-sites/musc/1131
ucb-course-sites-musc-2121,colorado.edu/course-sites/musc/2121
ucb-crm,colorado.edu/crm
ucb-cubouldersouth,colorado.edu/cubouldersouth
ucb-designforamerica,colorado.edu/designforamerica
ucb-ecee,colorado.edu/ecee
ucb-ehs,colorado.edu/ehs
ucb-emag-research,colorado.edu/emag-research
ucb-engineering-advising,colorado.edu/engineering-advising
ucb-envs,colorado.edu/envs
ucb-facility-biochemistry-cell-culture,colorado.edu/facility/biochemistry-cell-culture
ucb-facility-biokem,colorado.edu/facility/biokem
ucb-facility-ems,colorado.edu/facility/ems
ucb-faculty-ashraf-asa,colorado.edu/faculty/ashraf-asa
ucb-faculty-avila-sara,colorado.edu/faculty/avila-sara
ucb-faculty-beer,colorado.edu/faculty/beer
ucb-faculty-bhuvana-narasimhan,colorado.edu/faculty/bhuvana-narasimhan
ucb-faculty-bogatin,colorado.edu/faculty/bogatin
ucb-faculty-bolhari,colorado.edu/faculty/bolhari
ucb-faculty-bosanac,colorado.edu/faculty/bosanac
ucb-faculty-bottenus,colorado.edu/faculty/bottenus
ucb-faculty-boyd,colorado.edu/faculty/boyd
ucb-faculty-burns,colorado.edu/faculty/burns
ucb-faculty-pao,colorado.edu/faculty/pao
ucb-faculty-pellegrino,colorado.edu/faculty/pellegrino
ucb-faculty-piketmay-melinda,colorado.edu/faculty/piketmay-melinda
ucb-faculty-popovic-zoya,colorado.edu/faculty/popovic-zoya
ucb-faculty-preston,colorado.edu/faculty/preston
ucb-faculty-richter-matthias,colorado.edu/faculty/richter-matthias
ucb-faculty-samueloberdick,colorado.edu/faculty/samueloberdick
ucb-faculty-shriver-scott,colorado.edu/faculty/scott-shriver
ucb-faculty-shaheen,colorado.edu/faculty/shaheen
ucb-faculty-sheldon-masters,colorado.edu/faculty/sheldon-masters
ucb-firelifesafety,colorado.edu/firelifesafety
ucb-fmenergy,colorado.edu/fmenergy
ucb-gaann-infrastructure,colorado.edu/gaann-infrastructure
ucb-geologicalsciences,colorado.edu/geologicalsciences
ucb-history,colorado.edu/history
ucb-imagingservices,colorado.edu/imagingservices
ucb-lab-aaron-whiteley,colorado.edu/lab/aaron-whiteley
ucb-lab-ahn,colorado.edu/lab/ahn
ucb-lab-alex-whiteley,colorado.edu/lab/alex-whiteley
ucb-lab-allen,colorado.edu/lab/allen
ucb-lab-amtl,colorado.edu/lab/amtl
ucb-lab-antenna,colorado.edu/lab/antenna
ucb-lab-arch,colorado.edu/lab/arch
ucb-lab-bachtell,colorado.edu/lab/bachtell
ucb-lab-barthelat,colorado.edu/lab/barthelat
ucb-lab-bay,colorado.edu/lab/bay
ucb-lab-betterton,colorado.edu/lab/betterton/
ucb-lab-bierbaumgroup,colorado.edu/lab/bierbaumgroup
ucb-lab-biocore,colorado.edu/lab/biocore
ucb-lab-bowmangroup,colorado.edu/lab/bowmangroup
ucb-lab-breeze,colorado.edu/lab/breeze
ucb-lab-burdick,colorado.edu/lab/burdick
ucb-lab-cems,colorado.edu/lab/cems
ucb-lab-cook,colorado.edu/lab/cook
ucb-lab-correll,colorado.edu/lab/correll
ucb-lab-cufemm,colorado.edu/lab/cufemm
ucb-lab-curran-lab,colorado.edu/lab/curran-lab
ucb-lab-detweiler-lab,colorado.edu/lab/detweiler-lab
ucb-lab-diddams,colorado.edu/lab/diddams
ucb-lab-ding,colorado.edu/lab/ding
ucb-lab-doak,colorado.edu/lab/doak
ucb-lab-dukovicgroup,colorado.edu/lab/dukovicgroup
ucb-lab-eavesgroup,colorado.edu/lab/eavesgroup
ucb-lab-ecological-fluids,colorado.edu/lab/ecological-fluids
ucb-lab-immersivemedia,colorado.edu/lab/immersivemedia
ucb-lab-media-archeology-lab,colorado.edu/lab/media-archeology-lab
ucb-lab-palmer,colorado.edu/lab/palmer
ucb-mcdb,colorado.edu/mcdb
ucb-nest,colorado.edu/nest/
ucb-offcampus,colorado.edu/offcampus
ucb-pacs,colorado.edu/pacs
ucb-pathwaytospace,colorado.edu/pathwaytospace
ucb-program-asqf,colorado.edu/program/asqf
ucb-programs-prehealth-advising,colorado.edu/programs/prehealth-advising
ucb-project-bbb,colorado.edu/project/bbb
ucb-project-cmpshowcase,colorado.edu/project/cmpshowcase
ucb-project-imagine-ai,colorado.edu/project/imagine-ai
ucb-property,colorado.edu/property
ucb-psychology-neuroscience-advising,colorado.edu/psychology-neuroscience-advising
ucb-rc,colorado.edu/rc
ucb-rlst,colorado.edu/rlst
ucb-rmla,colorado.edu/rmla
ucb-sasc,colorado.edu/sasc
ucb-sccr,colorado.edu/sccr
ucb-scr,colorado.edu/scr
ucb-sei,colorado.edu/sei
ucb-social-psychology,colorado.edu/social-psychology
ucb-socialreactors,colorado.edu/socialreactors
ucb-spaceminor,colorado.edu/spaceminor
ucb-tacenter,colorado.edu/tacenter
ucb-tribalstem,colorado.edu/tribalstem
