ucb-ansethgroup,colorado.edu/ansethgroup
ucb-bahri,colorado.edu/bahri
ucb-bryantgroup,colorado.edu/bryantgroup
ucb-cem,colorado.edu/cem
ucb-center-bioserve,colorado.edu/center/bioserve
ucb-center-cdem,colorado.edu/center/cdem
ucb-center-ciest,colorado.edu/center/ciest
ucb-center-contemplativeresource,colorado.edu/center/contemplativeresource
ucb-center-mortenson,colorado.edu/center/mortenson
ucb-center-oddace,colorado.edu/center/oddace
ucb-center-west,colorado.edu/center/west
ucb-ceprehealth,colorado.edu/ceprehealth
ucb-cs-theory,colorado.edu/cs-theory
ucb-csl,colorado.edu/csl
ucb-cuwizards,colorado.edu/cuwizards
ucb-cwa,colorado.edu/cwa
ucb-dei,colorado.edu/dei
ucb-education-research-hub,colorado.edu/education-research-hub
ucb-engineering-facultystaff,colorado.edu/engineering-facultystaff
ucb-eventsplanning,colorado.edu/eventsplanning
ucb-facilities-cmci-equipment,colorado.edu/facilities/cmci-equipment
ucb-faculty-anderson-ken,colorado.edu/faculty/anderson-ken
ucb-faculty-cadena,colorado.edu/faculty/cadena
ucb-faculty-jessup,colorado.edu/faculty/jessup
ucb-faculty-karengebhardt,colorado.edu/faculty/karengebhardt
ucb-faculty-kimbrough-keller,colorado.edu/faculty/kimbrough-keller
ucb-faculty-laguna,colorado.edu/faculty/laguna
ucb-faculty-liu-liu,colorado.edu/faculty/liu-liu
ucb-faculty-mcclure,colorado.edu/faculty/mcclure
ucb-faculty-mcgilvray-dennis,colorado.edu/faculty/mcgilvray-dennis
ucb-faculty-whitehead,colorado.edu/faculty/whitehead
ucb-fbs,colorado.edu/fbs
ucb-fis,colorado.edu/fis
ucb-global,colorado.edu/global
ucb-i-camp,colorado.edu/i-camp
ucb-initiative-applied-history,colorado.edu/initiative/applied-history
ucb-initiative-cdi,colorado.edu/initiative/cdi
ucb-initiative-cu-boulder-rural-network,colorado.edu/initiative/cu-boulder-rural-network
ucb-initiative-space-and-sustainability,colorado.edu/initiative/space-and-sustainability
ucb-innovate,colorado.edu/innovate
ucb-post-holocaustamericanjudaismcollections,colorado.edu/innovationsinjewishlifecollections
ucb-isiec,colorado.edu/isiec
ucb-ismrc,colorado.edu/ismrc
ucb-jtc,colorado.edu/jtc
ucb-lab-falke,colorado.edu/lab/falke
ucb-lab-gpo,colorado.edu/lab/gpo
ucb-lab-jayaram,colorado.edu/lab/jayaram
ucb-lab-johnson-laboratory,colorado.edu/lab/johnson-laboratory
ucb-lab-leinwand,colorado.edu/lab/leinwand
ucb-lab-mcgehee,colorado.edu/lab/mcgehee
ucb-lab-mchenry,colorado.edu/lab/mchenry
ucb-lab-mcrae,colorado.edu/lab/mcrae
ucb-lab-medlab,colorado.edu/lab/medlab
ucb-lab-motor-speech,colorado.edu/lab/motor-speech
ucb-lab-neulab,colorado.edu/lab/neulab
ucb-lab-ngpdl,colorado.edu/lab/ngpdl
ucb-lab-rf-satnav,colorado.edu/lab/rf-satnav
ucb-lab-rieker,colorado.edu/lab/rieker
ucb-lab-shirtsgroup,colorado.edu/lab/shirtsgroup
ucb-lab-speaking,colorado.edu/lab/speaking
ucb-lab-weimer,colorado.edu/lab/weimer
ucb-lab-whiting,colorado.edu/lab/whiting
ucb-lab-zhanggroup,colorado.edu/lab/zhanggroup
ucb-lead,colorado.edu/lead
ucb-mri,colorado.edu/mri/
ucb-news-formedia,colorado.edu/news/formedia
ucb-ombuds,colorado.edu/ombuds
ucb-orientation,colorado.edu/orientation
ucb-outreach-korey-wise-innocence-project,colorado.edu/outreach/korey-wise-innocence-project
ucb-outreach-mcm-lter,colorado.edu/outreach/mcm-lter
ucb-per,colorado.edu/per
ucb-program-writingcenter,colorado.edu/program/writingcenter
ucb-project-lunar-farside,colorado.edu/project/lunar-farside
ucb-project-maxwellcubesat,colorado.edu/project/maxwellcubesat
ucb-project-stem-transfer-study,colorado.edu/project/stem-transfer-study
ucb-redfolder,colorado.edu/redfolder
ucb-res,colorado.edu/res
ucb-research-abnexus,colorado.edu/research/abnexus
ucb-research-arctic-rivers,colorado.edu/research/arctic-rivers
ucb-research-buffs-health-alumni-study,colorado.edu/research/buffs-health-alumni-study
ucb-research-cbb,colorado.edu/research/cbb
ucb-research-cure,colorado.edu/research/cure
ucb-lab-chatterjeelab,colorado.edu/research/geometric-viability-assay
ucb-research-studiolab,colorado.edu/research/studiolab
ucb-retiredfaculty,colorado.edu/retiredfaculty
ucb-rocky-mountain-research-data-center,colorado.edu/rocky-mountain-research-data-center
ucb-saebaja,colorado.edu/saebaja
ucb-sbo,colorado.edu/sbo
ucb-seniors,colorado.edu/seniors
ucb-service-workforce,colorado.edu/service/workforce
ucb-sharedinstrumentation,colorado.edu/sharedinstrumentation
ucb-smokefree,colorado.edu/smokefree
ucb-space-optimization,colorado.edu/space-optimization
ucb-support-sscm,colorado.edu/support/sscm
ucb-sustainability,colorado.edu/sustainability
ucb-topscholarships,colorado.edu/topscholarships
ucb-unified-experience,colorado.edu/unified-experience
ucb-honors,www.colorado.edu/honors
