ucb-artsandsciencestransfer,artsandsciencestransfer
ucb-asmagazine,asmagazine
ucb-behavioral-genetics,behavioral-genetics
ucb-bfa,bfa
ucb-biophysics,biophysics
ucb-boettcher-daniels-norlin-scholars,boettcher-daniels-norlin-scholars
ucb-cartss,cartss
ucb-cedar,cedar
ucb-cees,cees
ucb-center-altec,center/altec
ucb-center-reach,center/reach
ucb-certificate-ej,certificate/ej
ucb-chemistry,chemistry
ucb-cisw,cisw
ucb-cmcistudentmedia,cmcistudentmedia
ucb-cmems,cmems
ucb-cmrc,cmrc
ucb-computerengineering,computerengineering
ucb-conference-cwwmca,conference/cwwmca
ucb-conferenceservices,conferenceservices
ucb-course-sites-libb-2500,course-sites/libb/2500
ucb-cs,cs
ucb-cubequest,cubequest
ucb-cuengage,cuengage
ucb-daoisttexts,daoisttexts
ucb-dynamicscontrols,dynamicscontrols
ucb-enrollment-management,enrollment-management
ucb-envd,envd
ucb-ethnicstudies,ethnicstudies
ucb-event-ifest,event/ifest
ucb-facility-mimic,facility/mimic
ucb-faculty-amadei,faculty/amadei
ucb-faculty-argrow,faculty/argrow
ucb-faculty-axelrad,faculty/axelrad
ucb-faculty-barnes,faculty/barnes
ucb-faculty-bastias,faculty/bastias
ucb-faculty-bielefeldt,faculty/bielefeldt
ucb-faculty-black,faculty/black
ucb-faculty-cai,faculty/cai
ucb-faculty-cha,faculty/cha
ucb-faculty-chinowsky,faculty/chinowsky
ucb-faculty-liu-eugene,faculty/liu-eugene
ucb-faculty-lopezjimenez,faculty/lopezjimenez
ucb-faculty-macdonald,faculty/macdonald
ucb-faculty-segil,faculty/segil
ucb-faculty-somenzi,faculty/somenzi
ucb-faculty-torresmachi,faculty/torresmachi
ucb-faculty-varanasi,faculty/varanasi
ucb-faculty-wagner,faculty/wagner
ucb-faculty-zhai,faculty/zhai
ucb-firesurvey,firesurvey
ucb-flatironsforum,flatironsforum
ucb-genders,genders
ucb-gendersarchive1998-2013,gendersarchive1998-2013
ucb-geophysics,geophysics
ucb-globalbrigades,globalbrigades
ucb-gpsg,gpsg
ucb-group-cu-cmg,group/cu-cmg
ucb-guardianscholars,guardianscholars
ucb-guitarfestival,guitarfestival
ucb-healthcenter,healthcenter
ucb-ibg,ibg
ucb-ics,ics
ucb-initiative-cubit,initiative/cubit
ucb-irt-mfm,irt/mfm
ucb-keller,keller
ucb-klinden,klinden
ucb-lab-cameron,lab/cameron
ucb-lab-experimentalaerodynamics,lab/experimentalaerodynamics
ucb-lab-heard,lab/heard
ucb-lab-mapl,lab/mapl
ucb-lab-matsuo,lab/matsuo
ucb-lab-rockpoweredlife,lab/rockpoweredlife
ucb-lab-sammakiagroup,lab/sammakiagroup
ucb-lab-sbs,lab/sbs
ucb-lab-schwartzgroup,lab/schwartzgroup
ucb-lab-sharmagroup,lab/sharmagroup
ucb-lab-shine,lab/shine
ucb-lab-skodjegroup,lab/skodjegroup
ucb-lab-sleepdev,lab/sleepdev
ucb-lab-social-neuroscience-lab,lab/social-neuroscience-lab
ucb-lab-social-perception,lab/social-perception
ucb-lab-sousa,lab/sousa
ucb-lab-thedata,lab/thedata
ucb-lab-toney-group,lab/toney-group
ucb-lab-vaidagroup,lab/vaidagroup
ucb-lab-vernerey,lab/vernerey
ucb-lab-wanggroup,lab/wanggroup
ucb-lab-wavelab,lab/wavelab
ucb-lab-wirg,lab/wirg
ucb-math,math
ucb-mcneill,mcneill
ucb-mse,mse
ucb-neuroscience,neuroscience
ucb-oda,oda
ucb-opticsnanobio,opticsnanobio
ucb-outreach-paces,outreach/paces
ucb-pac,pac
ucb-physics-jila-reu,physics-jila-reu
ucb-powerelectronics,powerelectronics
ucb-precollege,precollege
ucb-program-b2b,program/b2b
ucb-program-clasp,program/clasp
ucb-program-cmcipathways,program/cmcipathways
ucb-program-ide,program/ide
ucb-programs-chr,programs/chr
ucb-programs-socialinnovation,programs/socialinnovation
ucb-project-environmental-futures,project/environmental-futures
ucb-project-everflowmandarin,project/everflowmandarin
ucb-ptea,ptea
ucb-ptea-curriculum,ptea-curriculum
ucb-pts,pts
ucb-recuv,recuv
ucb-research-qsense,research/qsense
ucb-rioverdearchaeology,rioverdearchaeology
ucb-srs,srs
ucb-stempathways,stempathways
ucb-studentgroup-dip-undergraduate-journal,studentgroup/dip-undergraduate-journal
ucb-studentgroup-robotic-mining-team,studentgroup/robotic-mining-team
ucb-studentgroup-soless,studentgroup/soless
ucb-studentgroups-aed,studentgroups/aed
ucb-studentgroups-agc,studentgroups/agc
ucb-studentgroups-amwa,studentgroups/amwa
ucb-studentgroups-armor,studentgroups/armor
ucb-studentgroups-ashrae,studentgroups/ashrae
ucb-studentgroups-asme,studentgroups/asme
ucb-studentgroups-biologyclub,studentgroups/biologyclub
ucb-studentgroups-boardgameunderground,studentgroups/boardgameunderground
ucb-studentgroups-colorado-engineer,studentgroups/colorado-engineer
ucb-studentgroups-hyperloop,studentgroups/hyperloop
ucb-studentgroups-msa,studentgroups/msa
ucb-studentgroups-racing-team,studentgroups/racing-team
ucb-studentgroups-woaa,studentgroups/woaa
ucb-studentlegal,studentlegal
ucb-summer,summer
ucb-umc,umc
ucb-faculty-borden,faculty/borden
