ucb-asmagazine-archive,asmagazine-archive
ucb-assett,assett
ucb-behavioral-neuroscience,behavioral-neuroscience
ucb-bursar,bursar
ucb-cas,cas
ucb-casa,casa
ucb-center-bueno-esp,center/bueno-esp
ucb-center-gwc,center/gwc
ucb-center-iec,center/iec
ucb-center-nsi,center/nsi
ucb-center-teaching-learning,center/teaching-learning
ucb-certificate-iqbiology,certificate/iqbiology
ucb-cmcicareers,cmcicareers
ucb-conference-reactivism,conference/reactivism
ucb-conference-rhythm-since-1900,conference/rhythm-since-1900
ucb-course-sites-musc-2131,course-sites/musc/2131
ucb-course-sites-musc-fundtutorial,course-sites/musc/fundtutorial
ucb-crowninstitute,crowninstitute
ucb-cusg,cusg
ucb-dcvf,dcvf
ucb-education,education
ucb-environmentalprogram,environmentalprogram
ucb-even,even
ucb-event-barneyford,event/barneyford
ucb-event-bernstein,event/bernstein
ucb-event-frips,event/frips
ucb-event-lotsawa,event/lotsawa
ucb-event-qms2023,event/qms2023
ucb-event-rmgs2019,event/rmgs2019
ucb-event-wdm2020,event/wdm2020
ucb-ewb,ewb
ucb-exploratorystudies,exploratorystudies
ucb-facility-cosinc,facility/cosinc
ucb-facility-jscbb,facility/jscbb
ucb-faculty-anderson,faculty/anderson
ucb-faculty-aysegul-aydin,faculty/aysegul-aydin
ucb-faculty-banich,faculty/banich
ucb-faculty-fitzgerald,faculty/fitzgerald
ucb-faculty-fox-barbara,faculty/fox-barbara
ucb-faculty-gupta,faculty/gupta
ucb-faculty-hall-kira,faculty/hall-kira
ucb-faculty-hernandez,faculty/hernandez
ucb-faculty-knappe,faculty/knappe
ucb-faculty-lijianghanyang,faculty/lijianghanyang
ucb-faculty-maksimovic,faculty/maksimovic
ucb-faculty-mansfeldt,faculty/mansfeldt
ucb-faculty-mcleod,faculty/mcleod
ucb-faculty-mcmahon,faculty/mcmahon
ucb-faculty-michaelis,faculty/michaelis
ucb-faculty-oreilly,faculty/oreilly
ucb-faculty-semaan,faculty/semaan
ucb-faculty-shannon,faculty/shannon
ucb-faculty-summers,faculty/summers
ucb-faculty-zea-luis,faculty/zea-luis
ucb-financialaid,financialaid
ucb-herbst,herbst
ucb-ictintegrity,ictintegrity
ucb-initiative-newscorps,initiative/newscorps
ucb-innovate,innovate
ucb-invst,invst
ucb-iriss,iriss
ucb-irt-autonomous-systems,irt/autonomous-systems
ucb-irt-imagingscience,irt/imagingscience
ucb-irt-precisionbiomaterials,irt/precisionbiomaterials
ucb-irt-qiss,irt/qiss
ucb-irt-rise,irt/rise
ucb-irt-wen,irt/wen
ucb-isss,isss
ucb-lab-aprl,lab/aprl
ucb-lab-barger,lab/barger
ucb-lab-bateygroup,lab/bateygroup
ucb-lab-browngroup,lab/browngroup
ucb-lab-cao,lab/cao
ucb-lab-cech,lab/cech
ucb-lab-ceqm,lab/ceqm
ucb-lab-chapl,lab/chapl
ucb-lab-chuong,lab/chuong
ucb-lab-clll,lab/clll
ucb-lab-cryoem,lab/cryoem
ucb-lab-cuhighpressure,lab/cuhighpressure
ucb-lab-cuk,lab/cuk
ucb-lab-damrauergroup,lab/damrauergroup
ucb-lab-del,lab/del
ucb-lab-dsrl,lab/dsrl
ucb-lab-environmental-soft-matter,lab/environmental-soft-matter
ucb-lab-evans,lab/evans
ucb-lab-gaf,lab/gaf
ucb-lab-hannigan,lab/hannigan
ucb-lab-holewinski,lab/holewinski
ucb-lab-imaging-systems,lab/imaging-systems
ucb-lab-ipower3es,lab/ipower3es
ucb-lab-kaar,lab/kaar
ucb-lab-labbe,lab/labbe
ucb-lab-moisl,lab/moisl
ucb-lab-muri-cognitive-security,lab/muri-cognitive-security
ucb-lab-musgrave-research-group,lab/musgrave-research-group
ucb-lsm,lsm
ucb-menv,menv
ucb-music,music
ucb-nrotc,nrotc
ucb-oie,oie
ucb-program-data-science,program/data-science
ucb-project-arapaho,project/arapaho
ucb-project-arete,project/arete
ucb-project-arpa-energygo,project/arpa-energygo
ucb-project-commsimulation,project/commsimulation
ucb-project-elementaryartslab,project/elementaryartslab
ucb-project-environmental-futures,project/environmental-futures
ucb-project-ismhp,project/ismhp
ucb-project-mathbio,project/mathbio
ucb-publicachievement,publicachievement
ucb-pwr,pwr
ucb-recoverycommunity,recoverycommunity
ucb-registrar2,registrar
ucb-research-induced-seismicity,research/induced-seismicity
ucb-research-instaar,instaar
ucb-research-learn-dbir,research/learn-dbir
ucb-research-ncrpp,research/ncrpp
ucb-scholarships,scholarships
ucb-studentgroups-buffvex,studentgroups/buffvex
ucb-studentgroups-cac,studentgroups/cac
ucb-studentgroups-chemunity,studentgroups/chemunity
ucb-studentgroups-collegiatescholars,studentgroups/collegiatescholars
ucb-studentgroups-cu-wic,studentgroups/cu-wic
ucb-studentgroups-cufec,studentgroups/cufec
ucb-studentgroups-cumocktrial,studentgroups/cumocktrial
ucb-studentgroups-ecs,studentgroups/ecs
ucb-studentgroups-globemed,studentgroups/globemed
ucb-studentgroups-ispe,studentgroups/ispe
ucb-studentgroups-toastmasters,studentgroups/toastmasters
ucb-studentgroups-umasymexa,studentgroups/umasymexa
ucb-studentgroups-vrarclub,studentgroups/vrarclub
ucb-support-basicneeds,support/basicneeds
ucb-sustainablepractices,sustainablepractices
ucb-symposium-gearrs,symposium/gearrs
ucb-symposium-pegmatite,symposium/pegmatite
ucb-lab-chemtheory,lab/chemtheory
ucb-lab-corwin-reach,lab/corwin-reach
