ucb-alumni,alumni
ucb-artandarthistory,artandarthistory
ucb-cej,cej
ucb-center-aerospacemechanics,center/aerospacemechanics
ucb-center-caaas,center/caaas
ucb-center-cde,center/cde
ucb-center-music-entrepreneurship,center/music-entrepreneurship
ucb-center-stemtech,center/stemtech
ucb-certificate-publichealth,certificate/publichealth
ucb-cmci,cmci
ucb-cognitive-psychology,cognitive-psychology
ucb-conference-romanticresistance,conference/romanticresistance
ucb-crdds,crdds
ucb-cuteach,cuteach
ucb-disabilityservices,disabilityservices
ucb-ebio,ebio
ucb-engineering,engineering
ucb-engineering-international,engineering-international
ucb-event-eiabridgebuilder,event/eiabridgebuilder
ucb-event-rmd2019,event/rmd2019
ucb-facility-fccf,facility/fccf
ucb-facility-xrd,facility/xrd
ucb-faculty-chen,faculty/chen
ucb-faculty-claire-monteleoni,faculty/claire-monteleoni
ucb-faculty-clauset,faculty/clauset
ucb-faculty-corona,faculty/corona
ucb-faculty-dallanese,faculty/dallanese
ucb-faculty-erickson,faculty/erickson
ucb-faculty-falconer,faculty/falconer
ucb-faculty-frew,faculty/frew
ucb-faculty-gasiewski,faculty/gasiewski
ucb-faculty-goodrum,faculty/goodrum
ucb-faculty-hariri,faculty/hariri
ucb-faculty-hauser,faculty/hauser
ucb-faculty-izraelevitz,faculty/izraelevitz
ucb-faculty-johnson,faculty/johnson
ucb-faculty-juliet-gopinath,faculty/juliet-gopinath
ucb-faculty-kantha,faculty/kantha
ucb-faculty-kuchenrither,faculty/kuchenrither
ucb-faculty-lee-yc,faculty/lee-yc
ucb-faculty-lewis-clayton,faculty/lewis-clayton
ucb-faculty-song,faculty/song
ucb-faculty-zunger-matter-by-design,faculty/zunger-matter-by-design
ucb-fsap,fsap
ucb-homecoming,homecoming
ucb-hprap,hprap
ucb-humanities,humanities
ucb-ideaforge,ideaforge
ucb-lab-automation,lab/automation
ucb-lab-ban,lab/ban
ucb-lab-bmmlab,lab/bmmlab
ucb-lab-ecel,lab/ecel
ucb-lab-electrobuffs,lab/electrobuffs
ucb-lab-ferguson,lab/ferguson
ucb-lab-hts,lab/hts
ucb-lab-icesheetclimate,lab/icesheetclimate
ucb-lab-jonasgroup,lab/jonasgroup
ucb-lab-kimlab,lab/kimlab
ucb-lab-klymkowsky,lab/klymkowsky
ucb-lab-knight,lab/knight
ucb-lab-kochgroup,lab/kochgroup
ucb-lab-krauter,lab/krauter
ucb-lab-kuchtagroup,lab/kuchtagroup
ucb-lab-lecture-demo-manual,lab/lecture-demo-manual
ucb-lab-liu,lab/liu
ucb-lab-medeiros,lab/medeiros
ucb-lab-michlgroup,lab/michlgroup
ucb-lab-niel,lab/niel
ucb-lab-olwin,lab/olwin
ucb-lab-pardigroup,lab/pardigroup
ucb-lab-phononics,lab/phononics
ucb-lab-raj-rishi,lab/raj-rishi
ucb-lab-rap,lab/rap
ucb-lab-spencer-endocrinology-lab,lab/spencer-endocrinology-lab
ucb-lab-sustainable-infrastructure,lab/sustainable-infrastructure
ucb-lab-tan,lab/tan
ucb-lab-techne,lab/techne
ucb-lasc,lasc
ucb-lgbtq,lgbtq
ucb-lightingprogram,lightingprogram
ucb-marshakgroup,marshakgroup
ucb-mcnair,mcnair
ucb-mechanical,mechanical
ucb-morris-colloquium,morris-colloquium
ucb-munakata,munakata
ucb-norwood-stars,norwood-stars
ucb-ogce,ogce
ucb-onlinepedagogycafe,onlinepedagogycafe
ucb-outreach-bridgebuffs,outreach/bridgebuffs
ucb-pac12summit,pac12summit
ucb-pandemic-response,pandemic-response
ucb-pbk,pbk
ucb-plc,plc
ucb-polisci2,polisci
ucb-program-agesgeochronology,program/agesgeochronology
ucb-program-eef,program/eef
ucb-program-gates-mentoring,program/gates-mentoring
ucb-program-hydrosciences,program/hydrosciences
ucb-program-learningassistant,program/learningassistant
ucb-program-lsamp-bd,program/lsamp-bd
ucb-program-schoolwide-labs,program/schoolwide-labs
ucb-puksta,puksta
ucb-researchinnovation,researchinnovation
ucb-studentaffairs,studentaffairs
ucb-studentgroups-dsb,studentgroups/dsb
ucb-studentgroups-litg,studentgroups/litg
ucb-studentgroups-mobilemakers,studentgroups/mobilemakers
ucb-studentgroups-nsa,studentgroups/nsa
ucb-studentgroups-nsbe,studentgroups/nsbe
ucb-studentgroups-ntso,studentgroups/ntso
ucb-studentgroups-onstage,studentgroups/onstage
ucb-studentgroups-panhellenic,studentgroups/panhellenic
ucb-studentgroups-performance-as-research,studentgroups/performance-as-research
ucb-studentgroups-prssa,studentgroups/prssa
ucb-studentgroups-psm,studentgroups/psm
ucb-studentgroups-slowfoodyouth,studentgroups/slowfoodyouth
ucb-studentgroups-thebold,studentgroups/thebold
ucb-tcm,tcm
ucb-techtalks,techtalks
ucb-theherd,theherd
ucb-tibethimalayainitiative,tibethimalayainitiative
ucb-timberjournal,timberjournal
ucb-transfer,transfer
ucb-triosss,triosss
ucb-wams-firstnations,wams-firstnations
ucb-waterpdsm,waterpdsm
