ucb-aerospaceventures,colorado.edu/aerospaceventures
ucb-ali,colorado.edu/ali
ucb-aqiq,colorado.edu/aqiq
ucb-bfp,colorado.edu/bfp
ucb-biofrontiers,colorado.edu/biofrontiers
ucb-bme,colorado.edu/bme
ucb-bsi,colorado.edu/bsi
ucb-career,colorado.edu/career
ucb-catalyzecu,colorado.edu/catalyzecu
ucb-ccar,colorado.edu/ccar
ucb-center-aspire,colorado.edu/center/aspire
ucb-chbe,colorado.edu/chbe
ucb-chps,colorado.edu/chps
ucb-cisc,colorado.edu/cisc
ucb-clery,colorado.edu/clery
ucb-cnais,colorado.edu/cnais
ucb-commencement,colorado.edu/commencement
ucb-compliance,colorado.edu/compliance/
ucb-conference-adhs2024,colorado.edu/conference/adhs2024
ucb-conference-icp2019,colorado.edu/conference/icp2019
ucb-conference-naweawindtech2023,colorado.edu/conference/naweawindtech2023
ucb-conference-rhythm-since-1900,colorado.edu/conference/rhythm-since-1900
ucb-conference-rmc2022,colorado.edu/conference/rmc2022
ucb-cs,colorado.edu/cs
ucb-cuartmuseum,colorado.edu/cuartmuseum
ucb-d4c,colorado.edu/d4c
ucb-digital-accessibility,colorado.edu/digital-accessibility
ucb-dontignoreit,colorado.edu/dontignoreit
ucb-eeglab,colorado.edu/eeglab
ucb-eer,colorado.edu/eer
ucb-era,colorado.edu/era
ucb-event-bookfest,colorado.edu/event/bookfest
ucb-facilities-standards,colorado.edu/facilities-standards
ucb-facility-biomolecular-x-ray-crystallography,colorado.edu/facility/biomolecular-x-ray-crystallography
ucb-faculty-alleman,colorado.edu/faculty/alleman
ucb-faculty-alwakeel,colorado.edu/faculty/alwakeel
ucb-faculty-chen-yongmin,colorado.edu/faculty/chen-yongmin
ucb-faculty-clark-torin,colorado.edu/faculty/clark-torin
ucb-faculty-corradini,colorado.edu/faculty/corradini
ucb-faculty-cowell-andrew,colorado.edu/faculty/cowell-andrew
ucb-faculty-do,colorado.edu/faculty/do
ucb-faculty-ferris,colorado.edu/faculty/ferris
ucb-faculty-frajzyngier,colorado.edu/faculty/frajzyngier
ucb-faculty-hodge,colorado.edu/faculty/hodge
ucb-faculty-hubler,colorado.edu/faculty/hubler
ucb-faculty-kaffine,colorado.edu/faculty/kaffine
ucb-faculty-korak,colorado.edu/faculty/korak
ucb-faculty-krarti,colorado.edu/faculty/krarti
ucb-faculty-nakassis,colorado.edu/faculty/nakassis
ucb-faculty-shields,colorado.edu/faculty/shields
ucb-faculty-zax,colorado.edu/faculty/zax
ucb-fcq,colorado.edu/fcq
ucb-fmgreen,colorado.edu/fmgreen
ucb-grandchallenge,colorado.edu/grandchallenge
ucb-greeks,colorado.edu/greeks
ucb-ics,colorado.edu/ics
ucb-industry,colorado.edu/industry
ucb-information-technology,colorado.edu/information-technology
ucb-international,colorado.edu/international
ucb-jobs,colorado.edu/jobs
ucb-lab-brumbaugh,colorado.edu/lab/brumbaugh
ucb-lab-campeau-lab,colorado.edu/lab/campeau-lab
ucb-lab-chemistry-safety,colorado.edu/lab/chemistry-safety
ucb-lab-clear,colorado.edu/lab/clear
ucb-lab-copley,colorado.edu/lab/copley
ucb-lab-cowell-lab,colorado.edu/lab/cowell-lab
ucb-lab-edji,colorado.edu/lab/edji
ucb-lab-esc,colorado.edu/lab/esc
ucb-lab-garcea,colorado.edu/lab/garcea
ucb-lab-gingroup,colorado.edu/lab/gingroup
ucb-lab-goodrich-kugel,colorado.edu/lab/goodrich-kugel
ucb-lab-han,colorado.edu/lab/han
ucb-lab-itoys,colorado.edu/lab/itoys
ucb-lab-liningerfluvialgeomorphgroup,colorado.edu/lab/liningerfluvialgeomorphgroup
ucb-lab-maier-watkins,colorado.edu/lab/maier-watkins
ucb-lab-massspec,colorado.edu/lab/massspec
ucb-lab-melbourne,colorado.edu/lab/melbourne
ucb-lab-neurodegeneration,colorado.edu/lab/neurodegeneration
ucb-lab-nmr,colorado.edu/lab/nmr
ucb-lab-park-lab,colorado.edu/lab/park-lab/
ucb-lab-parkergroup,colorado.edu/lab/parkergroup
ucb-lab-poyton,colorado.edu/lab/poyton
ucb-lab-shenlab,colorado.edu/lab/shenlab
ucb-lab-social-pni,colorado.edu/lab/social-pni
ucb-lab-spencer-endocrinology-lab,colorado.edu/lab/spencer-endocrinology-lab
ucb-lab-su,colorado.edu/lab/su
ucb-lab-uvrockets,colorado.edu/lab/uvrockets
ucb-lab-warg,colorado.edu/lab/warg
ucb-lab-write,colorado.edu/lab/write
ucb-lalsc,colorado.edu/lalsc/
ucb-lmcf,colorado.edu/lmcf
ucb-macky,colorado.edu/macky
ucb-nvc,colorado.edu/nvc
ucb-ocg,colorado.edu/ocg
ucb-outreach-pisec,colorado.edu/outreach/pisec
ucb-outreach-youthprograms,colorado.edu/outreach/youthprograms
ucb-ova,colorado.edu/ova
ucb-pace,colorado.edu/pace
ucb-postdoctoralaffairs,colorado.edu/postdoctoralaffairs
ucb-program-fingerspelling,colorado.edu/program/fingerspelling
ucb-program-inquiryhub,colorado.edu/program/inquiryhub
ucb-project-gutc,colorado.edu/project/gutc
ucb-project-hidden-voices,colorado.edu/project/hidden-voices
ucb-project-human-computer-relationships,colorado.edu/project/human-computer-relationships
ucb-project-jewsofcolor,colorado.edu/project/jewsofcolor
ucb-project-pm-network,colorado.edu/project/pm-network
ucb-project-provisionalia,colorado.edu/project/provisionalia
ucb-project-ralphiecubesat,colorado.edu/project/ralphiecubesat
ucb-project-volecrispr,colorado.edu/project/volecrispr
ucb-projects-fairy-tales,colorado.edu/projects/fairy-tales
ucb-rapflc,colorado.edu/rapflc
ucb-research-quantum-engineering-initiative,colorado.edu/research/quantum-engineering-initiative
ucb-staffcouncil,colorado.edu/staffcouncil
ucb-strategicfacilitiesvisioning,colorado.edu/strategicfacilitiesvisioning
ucb-symposium-cannabis-legalization,colorado.edu/symposium/cannabis-legalization
ucb-symposium-launchingspacebiology,colorado.edu/symposium/launchingspacebiology
ucb-teaching-quality-framework,colorado.edu/teaching-quality-framework
ucb-ucec,colorado.edu/ucec
