ucb-asmagazine-archive,colorado.edu/asmagazine-archive
ucb-assett,colorado.edu/assett
ucb-behavioral-neuroscience,colorado.edu/behavioral-neuroscience
ucb-bursar,colorado.edu/bursar
ucb-cadre,colorado.edu/cadre
ucb-cas,colorado.edu/cas
ucb-casa,colorado.edu/casa
ucb-center-bueno-esp,colorado.edu/center/bueno-esp
ucb-center-gwc,colorado.edu/center/gwc
ucb-center-iec,colorado.edu/center/iec
ucb-center-nsi,colorado.edu/center/nsi
ucb-center-teaching-learning,colorado.edu/center/teaching-learning
ucb-cmcicareers,colorado.edu/cmcicareers
ucb-conference-reactivism,colorado.edu/conference/reactivism
ucb-conference-rhythm-since-1900,colorado.edu/conference/rhythm-since-1900
ucb-course-sites-musc-2131,colorado.edu/course-sites/musc/2131
ucb-course-sites-musc-fundtutorial,colorado.edu/course-sites/musc/fundtutorial
ucb-cusg,colorado.edu/cusg
ucb-dcvf,colorado.edu/dcvf
ucb-education,colorado.edu/education
ucb-environmentalprogram,colorado.edu/environmentalprogram
ucb-even,colorado.edu/even
ucb-event-barneyford,colorado.edu/event/barneyford
ucb-event-bernstein,colorado.edu/event/bernstein
ucb-event-frips,colorado.edu/event/frips
ucb-event-lotsawa,colorado.edu/event/lotsawa
ucb-event-qms2023,colorado.edu/event/qms2023
ucb-event-rmgs2019,colorado.edu/event/rmgs2019
ucb-event-wdm2020,colorado.edu/event/wdm2020
ucb-ewb,colorado.edu/ewb
ucb-exploratorystudies,colorado.edu/exploratorystudies
ucb-facility-cosinc,colorado.edu/facility/cosinc
ucb-facility-jscbb,colorado.edu/facility/jscbb
ucb-faculty-anderson,colorado.edu/faculty/anderson
ucb-faculty-aysegul-aydin,colorado.edu/faculty/aysegul-aydin
ucb-faculty-banich,colorado.edu/faculty/banich
ucb-faculty-fitzgerald,colorado.edu/faculty/fitzgerald
ucb-faculty-fox-barbara,colorado.edu/faculty/fox-barbara
ucb-faculty-gupta,colorado.edu/faculty/gupta
ucb-faculty-hall-kira,colorado.edu/faculty/hall-kira
ucb-faculty-hernandez,colorado.edu/faculty/hernandez
ucb-faculty-knappe,colorado.edu/faculty/knappe
ucb-faculty-lijianghanyang,colorado.edu/faculty/lijianghanyang
ucb-faculty-maksimovic,colorado.edu/faculty/maksimovic
ucb-faculty-mansfeldt,colorado.edu/faculty/mansfeldt
ucb-faculty-mcleod,colorado.edu/faculty/mcleod
ucb-faculty-mcmahon,colorado.edu/faculty/mcmahon
ucb-faculty-michaelis,colorado.edu/faculty/michaelis
ucb-faculty-oreilly,colorado.edu/faculty/oreilly
ucb-faculty-semaan,colorado.edu/faculty/semaan
ucb-faculty-shannon,colorado.edu/faculty/shannon
ucb-faculty-summers,colorado.edu/faculty/summers
ucb-faculty-zea-luis,colorado.edu/faculty/zea-luis
ucb-financialaid,colorado.edu/financialaid
ucb-fm,colorado.edu/fm
ucb-herbst,colorado.edu/herbst
ucb-ictintegrity,colorado.edu/ictintegrity
ucb-initiative-newscorps,colorado.edu/initiative/newscorps
ucb-research-instaar,colorado.edu/instaar
ucb-invst,colorado.edu/invst
ucb-iriss,colorado.edu/iriss
ucb-irt-autonomous-systems,colorado.edu/irt/autonomous-systems
ucb-irt-imagingscience,colorado.edu/irt/imagingscience
ucb-irt-precisionbiomaterials,colorado.edu/irt/precisionbiomaterials
ucb-irt-qiss,colorado.edu/irt/qiss
ucb-irt-rise,colorado.edu/irt/rise
ucb-irt-wen,colorado.edu/irt/wen
ucb-isss,colorado.edu/isss
ucb-lab-aprl,colorado.edu/lab/aprl
ucb-lab-barger,colorado.edu/lab/barger
ucb-lab-bateygroup,colorado.edu/lab/bateygroup
ucb-lab-browngroup,colorado.edu/lab/browngroup
ucb-lab-cao,colorado.edu/lab/cao
ucb-lab-cech,colorado.edu/lab/cech
ucb-lab-ceqm,colorado.edu/lab/ceqm
ucb-lab-chapl,colorado.edu/lab/chapl
ucb-lab-chemtheory,colorado.edu/lab/chemtheory
ucb-lab-chuong,colorado.edu/lab/chuong
ucb-lab-clll,colorado.edu/lab/clll
ucb-lab-corwin-reach,colorado.edu/lab/corwin-reach
ucb-lab-cryoem,colorado.edu/lab/cryoem
ucb-lab-cuhighpressure,colorado.edu/lab/cuhighpressure
ucb-lab-cuk,colorado.edu/lab/cuk
ucb-lab-damrauergroup,colorado.edu/lab/damrauergroup
ucb-lab-del,colorado.edu/lab/del
ucb-lab-dsrl,colorado.edu/lab/dsrl
ucb-lab-environmental-soft-matter,colorado.edu/lab/environmental-soft-matter
ucb-lab-evans,colorado.edu/lab/evans
ucb-lab-gaf,colorado.edu/lab/gaf
ucb-lab-hannigan,colorado.edu/lab/hannigan
ucb-lab-holewinski,colorado.edu/lab/holewinski
ucb-lab-imaging-systems,colorado.edu/lab/imaging-systems
ucb-lab-ipower3es,colorado.edu/lab/ipower3es
ucb-lab-kaar,colorado.edu/lab/kaar
ucb-lab-labbe,colorado.edu/lab/labbe
ucb-lab-moisl,colorado.edu/lab/moisl
ucb-lab-muri-cognitive-security,colorado.edu/lab/muri-cognitive-security
ucb-lab-musgrave-research-group,colorado.edu/lab/musgrave-research-group
ucb-lsm,colorado.edu/lsm
ucb-menv,colorado.edu/menv
ucb-music,colorado.edu/music
ucb-nrotc,colorado.edu/nrotc
ucb-oie,colorado.edu/oie
ucb-program-data-science,colorado.edu/program/data-science
ucb-project-arapaho,colorado.edu/project/arapaho
ucb-project-arete,colorado.edu/project/arete
ucb-project-arpa-energygo,colorado.edu/project/arpa-energygo
ucb-project-commsimulation,colorado.edu/project/commsimulation
ucb-project-elementaryartslab,colorado.edu/project/elementaryartslab
ucb-project-environmental-futures,colorado.edu/project/environmental-futures
ucb-project-ismhp,colorado.edu/project/ismhp
ucb-project-mathbio,colorado.edu/project/mathbio
ucb-publicachievement,colorado.edu/publicachievement
ucb-pwr,colorado.edu/pwr
ucb-recoverycommunity,colorado.edu/recoverycommunity
ucb-registrar2,colorado.edu/registrar
ucb-research-induced-seismicity,colorado.edu/research/induced-seismicity
ucb-research-learn-dbir,colorado.edu/research/learn-dbir
ucb-research-ncrpp,colorado.edu/research/ncrpp
ucb-sciencediscovery,colorado.edu/sciencediscovery
ucb-support-basicneeds,colorado.edu/support/basicneeds
ucb-sustainablepractices,colorado.edu/sustainablepractices
ucb-studentgroups-buffvex,colorado.edu/studentgroups/buffvex
ucb-studentgroups-cac,colorado.edu/studentgroups/cac
ucb-studentgroups-chemunity,colorado.edu/studentgroups/chemunity
ucb-studentgroups-collegiatescholars,colorado.edu/studentgroups/collegiatescholars
ucb-studentgroups-cu-wic,colorado.edu/studentgroups/cu-wic
ucb-studentgroups-cufec,colorado.edu/studentgroups/cufec
ucb-studentgroups-cumocktrial,colorado.edu/studentgroups/cumocktrial
ucb-studentgroups-ecs,colorado.edu/studentgroups/ecs
ucb-studentgroups-globemed,colorado.edu/studentgroups/globemed
ucb-studentgroups-ispe,colorado.edu/studentgroups/ispe
ucb-studentgroups-toastmasters,colorado.edu/studentgroups/toastmasters
ucb-studentgroups-umasymexa,colorado.edu/studentgroups/umasymexa
ucb-studentgroups-vrarclub,colorado.edu/studentgroups/vrarclub
ucb-symposium-gearrs,colorado.edu/symposium/gearrs
ucb-symposium-pegmatite,colorado.edu/symposium/pegmatite
