ucb-aais,colorado.edu/aais
ucb-academicfutures,colorado.edu/academicfutures
ucb-afrotc,colorado.edu/afrotc
ucb-alumniboard,colorado.edu/alumniboard
ucb-aod,colorado.edu/aod
ucb-aquetza,colorado.edu/aquetza
ucb-archivetransformed,colorado.edu/archivetransformed
ucb-arotc,colorado.edu/arotc
ucb-artsandsciences,colorado.edu/artsandsciences
ucb-asfacultystaff,colorado.edu/asfacultystaff
ucb-blackstudentalliance,colorado.edu/blackstudentalliance
ucb-bouldersoundshop,colorado.edu/bouldersoundshop
ucb-bowmanlab,colorado.edu/bowmanlab
ucb-brakhagecenter,colorado.edu/brakhagecenter
ucb-campusplanning,colorado.edu/campusplanning
ucb-ceae,colorado.edu/ceae
ucb-ceb,colorado.edu/ceb
ucb-center-benson,colorado.edu/center/benson
ucb-center-bueno,colorado.edu/center/bueno
ucb-center-crmt,colorado.edu/center/crmt
ucb-center-cuchange,colorado.edu/center/cuchange
ucb-center-demtech,colorado.edu/center/demtech
ucb-center-spacegrant,colorado.edu/center/spacegrant
ucb-chbecapstonedesign,colorado.edu/chbecapstonedesign
ucb-childcare,colorado.edu/childcare
ucb-cinemastudies,colorado.edu/cinemastudies
ucb-cognitivedevelopment,colorado.edu/cognitivedevelopment
ucb-commrap,colorado.edu/commrap
ucb-communications-data-science,colorado.edu/communications-data-science
ucb-controller,colorado.edu/controller
ucb-cvsp,colorado.edu/cvsp
ucb-emp,colorado.edu/emp
ucb-english,colorado.edu/english
ucb-english-language-notes,colorado.edu/english-language-notes
ucb-event-cuny2019,colorado.edu/event/cuny2019
ucb-event-tedxcu,colorado.edu/event/tedxcu
ucb-faculty-celoza,colorado.edu/faculty/celoza
ucb-faculty-hearn,colorado.edu/faculty/hearn
ucb-faculty-henze,colorado.edu/faculty/henze
ucb-faculty-holzinger,colorado.edu/faculty/holzinger
ucb-faculty-huang,colorado.edu/faculty/huang
ucb-faculty-hulden-vilja,colorado.edu/faculty/hulden-vilja
ucb-faculty-kmaskus,colorado.edu/faculty/kmaskus
ucb-faculty-lehmantamara,colorado.edu/faculty/lehmantamara
ucb-faculty-mathys,colorado.edu/faculty/mathys
ucb-faculty-metcalf,colorado.edu/faculty/metcalf
ucb-faculty-milford-jana,colorado.edu/faculty/milford-jana
ucb-faculty-moddel,colorado.edu/faculty/moddel
ucb-faculty-molenaar,colorado.edu/faculty/molenaar
ucb-faculty-murray,colorado.edu/faculty/murray
ucb-faculty-musgrave,colorado.edu/faculty/musgrave
ucb-faculty-nicotra,colorado.edu/faculty/nicotra
ucb-faculty-niederwieser,colorado.edu/faculty/niederwieser
ucb-faculty-palmer-martha,colorado.edu/faculty/palmer-martha
ucb-faculty-pfeffer,colorado.edu/faculty/pfeffer
ucb-faculty-rosario-ortiz,colorado.edu/faculty/rosario-ortiz
ucb-faculty-ruzzene,colorado.edu/faculty/ruzzene
ucb-faculty-ryan-joseph,colorado.edu/faculty/ryan-joseph
ucb-faculty-shi-yuan,colorado.edu/faculty/shi-yuan
ucb-frenchitalian,colorado.edu/frenchitalian
ucb-gis-cad,colorado.edu/gis-cad
ucb-hsc2017,colorado.edu/hsc2017
ucb-infoscience,colorado.edu/infoscience
ucb-infrastructure-sustainability,colorado.edu/infrastructure-sustainability
ucb-initiative-crics,colorado.edu/initiative/crics
ucb-initiative-pac12ccu,colorado.edu/initiative/pac12ccu
ucb-initiatives-impact,colorado.edu/initiatives/impact
ucb-involvement,colorado.edu/involvement
ucb-iphy,colorado.edu/iphy
ucb-irt-engineering-education-ai,colorado.edu/irt/engineering-education-ai
ucb-irt-hypersonic-vehicles,colorado.edu/irt/hypersonic-vehicles
ucb-isogeometric,colorado.edu/isogeometric
ucb-journal-assembly,colorado.edu/journal/assembly
ucb-lab-cemnl,colorado.edu/lab/cemnl
ucb-lab-even,colorado.edu/lab/even
ucb-lab-georgegroup,colorado.edu/lab/georgegroup
ucb-lab-goodwin,colorado.edu/lab/goodwin
ucb-lab-gyenis,colorado.edu/lab/gyenis
ucb-lab-hind,colorado.edu/lab/hind
ucb-lab-ideal,colorado.edu/lab/ideal
ucb-lab-krg,colorado.edu/lab/krg
ucb-lab-lisa,colorado.edu/lab/lisa
ucb-lab-marder-group,colorado.edu/lab/marder-group
ucb-lab-medlin,colorado.edu/lab/medlin
ucb-lab-odorizzi,colorado.edu/lab/odorizzi
ucb-lab-park,colorado.edu/lab/park
ucb-lab-raddlab,colorado.edu/lab/raddlab
ucb-lab-resasco,colorado.edu/lab/resasco
ucb-lab-spencerlab,colorado.edu/lab/spencerlab
ucb-lab-straub,colorado.edu/lab/straub
ucb-lab-taatjes,colorado.edu/lab/taatjes
ucb-lab-taylor,colorado.edu/lab/taylor
ucb-lab-vance,colorado.edu/lab/vance
ucb-lab-wuttkegroup,colorado.edu/lab/wuttkegroup
ucb-lab-xiao,colorado.edu/lab/xiao
ucb-lab-xue,colorado.edu/lab/xue
ucb-learningdesign,colorado.edu/learningdesign
ucb-living,colorado.edu/living
ucb-masterplan,colorado.edu/masterplan
ucb-mrs,colorado.edu/mrs
ucb-ness,colorado.edu/ness
ucb-neuromechanics,colorado.edu/neuromechanics
ucb-oclab,colorado.edu/oclab
ucb-oiec,colorado.edu/oiec
ucb-outreach-scope,colorado.edu/outreach/scope
ucb-philosophy,colorado.edu/philosophy
ucb-program-cuprep,colorado.edu/program/cuprep
ucb-program-fpw,colorado.edu/program/fpw
ucb-program-mscd,colorado.edu/program/mscd
ucb-program-stempartnershiptoolkit,colorado.edu/program/stempartnershiptoolkit
ucb-project-inside-colorado-law,colorado.edu/project/inside-colorado-law
ucb-rasei,colorado.edu/rasei
ucb-research-ai-institute,colorado.edu/research/ai-institute
ucb-research-hayward-group,colorado.edu/research/hayward-group
ucb-research-rpmgroup,colorado.edu/research/rpmgroup
ucb-scholarships,colorado.edu/scholarships
ucb-smithlab,colorado.edu/smithlab
ucb-sociology,colorado.edu/sociology
ucb-soft-matter-physics,colorado.edu/soft-matter-physics
ucb-solchar,colorado.edu/solchar
ucb-spanishportuguese,colorado.edu/spanishportuguese
ucb-studentemployment,colorado.edu/studentemployment
ucb-studentgroup-lais,colorado.edu/studentgroup/lais
ucb-studentgroup-ostem,colorado.edu/studentgroup/ostem
ucb-studentgroups-agso,colorado.edu/studentgroups/agso
ucb-studentgroups-aises,colorado.edu/studentgroups/aises
ucb-studentgroups-ambassadors,colorado.edu/studentgroups/ambassadors
ucb-studentgroups-animeanonymous,colorado.edu/studentgroups/animeanonymous
ucb-studentgroups-assg,colorado.edu/studentgroups/assg
ucb-studentgroups-bmes,colorado.edu/studentgroups/bmes
ucb-studentgroups-cobra,colorado.edu/studentgroups/cobra
ucb-studentgroups-geographyclub,colorado.edu/studentgroups/geographyclub
ucb-studentgroups-gsga,colorado.edu/studentgroups/gsga
ucb-studentgroups-ieee,colorado.edu/studentgroups/ieee
ucb-studentgroups-neuroscienceclub,colorado.edu/studentgroups/neuroscienceclub
ucb-studentgroups-psichi,colorado.edu/studentgroups/psichi
ucb-studentgroups-psychology-club,colorado.edu/studentgroups/psychology-club
ucb-studentgroups-sase,colorado.edu/studentgroups/sase
ucb-studentgroups-seds,colorado.edu/studentgroups/seds
ucb-studentgroups-swap,colorado.edu/studentgroups/swap
ucb-studentgroups-tausigma,colorado.edu/studentgroups/tausigma
ucb-theatredance,colorado.edu/theatredance
ucb-theprintlab,colorado.edu/theprintlab
ucb-undocumentedstudentresources,colorado.edu/undocumentedstudentresources
ucb-venturepartners,colorado.edu/venturepartners
ucb-veterans,colorado.edu/veterans
ucb-washsymposium,colorado.edu/washsymposium
ucb-winter,colorado.edu/winter
