ucb-project-lemur,colorado.edu/project/lemur
ucb-studentgroups-msa,colorado.edu/studentgroups/msa
ucb-rosergrant,colorado.edu/rosergrant
ucb-snaglab,colorado.edu/snaglab
ucb-program-sqiq,colorado.edu/program/sqiq
ucb-spaceweather,colorado.edu/spaceweather
ucb-project-memorybox,colorado.edu/project/memorybox
ucb-amath,colorado.edu/amath
ucb-buffonecard,colorado.edu/buffonecard
ucb-event-buffalobicycleclassic,colorado.edu/event/buffalobicycleclassic
ucb-bursar-campus-resources,colorado.edu/bursar-campus-resources
ucb-center-teaching-learning,colorado.edu/center/teaching-learning
ucb-ctrc,colorado.edu/ctrc
ucb-law,colorado.edu/law
ucb-cudialogues,colorado.edu/cudialogues
ucb-initiative-cubit,colorado.edu/initiative/cubit
ucb-center-cuchange,colorado.edu/center/cuchange
ucb-classics,colorado.edu/classics
ucb-linguistics,colorado.edu/linguistics
ucb-economics,colorado.edu/economics
ucb-facultydevelopmentandsupport,colorado.edu/fds
ucb-geography,colorado.edu/geography
ucb-gsll,colorado.edu/gsll
ucb-center-gwc,colorado.edu/center/gwc
ucb-honorsjournal,colorado.edu/honorsjournal
ucb-hr,colorado.edu/hr
ucb-ictintegrity,colorado.edu/ictintegrity
ucb-certificate-iqbiology,colorado.edu/certificate/iqbiology
ucb-iafs,colorado.edu/iafs
ucb-research-machine-learning,colorado.edu/research/machine-learning
ucb-masp,colorado.edu/masp
ucb-cumuseum,colorado.edu/cumuseum
ucb-oue,colorado.edu/oue
ucb-parentgiving,colorado.edu/parentgiving
ucb-peacecorps,colorado.edu/peacecorps
ucb-physics,colorado.edu/physics
ucb-project-primers,colorado.edu/project/primers
ucb-programcouncil,colorado.edu/programcouncil
ucb-prioritization,colorado.edu/prioritization
ucb-program-publichealth,colorado.edu/program/publichealth
ucb-program-qsrx,colorado.edu/program/qsrx
ucb-recreation,colorado.edu/recreation
ucb-reu-mrs,colorado.edu/reu-mrs
ucb-program-robotics,colorado.edu/program/robotics
ucb-shakespeareatcu,colorado.edu/shakespeareatcu
ucb-slhs,colorado.edu/slhs
ucb-studentgroups-stemroutes,colorado.edu/studentgroups/stemroutes
ucb-volunteer,colorado.edu/volunteer
ucb-lab-welkerlab,colorado.edu/lab/welkerlab
ucb-wgst,colorado.edu/wgst
ucb-cognitive-psychology,colorado.edu/cognitive-psychology
ucb-advising,colorado.edu/advising
