ucb-event-eiabridgebuilder,colorado.edu/event/eiabridgebuilder
ucb-faculty-clauset,colorado.edu/faculty/clauset
ucb-faculty-johnson,colorado.edu/faculty/johnson
ucb-academicaffairs,colorado.edu/academicaffairs
ucb-center-aerospacemechanics,colorado.edu/center/aerospacemechanics
ucb-faculty-gasiewski,colorado.edu/faculty/gasiewski
ucb-artandarthistory,colorado.edu/artandarthistory
ucb-studentgroups-mobilemakers,colorado.edu/studentgroups/mobilemakers
ucb-lab-automation,colorado.edu/lab/automation
ucb-lab-ban,colorado.edu/lab/ban
ucb-lab-bmmlab,colorado.edu/lab/bmmlab
ucb-outreach-bridgebuffs,colorado.edu/outreach/bridgebuffs
ucb-center-caaas,colorado.edu/center/caaas
ucb-center-cde,colorado.edu/center/cde
ucb-cej,colorado.edu/cej
ucb-faculty-claire-monteleoni,colorado.edu/faculty/claire-monteleoni
ucb-faculty-lewis-clayton,colorado.edu/faculty/lewis-clayton
ucb-lab-kimlab,colorado.edu/lab/kimlab
ucb-asmagazine,colorado.edu/asmagazine
ucb-engineering,colorado.edu/engineering
ucb-faculty-song,colorado.edu/faculty/song
ucb-studentgroups-onstage,colorado.edu/studentgroups/onstage
ucb-cuteach,colorado.edu/cuteach
ucb-disabilityservices,colorado.edu/disabilityservices
ucb-studentgroups-dsb,colorado.edu/studentgroups/dsb
ucb-studentaffairs,colorado.edu/studentaffairs
ucb-ebio,colorado.edu/ebio/
ucb-faculty-corona,colorado.edu/faculty/corona
ucb-lab-electrobuffs,colorado.edu/lab/electrobuffs
ucb-lab-ecel,colorado.edu/lab/ecel
ucb-faculty-dallanese,colorado.edu/faculty/dallanese
ucb-program-eef,colorado.edu/program/eef
ucb-engineering-facultystaff,colorado.edu/engineering-facultystaff
ucb-engineering-international,colorado.edu/engineering-international
ucb-faculty-frew,colorado.edu/faculty/frew
ucb-fsap,colorado.edu/fsap
ucb-lab-falke,colorado.edu/lab/falke
ucb-lab-ferguson,colorado.edu/lab/ferguson
ucb-facility-fccf,colorado.edu/facility/fccf
ucb-program-gates-mentoring,colorado.edu/program/gates-mentoring
ucb-hprap,colorado.edu/hprap
ucb-lab-hts,colorado.edu/lab/hts
ucb-homecoming,colorado.edu/homecoming
ucb-humanities,colorado.edu/humanities
ucb-program-hydrosciences,colorado.edu/program/hydrosciences/
ucb-lab-icesheetclimate,colorado.edu/lab/icesheetclimate
ucb-ideaforge,colorado.edu/ideaforge
ucb-isss,colorado.edu/isss
ucb-faculty-falconer,colorado.edu/faculty/falconer
ucb-faculty-hauser,colorado.edu/faculty/hauser
ucb-lab-jonasgroup,colorado.edu/lab/jonasgroup
ucb-faculty-izraelevitz,colorado.edu/faculty/izraelevitz
ucb-faculty-juliet-gopinath,colorado.edu/faculty/juliet-gopinath
ucb-lab-klymkowsky,colorado.edu/lab/klymkowsky
ucb-lab-knight,colorado.edu/lab/knight
ucb-lab-kochgroup,colorado.edu/lab/kochgroup
ucb-lab-krauter,colorado.edu/lab/krauter
ucb-lab-kuchtagroup,colorado.edu/lab/kuchtagroup
ucb-faculty-kantha,colorado.edu/faculty/kantha
ucb-lab-lecture-demo-manual,colorado.edu/lab/lecture-demo-manual
ucb-studentgroups-litg,colorado.edu/studentgroups/litg
ucb-lgbtq,colorado.edu/lgbtq
ucb-lab-liu,colorado.edu/lab/liu
ucb-program-lsamp-bd,colorado.edu/program/lsamp-bd
ucb-marshakgroup,colorado.edu/marshakgroup
ucb-facility-xrd,colorado.edu/facility/xrd
ucb-faculty-zunger-matter-by-design,colorado.edu/faculty/zunger-matter-by-design
ucb-outreach-mcm-lter,colorado.edu/outreach/mcm-lter
ucb-mcnair,colorado.edu/mcnair
ucb-lab-medeiros,colorado.edu/lab/medeiros
ucb-lab-michlgroup,colorado.edu/lab/michlgroup
ucb-faculty-hariri,colorado.edu/faculty/hariri
ucb-studentgroups-nsbe,colorado.edu/studentgroups/nsbe
ucb-studentgroups-nsa,colorado.edu/studentgroups/nsa
ucb-studentgroups-ntso,colorado.edu/studentgroups/ntso
ucb-norwood-stars,colorado.edu/norwood-stars
ucb-lab-niel,colorado.edu/lab/niel
ucb-ogce,colorado.edu/ogce
ucb-lab-olwin,colorado.edu/lab/olwin
ucb-onlinepedagogycafe,colorado.edu/onlinepedagogycafe
ucb-lab-pardigroup,colorado.edu/lab/pardigroup
ucb-faculty-goodrum,colorado.edu/faculty/goodrum
ucb-studentgroups-performance-as-research,colorado.edu/studentgroups/performance-as-research
ucb-pbk,colorado.edu/pbk
ucb-lab-phononics,colorado.edu/lab/phononics
ucb-plc,colorado.edu/plc
ucb-faculty-erickson,colorado.edu/faculty/erickson
ucb-studentgroups-psm,colorado.edu/studentgroups/psm
ucb-studentgroups-prssa,colorado.edu/studentgroups/prssa
ucb-puksta,colorado.edu/puksta
ucb-conference-romanticresistance,colorado.edu/conference/romanticresistance
ucb-faculty-kuchenrither,colorado.edu/faculty/kuchenrither
ucb-lab-raj-rishi,colorado.edu/lab/raj-rishi
ucb-event-rmd2019,colorado.edu/event/rmd2019
ucb-education,colorado.edu/education
ucb-program-schoolwide-labs,colorado.edu/program/schoolwide-labs
ucb-studentgroups-slowfoodyouth,colorado.edu/studentgroups/slowfoodyouth
ucb-smokefree,colorado.edu/smokefree
ucb-center-stemtech,colorado.edu/center/stemtech
ucb-lab-sustainable-infrastructure,colorado.edu/lab/sustainable-infrastructure
ucb-lab-tan,colorado.edu/lab/tan
ucb-techtalks,colorado.edu/techtalks
ucb-lab-techne,colorado.edu/lab/techne
ucb-studentgroups-thebold,colorado.edu/studentgroups/thebold
ucb-center-cips,colorado.edu/center/cips
ucb-theherd,colorado.edu/theherd
ucb-lab-rap,colorado.edu/lab/rap
ucb-morris-colloquium,colorado.edu/morris-colloquium
ucb-tibethimalayainitiative,colorado.edu/tibethimalayainitiative
ucb-timberjournal,colorado.edu/timberjournal
ucb-transfer,colorado.edu/transfer
ucb-tcm,colorado.edu/tcm
ucb-triosss,colorado.edu/triosss
ucb-wams-firstnations,colorado.edu/wams-firstnations
ucb-waterpdsm,colorado.edu/waterpdsm
ucb-faculty-chen,colorado.edu/faculty/chen
ucb-faculty-lee-yc,colorado.edu/faculty/lee-yc
ucb-munakata,colorado.edu/munakata
ucb-psych-neuro,colorado.edu/psych-neuro
