ucb-academicaffairs,/academicaffairs,ucbprod-academicaffairs,ucbtraining-academicaffairs,https://live-ucbprod-academicaffairs.pantheonsite.io,https://live-ucbtraining-academicaffairs.pantheonsite.io
ucb-accreditation,/accreditation,ucbprod-accreditation,ucbtraining-accreditation,https://live-ucbprod-accreditation.pantheonsite.io,https://live-ucbtraining-accreditation.pantheonsite.io
ucb-advising,/advising,ucbprod-advising,ucbtraining-advising,https://live-ucbprod-advising.pantheonsite.io,https://live-ucbtraining-advising.pantheonsite.io
ucb-aerospace,/aerospace,ucbprod-aerospace,ucbtraining-aerospace,https://live-ucbprod-aerospace.pantheonsite.io,https://live-ucbtraining-aerospace.pantheonsite.io
ucb-alc,/alc,ucbprod-alc,ucbtraining-alc,https://live-ucbprod-alc.pantheonsite.io,https://live-ucbtraining-alc.pantheonsite.io
ucb-anthropology,/anthropology,ucbprod-anthropology,ucbtraining-anthropology,https://live-ucbprod-anthropology.pantheonsite.io,https://live-ucbtraining-anthropology.pantheonsite.io
ucb-aps,/aps,ucbprod-aps,ucbtraining-aps,https://live-ucbprod-aps.pantheonsite.io,https://live-ucbtraining-aps.pantheonsite.io
ucb-artssciences-advising,/artssciences-advising,ucbprod-artssciences-advising,ucbtraining-artssciences-advising,https://live-ucbprod-artssciences-advising.pantheonsite.io,https://live-ucbtraining-artssciences-advising.pantheonsite.io
ucb-atoc,/atoc,ucbprod-atoc,ucbtraining-atoc,https://live-ucbprod-atoc.pantheonsite.io,https://live-ucbtraining-atoc.pantheonsite.io
ucb-auxiliaryservices,/auxiliaryservices,ucbprod-auxiliaryservices,ucbtraining-auxiliaryservices,https://live-ucbprod-auxiliaryservices.pantheonsite.io,https://live-ucbtraining-auxiliaryservices.pantheonsite.io
ucb-b2g,/b2g,ucbprod-b2g,ucbtraining-b2g,https://live-ucbprod-b2g.pantheonsite.io,https://live-ucbtraining-b2g.pantheonsite.io
ucb-bioastronautics,/bioastronautics,ucbprod-bioastronautics,ucbtraining-bioastronautics,https://live-ucbprod-bioastronautics.pantheonsite.io,https://live-ucbtraining-bioastronautics.pantheonsite.io
ucb-biologyadvising,/biologyadvising,ucbprod-biologyadvising,ucbtraining-biologyadvising,https://live-ucbprod-biologyadvising.pantheonsite.io,https://live-ucbtraining-biologyadvising.pantheonsite.io
ucb-buffportaladvising,/buffportaladvising,ucbprod-buffportaladvising,ucbtraining-buffportaladvising,https://live-ucbprod-buffportaladvising.pantheonsite.io,https://live-ucbtraining-buffportaladvising.pantheonsite.io
ucb-cadre,/cadre,ucbprod-cadre,ucbtraining-cadre,https://live-ucbprod-cadre.pantheonsite.io,https://live-ucbtraining-cadre.pantheonsite.io
ucb-cadswes,/cadswes,ucbprod-cadswes,ucbtraining-cadswes,https://live-ucbprod-cadswes.pantheonsite.io,https://live-ucbtraining-cadswes.pantheonsite.io
ucb-center-british-irish-studies,/center/british-irish-studies,ucbprod-center-british-irish-studies,ucbtraining-center-british-irish-studies,https://live-ucbprod-center-british-irish-studies.pantheonsite.io,https://live-ucbtraining-center-british-irish-studies.pantheonsite.io
ucb-center-c3bc,/center/c3bc,ucbprod-center-c3bc,ucbtraining-center-c3bc,https://live-ucbprod-center-c3bc.pantheonsite.io,https://live-ucbtraining-center-c3bc.pantheonsite.io
ucb-center-cdem,/center/cdem,ucbprod-center-cdem,ucbtraining-center-cdem,https://live-ucbprod-center-cdem.pantheonsite.io,https://live-ucbtraining-center-cdem.pantheonsite.io
ucb-center-cips,/center/cips,ucbprod-center-cips,ucbtraining-center-cips,https://live-ucbprod-center-cips.pantheonsite.io,https://live-ucbtraining-center-cips.pantheonsite.io
ucb-center-criticalthought,/center/criticalthought,ucbprod-center-criticalthought,ucbtraining-center-criticalthought,https://live-ucbprod-center-criticalthought.pantheonsite.io,https://live-ucbtraining-center-criticalthought.pantheonsite.io
ucb-cha,/cha,ucbprod-cha,ucbtraining-cha,https://live-ucbprod-cha.pantheonsite.io,https://live-ucbtraining-cha.pantheonsite.io
ucb-clinicalpsychology,/clinicalpsychology,ucbprod-clinicalpsychology,ucbtraining-clinicalpsychology,https://live-ucbprod-clinicalpsychology.pantheonsite.io,https://live-ucbtraining-clinicalpsychology.pantheonsite.io
ucb-composition,/composition,ucbprod-composition,ucbtraining-composition,https://live-ucbprod-composition.pantheonsite.io,https://live-ucbtraining-composition.pantheonsite.io
ucb-conference-greebs,/conference/greebs,ucbprod-conference-greebs,ucbtraining-conference-greebs,https://live-ucbprod-conference-greebs.pantheonsite.io,https://live-ucbtraining-conference-greebs.pantheonsite.io
ucb-conference-rmihc,/conference/rmihc,ucbprod-conference-rmihc,ucbtraining-conference-rmihc,https://live-ucbprod-conference-rmihc.pantheonsite.io,https://live-ucbtraining-conference-rmihc.pantheonsite.io
ucb-counseling,/counseling,ucbprod-counseling,ucbtraining-counseling,https://live-ucbprod-counseling.pantheonsite.io,https://live-ucbtraining-counseling.pantheonsite.io
ucb-course-sites-musc-1121,/course-sites/musc/1121,ucbprod-course-sites-musc-1121,ucbtraining-course-sites-musc-1121,https://live-ucbprod-course-sites-musc-1121.pantheonsite.io,https://live-ucbtraining-course-sites-musc-1121.pantheonsite.io
ucb-course-sites-musc-1131,/course-sites/musc/1131,ucbprod-course-sites-musc-1131,ucbtraining-course-sites-musc-1131,https://live-ucbprod-course-sites-musc-1131.pantheonsite.io,https://live-ucbtraining-course-sites-musc-1131.pantheonsite.io
ucb-course-sites-musc-2121,/course-sites/musc/2121,ucbprod-course-sites-musc-2121,ucbtraining-course-sites-musc-2121,https://live-ucbprod-course-sites-musc-2121.pantheonsite.io,https://live-ucbtraining-course-sites-musc-2121.pantheonsite.io
ucb-crm,/crm,ucbprod-crm,ucbtraining-crm,https://live-ucbprod-crm.pantheonsite.io,https://live-ucbtraining-crm.pantheonsite.io
ucb-cubouldersouth,/cubouldersouth,ucbprod-cubouldersouth,ucbtraining-cubouldersouth,https://live-ucbprod-cubouldersouth.pantheonsite.io,https://live-ucbtraining-cubouldersouth.pantheonsite.io
ucb-designforamerica,/designforamerica,ucbprod-designforamerica,ucbtraining-designforamerica,https://live-ucbprod-designforamerica.pantheonsite.io,https://live-ucbtraining-designforamerica.pantheonsite.io
ucb-ecee,/ecee,ucbprod-ecee,ucbtraining-ecee,https://live-ucbprod-ecee.pantheonsite.io,https://live-ucbtraining-ecee.pantheonsite.io
ucb-ehs,/ehs,ucbprod-ehs,ucbtraining-ehs,https://live-ucbprod-ehs.pantheonsite.io,https://live-ucbtraining-ehs.pantheonsite.io
ucb-emag-research,/emag-research,ucbprod-emag-research,ucbtraining-emag-research,https://live-ucbprod-emag-research.pantheonsite.io,https://live-ucbtraining-emag-research.pantheonsite.io
ucb-engineering-advising,/engineering-advising,ucbprod-engineering-advising,ucbtraining-engineering-advising,https://live-ucbprod-engineering-advising.pantheonsite.io,https://live-ucbtraining-engineering-advising.pantheonsite.io
ucb-envs,/envs,ucbprod-envs,ucbtraining-envs,https://live-ucbprod-envs.pantheonsite.io,https://live-ucbtraining-envs.pantheonsite.io
ucb-facility-biochemistry-cell-culture,/facility/biochemistry-cell-culture,ucbprod-facility-biochemistry-cell-culture,ucbtraining-facility-biochemistry-cell-culture,https://live-ucbprod-facility-biochemistry-cell-culture.pantheonsite.io,https://live-ucbtraining-facility-biochemistry-cell-culture.pantheonsite.io
ucb-facility-biokem,/facility/biokem,ucbprod-facility-biokem,ucbtraining-facility-biokem,https://live-ucbprod-facility-biokem.pantheonsite.io,https://live-ucbtraining-facility-biokem.pantheonsite.io
ucb-facility-ems,/facility/ems,ucbprod-facility-ems,ucbtraining-facility-ems,https://live-ucbprod-facility-ems.pantheonsite.io,https://live-ucbtraining-facility-ems.pantheonsite.io
ucb-faculty-ashraf-asa,/faculty/ashraf-asa,ucbprod-faculty-ashraf-asa,ucbtraining-faculty-ashraf-asa,https://live-ucbprod-faculty-ashraf-asa.pantheonsite.io,https://live-ucbtraining-faculty-ashraf-asa.pantheonsite.io
ucb-faculty-avila-sara,/faculty/avila-sara,ucbprod-faculty-avila-sara,ucbtraining-faculty-avila-sara,https://live-ucbprod-faculty-avila-sara.pantheonsite.io,https://live-ucbtraining-faculty-avila-sara.pantheonsite.io
ucb-faculty-beer,/faculty/beer,ucbprod-faculty-beer,ucbtraining-faculty-beer,https://live-ucbprod-faculty-beer.pantheonsite.io,https://live-ucbtraining-faculty-beer.pantheonsite.io
ucb-faculty-bhuvana-narasimhan,/faculty/bhuvana-narasimhan,ucbprod-faculty-bhuvana-narasimhan,ucbtraining-faculty-bhuvana-narasimhan,https://live-ucbprod-faculty-bhuvana-narasimhan.pantheonsite.io,https://live-ucbtraining-faculty-bhuvana-narasimhan.pantheonsite.io
ucb-faculty-bogatin,/faculty/bogatin,ucbprod-faculty-bogatin,ucbtraining-faculty-bogatin,https://live-ucbprod-faculty-bogatin.pantheonsite.io,https://live-ucbtraining-faculty-bogatin.pantheonsite.io
ucb-faculty-bolhari,/faculty/bolhari,ucbprod-faculty-bolhari,ucbtraining-faculty-bolhari,https://live-ucbprod-faculty-bolhari.pantheonsite.io,https://live-ucbtraining-faculty-bolhari.pantheonsite.io
ucb-faculty-bosanac,/faculty/bosanac,ucbprod-faculty-bosanac,ucbtraining-faculty-bosanac,https://live-ucbprod-faculty-bosanac.pantheonsite.io,https://live-ucbtraining-faculty-bosanac.pantheonsite.io
ucb-faculty-bottenus,/faculty/bottenus,ucbprod-faculty-bottenus,ucbtraining-faculty-bottenus,https://live-ucbprod-faculty-bottenus.pantheonsite.io,https://live-ucbtraining-faculty-bottenus.pantheonsite.io
ucb-faculty-boyd,/faculty/boyd,ucbprod-faculty-boyd,ucbtraining-faculty-boyd,https://live-ucbprod-faculty-boyd.pantheonsite.io,https://live-ucbtraining-faculty-boyd.pantheonsite.io
ucb-faculty-burns,/faculty/burns,ucbprod-faculty-burns,ucbtraining-faculty-burns,https://live-ucbprod-faculty-burns.pantheonsite.io,https://live-ucbtraining-faculty-burns.pantheonsite.io
ucb-faculty-pao,/faculty/pao,ucbprod-faculty-pao,ucbtraining-faculty-pao,https://live-ucbprod-faculty-pao.pantheonsite.io,https://live-ucbtraining-faculty-pao.pantheonsite.io
ucb-faculty-pellegrino,/faculty/pellegrino,ucbprod-faculty-pellegrino,ucbtraining-faculty-pellegrino,https://live-ucbprod-faculty-pellegrino.pantheonsite.io,https://live-ucbtraining-faculty-pellegrino.pantheonsite.io
ucb-faculty-piketmay-melinda,/faculty/piketmay-melinda,ucbprod-faculty-piketmay-melinda,ucbtraining-faculty-piketmay-melinda,https://live-ucbprod-faculty-piketmay-melinda.pantheonsite.io,https://live-ucbtraining-faculty-piketmay-melinda.pantheonsite.io
ucb-faculty-popovic-zoya,/faculty/popovic-zoya,ucbprod-faculty-popovic-zoya,ucbtraining-faculty-popovic-zoya,https://live-ucbprod-faculty-popovic-zoya.pantheonsite.io,https://live-ucbtraining-faculty-popovic-zoya.pantheonsite.io
ucb-faculty-preston,/faculty/preston,ucbprod-faculty-preston,ucbtraining-faculty-preston,https://live-ucbprod-faculty-preston.pantheonsite.io,https://live-ucbtraining-faculty-preston.pantheonsite.io
ucb-faculty-richter-matthias,/faculty/richter-matthias,ucbprod-faculty-richter-matthias,ucbtraining-faculty-richter-matthias,https://live-ucbprod-faculty-richter-matthias.pantheonsite.io,https://live-ucbtraining-faculty-richter-matthias.pantheonsite.io
ucb-faculty-samueloberdick,/faculty/samueloberdick,ucbprod-faculty-samueloberdick,ucbtraining-faculty-samueloberdick,https://live-ucbprod-faculty-samueloberdick.pantheonsite.io,https://live-ucbtraining-faculty-samueloberdick.pantheonsite.io
ucb-faculty-shaheen,/faculty/shaheen,ucbprod-faculty-shaheen,ucbtraining-faculty-shaheen,https://live-ucbprod-faculty-shaheen.pantheonsite.io,https://live-ucbtraining-faculty-shaheen.pantheonsite.io
ucb-faculty-sheldon-masters,/faculty/sheldon-masters,ucbprod-faculty-sheldon-masters,ucbtraining-faculty-sheldon-masters,https://live-ucbprod-faculty-sheldon-masters.pantheonsite.io,https://live-ucbtraining-faculty-sheldon-masters.pantheonsite.io
ucb-faculty-shriver-scott,/faculty/scott-shriver,ucbprod-faculty-shriver-scott,ucbtraining-faculty-shriver-scott,https://live-ucbprod-faculty-shriver-scott.pantheonsite.io,https://live-ucbtraining-faculty-shriver-scott.pantheonsite.io
ucb-firelifesafety,/firelifesafety,ucbprod-firelifesafety,ucbtraining-firelifesafety,https://live-ucbprod-firelifesafety.pantheonsite.io,https://live-ucbtraining-firelifesafety.pantheonsite.io
ucb-fmenergy,/fmenergy,ucbprod-fmenergy,ucbtraining-fmenergy,https://live-ucbprod-fmenergy.pantheonsite.io,https://live-ucbtraining-fmenergy.pantheonsite.io
ucb-gaann-infrastructure,/gaann-infrastructure,ucbprod-gaann-infrastructure,ucbtraining-gaann-infrastructure,https://live-ucbprod-gaann-infrastructure.pantheonsite.io,https://live-ucbtraining-gaann-infrastructure.pantheonsite.io
ucb-geologicalsciences,/geologicalsciences,ucbprod-geologicalsciences,ucbtraining-geologicalsciences,https://live-ucbprod-geologicalsciences.pantheonsite.io,https://live-ucbtraining-geologicalsciences.pantheonsite.io
ucb-health,/health,ucbprod-health,ucbtraining-health,https://live-ucbprod-health.pantheonsite.io,https://live-ucbtraining-health.pantheonsite.io
ucb-history,/history,ucbprod-history,ucbtraining-history,https://live-ucbprod-history.pantheonsite.io,https://live-ucbtraining-history.pantheonsite.io
ucb-imagingservices,/imagingservices,ucbprod-imagingservices,ucbtraining-imagingservices,https://live-ucbprod-imagingservices.pantheonsite.io,https://live-ucbtraining-imagingservices.pantheonsite.io
ucb-lab-aaron-whiteley,/lab/aaron-whiteley,ucbprod-lab-aaron-whiteley,ucbtraining-lab-aaron-whiteley,https://live-ucbprod-lab-aaron-whiteley.pantheonsite.io,https://live-ucbtraining-lab-aaron-whiteley.pantheonsite.io
ucb-lab-ahn,/lab/ahn,ucbprod-lab-ahn,ucbtraining-lab-ahn,https://live-ucbprod-lab-ahn.pantheonsite.io,https://live-ucbtraining-lab-ahn.pantheonsite.io
ucb-lab-alex-whiteley,/lab/alex-whiteley,ucbprod-lab-alex-whiteley,ucbtraining-lab-alex-whiteley,https://live-ucbprod-lab-alex-whiteley.pantheonsite.io,https://live-ucbtraining-lab-alex-whiteley.pantheonsite.io
ucb-lab-allen,/lab/allen,ucbprod-lab-allen,ucbtraining-lab-allen,https://live-ucbprod-lab-allen.pantheonsite.io,https://live-ucbtraining-lab-allen.pantheonsite.io
ucb-lab-amtl,/lab/amtl,ucbprod-lab-amtl,ucbtraining-lab-amtl,https://live-ucbprod-lab-amtl.pantheonsite.io,https://live-ucbtraining-lab-amtl.pantheonsite.io
ucb-lab-antenna,/lab/antenna,ucbprod-lab-antenna,ucbtraining-lab-antenna,https://live-ucbprod-lab-antenna.pantheonsite.io,https://live-ucbtraining-lab-antenna.pantheonsite.io
ucb-lab-arch,/lab/arch,ucbprod-lab-arch,ucbtraining-lab-arch,https://live-ucbprod-lab-arch.pantheonsite.io,https://live-ucbtraining-lab-arch.pantheonsite.io
ucb-lab-bachtell,/lab/bachtell,ucbprod-lab-bachtell,ucbtraining-lab-bachtell,https://live-ucbprod-lab-bachtell.pantheonsite.io,https://live-ucbtraining-lab-bachtell.pantheonsite.io
ucb-lab-barthelat,/lab/barthelat,ucbprod-lab-barthelat,ucbtraining-lab-barthelat,https://live-ucbprod-lab-barthelat.pantheonsite.io,https://live-ucbtraining-lab-barthelat.pantheonsite.io
ucb-lab-bay,/lab/bay,ucbprod-lab-bay,ucbtraining-lab-bay,https://live-ucbprod-lab-bay.pantheonsite.io,https://live-ucbtraining-lab-bay.pantheonsite.io
ucb-lab-betterton,/lab/betterton,ucbprod-lab-betterton,ucbtraining-lab-betterton,https://live-ucbprod-lab-betterton.pantheonsite.io,https://live-ucbtraining-lab-betterton.pantheonsite.io
ucb-lab-bierbaumgroup,/lab/bierbaumgroup,ucbprod-lab-bierbaumgroup,ucbtraining-lab-bierbaumgroup,https://live-ucbprod-lab-bierbaumgroup.pantheonsite.io,https://live-ucbtraining-lab-bierbaumgroup.pantheonsite.io
ucb-lab-biocore,/lab/biocore,ucbprod-lab-biocore,ucbtraining-lab-biocore,https://live-ucbprod-lab-biocore.pantheonsite.io,https://live-ucbtraining-lab-biocore.pantheonsite.io
ucb-lab-bowmangroup,/lab/bowmangroup,ucbprod-lab-bowmangroup,ucbtraining-lab-bowmangroup,https://live-ucbprod-lab-bowmangroup.pantheonsite.io,https://live-ucbtraining-lab-bowmangroup.pantheonsite.io
ucb-lab-breeze,/lab/breeze,ucbprod-lab-breeze,ucbtraining-lab-breeze,https://live-ucbprod-lab-breeze.pantheonsite.io,https://live-ucbtraining-lab-breeze.pantheonsite.io
ucb-lab-burdick,/lab/burdick,ucbprod-lab-burdick,ucbtraining-lab-burdick,https://live-ucbprod-lab-burdick.pantheonsite.io,https://live-ucbtraining-lab-burdick.pantheonsite.io
ucb-lab-cems,/lab/cems,ucbprod-lab-cems,ucbtraining-lab-cems,https://live-ucbprod-lab-cems.pantheonsite.io,https://live-ucbtraining-lab-cems.pantheonsite.io
ucb-lab-cook,/lab/cook,ucbprod-lab-cook,ucbtraining-lab-cook,https://live-ucbprod-lab-cook.pantheonsite.io,https://live-ucbtraining-lab-cook.pantheonsite.io
ucb-lab-correll,/lab/correll,ucbprod-lab-correll,ucbtraining-lab-correll,https://live-ucbprod-lab-correll.pantheonsite.io,https://live-ucbtraining-lab-correll.pantheonsite.io
ucb-lab-cufemm,/lab/cufemm,ucbprod-lab-cufemm,ucbtraining-lab-cufemm,https://live-ucbprod-lab-cufemm.pantheonsite.io,https://live-ucbtraining-lab-cufemm.pantheonsite.io
ucb-lab-curran-lab,/lab/curran-lab,ucbprod-lab-curran-lab,ucbtraining-lab-curran-lab,https://live-ucbprod-lab-curran-lab.pantheonsite.io,https://live-ucbtraining-lab-curran-lab.pantheonsite.io
ucb-lab-detweiler-lab,/lab/detweiler-lab,ucbprod-lab-detweiler-lab,ucbtraining-lab-detweiler-lab,https://live-ucbprod-lab-detweiler-lab.pantheonsite.io,https://live-ucbtraining-lab-detweiler-lab.pantheonsite.io
ucb-lab-diddams,/lab/diddams,ucbprod-lab-diddams,ucbtraining-lab-diddams,https://live-ucbprod-lab-diddams.pantheonsite.io,https://live-ucbtraining-lab-diddams.pantheonsite.io
ucb-lab-ding,/lab/ding,ucbprod-lab-ding,ucbtraining-lab-ding,https://live-ucbprod-lab-ding.pantheonsite.io,https://live-ucbtraining-lab-ding.pantheonsite.io
ucb-lab-doak,/lab/doak,ucbprod-lab-doak,ucbtraining-lab-doak,https://live-ucbprod-lab-doak.pantheonsite.io,https://live-ucbtraining-lab-doak.pantheonsite.io
ucb-lab-dukovicgroup,/lab/dukovicgroup,ucbprod-lab-dukovicgroup,ucbtraining-lab-dukovicgroup,https://live-ucbprod-lab-dukovicgroup.pantheonsite.io,https://live-ucbtraining-lab-dukovicgroup.pantheonsite.io
ucb-lab-eavesgroup,/lab/eavesgroup,ucbprod-lab-eavesgroup,ucbtraining-lab-eavesgroup,https://live-ucbprod-lab-eavesgroup.pantheonsite.io,https://live-ucbtraining-lab-eavesgroup.pantheonsite.io
ucb-lab-ecological-fluids,/lab/ecological-fluids,ucbprod-lab-ecological-fluids,ucbtraining-lab-ecological-fluids,https://live-ucbprod-lab-ecological-fluids.pantheonsite.io,https://live-ucbtraining-lab-ecological-fluids.pantheonsite.io
ucb-lab-immersivemedia,/lab/immersivemedia,ucbprod-lab-immersivemedia,ucbtraining-lab-immersivemedia,https://live-ucbprod-lab-immersivemedia.pantheonsite.io,https://live-ucbtraining-lab-immersivemedia.pantheonsite.io
ucb-lab-media-archeology-lab,/lab/media-archeology-lab,ucbprod-lab-media-archeology-lab,ucbtraining-lab-media-archeology-lab,https://live-ucbprod-lab-media-archeology-lab.pantheonsite.io,https://live-ucbtraining-lab-media-archeology-lab.pantheonsite.io
ucb-lab-palmer,/lab/palmer,ucbprod-lab-palmer,ucbtraining-lab-palmer,https://live-ucbprod-lab-palmer.pantheonsite.io,https://live-ucbtraining-lab-palmer.pantheonsite.io
ucb-mcdb,/mcdb,ucbprod-mcdb,ucbtraining-mcdb,https://live-ucbprod-mcdb.pantheonsite.io,https://live-ucbtraining-mcdb.pantheonsite.io
ucb-nest,/nest,ucbprod-nest,ucbtraining-nest,https://live-ucbprod-nest.pantheonsite.io,https://live-ucbtraining-nest.pantheonsite.io
ucb-offcampus,/offcampus,ucbprod-offcampus,ucbtraining-offcampus,https://live-ucbprod-offcampus.pantheonsite.io,https://live-ucbtraining-offcampus.pantheonsite.io
ucb-pacs,/pacs,ucbprod-pacs,ucbtraining-pacs,https://live-ucbprod-pacs.pantheonsite.io,https://live-ucbtraining-pacs.pantheonsite.io
ucb-pathwaytospace,/pathwaytospace,ucbprod-pathwaytospace,ucbtraining-pathwaytospace,https://live-ucbprod-pathwaytospace.pantheonsite.io,https://live-ucbtraining-pathwaytospace.pantheonsite.io
ucb-program-asqf,/program/asqf,ucbprod-program-asqf,ucbtraining-program-asqf,https://live-ucbprod-program-asqf.pantheonsite.io,https://live-ucbtraining-program-asqf.pantheonsite.io
ucb-programs-prehealth-advising,/programs/prehealth-advising,ucbprod-programs-prehealth-advising,ucbtraining-programs-prehealth-advising,https://live-ucbprod-programs-prehealth-advising.pantheonsite.io,https://live-ucbtraining-programs-prehealth-advising.pantheonsite.io
ucb-project-bbb,/project/bbb,ucbprod-project-bbb,ucbtraining-project-bbb,https://live-ucbprod-project-bbb.pantheonsite.io,https://live-ucbtraining-project-bbb.pantheonsite.io
ucb-project-cmpshowcase,/project/cmpshowcase,ucbprod-project-cmpshowcase,ucbtraining-project-cmpshowcase,https://live-ucbprod-project-cmpshowcase.pantheonsite.io,https://live-ucbtraining-project-cmpshowcase.pantheonsite.io
ucb-project-imagine-ai,/project/imagine-ai,ucbprod-project-imagine-ai,ucbtraining-project-imagine-ai,https://live-ucbprod-project-imagine-ai.pantheonsite.io,https://live-ucbtraining-project-imagine-ai.pantheonsite.io
ucb-property,/property,ucbprod-property,ucbtraining-property,https://live-ucbprod-property.pantheonsite.io,https://live-ucbtraining-property.pantheonsite.io
ucb-psychology-neuroscience-advising,/psychology-neuroscience-advising,ucbprod-psychology-neuroscience-advising,ucbtraining-psychology-neuroscience-advising,https://live-ucbprod-psychology-neuroscience-advising.pantheonsite.io,https://live-ucbtraining-psychology-neuroscience-advising.pantheonsite.io
ucb-rc,/rc,ucbprod-rc,ucbtraining-rc,https://live-ucbprod-rc.pantheonsite.io,https://live-ucbtraining-rc.pantheonsite.io
ucb-rlst,/rlst,ucbprod-rlst,ucbtraining-rlst,https://live-ucbprod-rlst.pantheonsite.io,https://live-ucbtraining-rlst.pantheonsite.io
ucb-rmla,/rmla,ucbprod-rmla,ucbtraining-rmla,https://live-ucbprod-rmla.pantheonsite.io,https://live-ucbtraining-rmla.pantheonsite.io
ucb-sasc,/sasc,ucbprod-sasc,ucbtraining-sasc,https://live-ucbprod-sasc.pantheonsite.io,https://live-ucbtraining-sasc.pantheonsite.io
ucb-sccr,/sccr,ucbprod-sccr,ucbtraining-sccr,https://live-ucbprod-sccr.pantheonsite.io,https://live-ucbtraining-sccr.pantheonsite.io
ucb-scr,/scr,ucbprod-scr,ucbtraining-scr,https://live-ucbprod-scr.pantheonsite.io,https://live-ucbtraining-scr.pantheonsite.io
ucb-sei,/sei,ucbprod-sei,ucbtraining-sei,https://live-ucbprod-sei.pantheonsite.io,https://live-ucbtraining-sei.pantheonsite.io
ucb-smokefree,/smokefree,ucbprod-smokefree,ucbtraining-smokefree,https://live-ucbprod-smokefree.pantheonsite.io,https://live-ucbtraining-smokefree.pantheonsite.io
ucb-social-psychology,/social-psychology,ucbprod-social-psychology,ucbtraining-social-psychology,https://live-ucbprod-social-psychology.pantheonsite.io,https://live-ucbtraining-social-psychology.pantheonsite.io
ucb-socialreactors,/socialreactors,ucbprod-socialreactors,ucbtraining-socialreactors,https://live-ucbprod-socialreactors.pantheonsite.io,https://live-ucbtraining-socialreactors.pantheonsite.io
ucb-spaceminor,/spaceminor,ucbprod-spaceminor,ucbtraining-spaceminor,https://live-ucbprod-spaceminor.pantheonsite.io,https://live-ucbtraining-spaceminor.pantheonsite.io
ucb-tacenter,/tacenter,ucbprod-tacenter,ucbtraining-tacenter,https://live-ucbprod-tacenter.pantheonsite.io,https://live-ucbtraining-tacenter.pantheonsite.io
ucb-tribalstem,/tribalstem,ucbprod-tribalstem,ucbtraining-tribalstem,https://live-ucbprod-tribalstem.pantheonsite.io,https://live-ucbtraining-tribalstem.pantheonsite.io
