ucb-asmagazine-archive,colorado.edu/asmagazine-archive,ucbprod-asmagazine-archive,ucbtraining-asmagazine-archive,https://live-ucbprod-asmagazine-archive.pantheonsite.io,https://live-ucbtraining-asmagazine-archive.pantheonsite.io
ucb-assett,colorado.edu/assett,ucbprod-assett,ucbtraining-assett,https://live-ucbprod-assett.pantheonsite.io,https://live-ucbtraining-assett.pantheonsite.io
ucb-behavioral-neuroscience,colorado.edu/behavioral-neuroscience,ucbprod-behavioral-neuroscience,ucbtraining-behavioral-neuroscience,https://live-ucbprod-behavioral-neuroscience.pantheonsite.io,https://live-ucbtraining-behavioral-neuroscience.pantheonsite.io
ucb-bursar,colorado.edu/bursar,ucbprod-bursar,ucbtraining-bursar,https://live-ucbprod-bursar.pantheonsite.io,https://live-ucbtraining-bursar.pantheonsite.io
ucb-cas,colorado.edu/cas,ucbprod-cas,ucbtraining-cas,https://live-ucbprod-cas.pantheonsite.io,https://live-ucbtraining-cas.pantheonsite.io
ucb-casa,colorado.edu/casa,ucbprod-casa,ucbtraining-casa,https://live-ucbprod-casa.pantheonsite.io,https://live-ucbtraining-casa.pantheonsite.io
ucb-center-bueno-esp,colorado.edu/center/bueno-esp,ucbprod-center-bueno-esp,ucbtraining-center-bueno-esp,https://live-ucbprod-center-bueno-esp.pantheonsite.io,https://live-ucbtraining-center-bueno-esp.pantheonsite.io
ucb-center-gwc,colorado.edu/center/gwc,ucbprod-center-gwc,ucbtraining-center-gwc,https://live-ucbprod-center-gwc.pantheonsite.io,https://live-ucbtraining-center-gwc.pantheonsite.io
ucb-center-iec,colorado.edu/center/iec,ucbprod-center-iec,ucbtraining-center-iec,https://live-ucbprod-center-iec.pantheonsite.io,https://live-ucbtraining-center-iec.pantheonsite.io
ucb-center-nsi,colorado.edu/center/nsi,ucbprod-center-nsi,ucbtraining-center-nsi,https://live-ucbprod-center-nsi.pantheonsite.io,https://live-ucbtraining-center-nsi.pantheonsite.io
ucb-center-teaching-learning,colorado.edu/center/teaching-learning,ucbprod-center-teaching-learning,ucbtraining-center-teaching-learning,https://live-ucbprod-center-teaching-learning.pantheonsite.io,https://live-ucbtraining-center-teaching-learning.pantheonsite.io
ucb-certificate-iqbiology,colorado.edu/certificate/iqbiology,ucbprod-certificate-iqbiology,ucbtraining-certificate-iqbiology,https://live-ucbprod-certificate-iqbiology.pantheonsite.io,https://live-ucbtraining-certificate-iqbiology.pantheonsite.io
ucb-cmcicareers,colorado.edu/cmcicareers,ucbprod-cmcicareers,ucbtraining-cmcicareers,https://live-ucbprod-cmcicareers.pantheonsite.io,https://live-ucbtraining-cmcicareers.pantheonsite.io
ucb-conference-reactivism,colorado.edu/conference/reactivism,ucbprod-conference-reactivism,ucbtraining-conference-reactivism,https://live-ucbprod-conference-reactivism.pantheonsite.io,https://live-ucbtraining-conference-reactivism.pantheonsite.io
ucb-conference-rhythm-since-1900,colorado.edu/conference/rhythm-since-1900,ucbprod-conference-rhythm-since-1900,ucbtraining-conference-rhythm-since-1900,https://live-ucbprod-conference-rhythm-since-1900.pantheonsite.io,https://live-ucbtraining-conference-rhythm-since-1900.pantheonsite.io
ucb-course-sites-musc-2131,colorado.edu/course-sites/musc/2131,ucbprod-course-sites-musc-2131,ucbtraining-course-sites-musc-2131,https://live-ucbprod-course-sites-musc-2131.pantheonsite.io,https://live-ucbtraining-course-sites-musc-2131.pantheonsite.io
ucb-course-sites-musc-fundtutorial,colorado.edu/course-sites/musc/fundtutorial,ucbprod-course-sites-musc-fundtutorial,ucbtraining-course-sites-musc-fundtutorial,https://live-ucbprod-course-sites-musc-fundtutorial.pantheonsite.io,https://live-ucbtraining-course-sites-musc-fundtutorial.pantheonsite.io
ucb-crowninstitute,colorado.edu/crowninstitute,ucbprod-crowninstitute,ucbtraining-crowninstitute,https://live-ucbprod-crowninstitute.pantheonsite.io,https://live-ucbtraining-crowninstitute.pantheonsite.io
ucb-cusg,colorado.edu/cusg,ucbprod-cusg,ucbtraining-cusg,https://live-ucbprod-cusg.pantheonsite.io,https://live-ucbtraining-cusg.pantheonsite.io
ucb-dcvf,colorado.edu/dcvf,ucbprod-dcvf,ucbtraining-dcvf,https://live-ucbprod-dcvf.pantheonsite.io,https://live-ucbtraining-dcvf.pantheonsite.io
ucb-education,colorado.edu/education,ucbprod-education,ucbtraining-education,https://live-ucbprod-education.pantheonsite.io,https://live-ucbtraining-education.pantheonsite.io
ucb-environmentalprogram,colorado.edu/environmentalprogram,ucbprod-environmentalprogram,ucbtraining-environmentalprogram,https://live-ucbprod-environmentalprogram.pantheonsite.io,https://live-ucbtraining-environmentalprogram.pantheonsite.io
ucb-even,colorado.edu/even,ucbprod-even,ucbtraining-even,https://live-ucbprod-even.pantheonsite.io,https://live-ucbtraining-even.pantheonsite.io
ucb-event-barneyford,colorado.edu/event/barneyford,ucbprod-event-barneyford,ucbtraining-event-barneyford,https://live-ucbprod-event-barneyford.pantheonsite.io,https://live-ucbtraining-event-barneyford.pantheonsite.io
ucb-event-bernstein,colorado.edu/event/bernstein,ucbprod-event-bernstein,ucbtraining-event-bernstein,https://live-ucbprod-event-bernstein.pantheonsite.io,https://live-ucbtraining-event-bernstein.pantheonsite.io
ucb-event-frips,colorado.edu/event/frips,ucbprod-event-frips,ucbtraining-event-frips,https://live-ucbprod-event-frips.pantheonsite.io,https://live-ucbtraining-event-frips.pantheonsite.io
ucb-event-lotsawa,colorado.edu/event/lotsawa,ucbprod-event-lotsawa,ucbtraining-event-lotsawa,https://live-ucbprod-event-lotsawa.pantheonsite.io,https://live-ucbtraining-event-lotsawa.pantheonsite.io
ucb-event-qms2023,colorado.edu/event/qms2023,ucbprod-event-qms2023,ucbtraining-event-qms2023,https://live-ucbprod-event-qms2023.pantheonsite.io,https://live-ucbtraining-event-qms2023.pantheonsite.io
ucb-event-rmgs2019,colorado.edu/event/rmgs2019,ucbprod-event-rmgs2019,ucbtraining-event-rmgs2019,https://live-ucbprod-event-rmgs2019.pantheonsite.io,https://live-ucbtraining-event-rmgs2019.pantheonsite.io
ucb-event-wdm2020,colorado.edu/event/wdm2020,ucbprod-event-wdm2020,ucbtraining-event-wdm2020,https://live-ucbprod-event-wdm2020.pantheonsite.io,https://live-ucbtraining-event-wdm2020.pantheonsite.io
ucb-ewb,colorado.edu/ewb,ucbprod-ewb,ucbtraining-ewb,https://live-ucbprod-ewb.pantheonsite.io,https://live-ucbtraining-ewb.pantheonsite.io
ucb-exploratorystudies,colorado.edu/exploratorystudies,ucbprod-exploratorystudies,ucbtraining-exploratorystudies,https://live-ucbprod-exploratorystudies.pantheonsite.io,https://live-ucbtraining-exploratorystudies.pantheonsite.io
ucb-facility-cosinc,colorado.edu/facility/cosinc,ucbprod-facility-cosinc,ucbtraining-facility-cosinc,https://live-ucbprod-facility-cosinc.pantheonsite.io,https://live-ucbtraining-facility-cosinc.pantheonsite.io
ucb-facility-jscbb,colorado.edu/facility/jscbb,ucbprod-facility-jscbb,ucbtraining-facility-jscbb,https://live-ucbprod-facility-jscbb.pantheonsite.io,https://live-ucbtraining-facility-jscbb.pantheonsite.io
ucb-faculty-anderson,colorado.edu/faculty/anderson,ucbprod-faculty-anderson,ucbtraining-faculty-anderson,https://live-ucbprod-faculty-anderson.pantheonsite.io,https://live-ucbtraining-faculty-anderson.pantheonsite.io
ucb-faculty-aysegul-aydin,colorado.edu/faculty/aysegul-aydin,ucbprod-faculty-aysegul-aydin,ucbtraining-faculty-aysegul-aydin,https://live-ucbprod-faculty-aysegul-aydin.pantheonsite.io,https://live-ucbtraining-faculty-aysegul-aydin.pantheonsite.io
ucb-faculty-banich,colorado.edu/faculty/banich,ucbprod-faculty-banich,ucbtraining-faculty-banich,https://live-ucbprod-faculty-banich.pantheonsite.io,https://live-ucbtraining-faculty-banich.pantheonsite.io
ucb-faculty-fitzgerald,colorado.edu/faculty/fitzgerald,ucbprod-faculty-fitzgerald,ucbtraining-faculty-fitzgerald,https://live-ucbprod-faculty-fitzgerald.pantheonsite.io,https://live-ucbtraining-faculty-fitzgerald.pantheonsite.io
ucb-faculty-fox-barbara,colorado.edu/faculty/fox-barbara,ucbprod-faculty-fox-barbara,ucbtraining-faculty-fox-barbara,https://live-ucbprod-faculty-fox-barbara.pantheonsite.io,https://live-ucbtraining-faculty-fox-barbara.pantheonsite.io
ucb-faculty-gupta,colorado.edu/faculty/gupta,ucbprod-faculty-gupta,ucbtraining-faculty-gupta,https://live-ucbprod-faculty-gupta.pantheonsite.io,https://live-ucbtraining-faculty-gupta.pantheonsite.io
ucb-faculty-hall-kira,colorado.edu/faculty/hall-kira,ucbprod-faculty-hall-kira,ucbtraining-faculty-hall-kira,https://live-ucbprod-faculty-hall-kira.pantheonsite.io,https://live-ucbtraining-faculty-hall-kira.pantheonsite.io
ucb-faculty-hernandez,colorado.edu/faculty/hernandez,ucbprod-faculty-hernandez,ucbtraining-faculty-hernandez,https://live-ucbprod-faculty-hernandez.pantheonsite.io,https://live-ucbtraining-faculty-hernandez.pantheonsite.io
ucb-faculty-knappe,colorado.edu/faculty/knappe,ucbprod-faculty-knappe,ucbtraining-faculty-knappe,https://live-ucbprod-faculty-knappe.pantheonsite.io,https://live-ucbtraining-faculty-knappe.pantheonsite.io
ucb-faculty-lijianghanyang,colorado.edu/faculty/lijianghanyang,ucbprod-faculty-lijianghanyang,ucbtraining-faculty-lijianghanyang,https://live-ucbprod-faculty-lijianghanyang.pantheonsite.io,https://live-ucbtraining-faculty-lijianghanyang.pantheonsite.io
ucb-faculty-maksimovic,colorado.edu/faculty/maksimovic,ucbprod-faculty-maksimovic,ucbtraining-faculty-maksimovic,https://live-ucbprod-faculty-maksimovic.pantheonsite.io,https://live-ucbtraining-faculty-maksimovic.pantheonsite.io
ucb-faculty-mansfeldt,colorado.edu/faculty/mansfeldt,ucbprod-faculty-mansfeldt,ucbtraining-faculty-mansfeldt,https://live-ucbprod-faculty-mansfeldt.pantheonsite.io,https://live-ucbtraining-faculty-mansfeldt.pantheonsite.io
ucb-faculty-mcleod,colorado.edu/faculty/mcleod,ucbprod-faculty-mcleod,ucbtraining-faculty-mcleod,https://live-ucbprod-faculty-mcleod.pantheonsite.io,https://live-ucbtraining-faculty-mcleod.pantheonsite.io
ucb-faculty-mcmahon,colorado.edu/faculty/mcmahon,ucbprod-faculty-mcmahon,ucbtraining-faculty-mcmahon,https://live-ucbprod-faculty-mcmahon.pantheonsite.io,https://live-ucbtraining-faculty-mcmahon.pantheonsite.io
ucb-faculty-michaelis,colorado.edu/faculty/michaelis,ucbprod-faculty-michaelis,ucbtraining-faculty-michaelis,https://live-ucbprod-faculty-michaelis.pantheonsite.io,https://live-ucbtraining-faculty-michaelis.pantheonsite.io
ucb-faculty-oreilly,colorado.edu/faculty/oreilly,ucbprod-faculty-oreilly,ucbtraining-faculty-oreilly,https://live-ucbprod-faculty-oreilly.pantheonsite.io,https://live-ucbtraining-faculty-oreilly.pantheonsite.io
ucb-faculty-semaan,colorado.edu/faculty/semaan,ucbprod-faculty-semaan,ucbtraining-faculty-semaan,https://live-ucbprod-faculty-semaan.pantheonsite.io,https://live-ucbtraining-faculty-semaan.pantheonsite.io
ucb-faculty-shannon,colorado.edu/faculty/shannon,ucbprod-faculty-shannon,ucbtraining-faculty-shannon,https://live-ucbprod-faculty-shannon.pantheonsite.io,https://live-ucbtraining-faculty-shannon.pantheonsite.io
ucb-faculty-summers,colorado.edu/faculty/summers,ucbprod-faculty-summers,ucbtraining-faculty-summers,https://live-ucbprod-faculty-summers.pantheonsite.io,https://live-ucbtraining-faculty-summers.pantheonsite.io
ucb-faculty-zea-luis,colorado.edu/faculty/zea-luis,ucbprod-faculty-zea-luis,ucbtraining-faculty-zea-luis,https://live-ucbprod-faculty-zea-luis.pantheonsite.io,https://live-ucbtraining-faculty-zea-luis.pantheonsite.io
ucb-financialaid,colorado.edu/financialaid,ucbprod-financialaid,ucbtraining-financialaid,https://live-ucbprod-financialaid.pantheonsite.io,https://live-ucbtraining-financialaid.pantheonsite.io
ucb-herbst,colorado.edu/herbst,ucbprod-herbst,ucbtraining-herbst,https://live-ucbprod-herbst.pantheonsite.io,https://live-ucbtraining-herbst.pantheonsite.io
ucb-ictintegrity,colorado.edu/ictintegrity,ucbprod-ictintegrity,ucbtraining-ictintegrity,https://live-ucbprod-ictintegrity.pantheonsite.io,https://live-ucbtraining-ictintegrity.pantheonsite.io
ucb-initiative-newscorps,colorado.edu/initiative/newscorps,ucbprod-initiative-newscorps,ucbtraining-initiative-newscorps,https://live-ucbprod-initiative-newscorps.pantheonsite.io,https://live-ucbtraining-initiative-newscorps.pantheonsite.io
ucb-innovate,colorado.edu/innovate,ucbprod-innovate,ucbtraining-innovate,https://live-ucbprod-innovate.pantheonsite.io,https://live-ucbtraining-innovate.pantheonsite.io
ucb-invst,colorado.edu/invst,ucbprod-invst,ucbtraining-invst,https://live-ucbprod-invst.pantheonsite.io,https://live-ucbtraining-invst.pantheonsite.io
ucb-iriss,colorado.edu/iriss,ucbprod-iriss,ucbtraining-iriss,https://live-ucbprod-iriss.pantheonsite.io,https://live-ucbtraining-iriss.pantheonsite.io
ucb-irt-autonomous-systems,colorado.edu/irt/autonomous-systems,ucbprod-irt-autonomous-systems,ucbtraining-irt-autonomous-systems,https://live-ucbprod-irt-autonomous-systems.pantheonsite.io,https://live-ucbtraining-irt-autonomous-systems.pantheonsite.io
ucb-irt-imagingscience,colorado.edu/irt/imagingscience,ucbprod-irt-imagingscience,ucbtraining-irt-imagingscience,https://live-ucbprod-irt-imagingscience.pantheonsite.io,https://live-ucbtraining-irt-imagingscience.pantheonsite.io
ucb-irt-precisionbiomaterials,colorado.edu/irt/precisionbiomaterials,ucbprod-irt-precisionbiomaterials,ucbtraining-irt-precisionbiomaterials,https://live-ucbprod-irt-precisionbiomaterials.pantheonsite.io,https://live-ucbtraining-irt-precisionbiomaterials.pantheonsite.io
ucb-irt-qiss,colorado.edu/irt/qiss,ucbprod-irt-qiss,ucbtraining-irt-qiss,https://live-ucbprod-irt-qiss.pantheonsite.io,https://live-ucbtraining-irt-qiss.pantheonsite.io
ucb-irt-rise,colorado.edu/irt/rise,ucbprod-irt-rise,ucbtraining-irt-rise,https://live-ucbprod-irt-rise.pantheonsite.io,https://live-ucbtraining-irt-rise.pantheonsite.io
ucb-irt-wen,colorado.edu/irt/wen,ucbprod-irt-wen,ucbtraining-irt-wen,https://live-ucbprod-irt-wen.pantheonsite.io,https://live-ucbtraining-irt-wen.pantheonsite.io
ucb-isss,colorado.edu/isss,ucbprod-isss,ucbtraining-isss,https://live-ucbprod-isss.pantheonsite.io,https://live-ucbtraining-isss.pantheonsite.io
ucb-lab-aprl,colorado.edu/lab/aprl,ucbprod-lab-aprl,ucbtraining-lab-aprl,https://live-ucbprod-lab-aprl.pantheonsite.io,https://live-ucbtraining-lab-aprl.pantheonsite.io
ucb-lab-barger,colorado.edu/lab/barger,ucbprod-lab-barger,ucbtraining-lab-barger,https://live-ucbprod-lab-barger.pantheonsite.io,https://live-ucbtraining-lab-barger.pantheonsite.io
ucb-lab-bateygroup,colorado.edu/lab/bateygroup,ucbprod-lab-bateygroup,ucbtraining-lab-bateygroup,https://live-ucbprod-lab-bateygroup.pantheonsite.io,https://live-ucbtraining-lab-bateygroup.pantheonsite.io
ucb-lab-browngroup,colorado.edu/lab/browngroup,ucbprod-lab-browngroup,ucbtraining-lab-browngroup,https://live-ucbprod-lab-browngroup.pantheonsite.io,https://live-ucbtraining-lab-browngroup.pantheonsite.io
ucb-lab-cao,colorado.edu/lab/cao,ucbprod-lab-cao,ucbtraining-lab-cao,https://live-ucbprod-lab-cao.pantheonsite.io,https://live-ucbtraining-lab-cao.pantheonsite.io
ucb-lab-cech,colorado.edu/lab/cech,ucbprod-lab-cech,ucbtraining-lab-cech,https://live-ucbprod-lab-cech.pantheonsite.io,https://live-ucbtraining-lab-cech.pantheonsite.io
ucb-lab-ceqm,colorado.edu/lab/ceqm,ucbprod-lab-ceqm,ucbtraining-lab-ceqm,https://live-ucbprod-lab-ceqm.pantheonsite.io,https://live-ucbtraining-lab-ceqm.pantheonsite.io
ucb-lab-chapl,colorado.edu/lab/chapl,ucbprod-lab-chapl,ucbtraining-lab-chapl,https://live-ucbprod-lab-chapl.pantheonsite.io,https://live-ucbtraining-lab-chapl.pantheonsite.io
ucb-lab-chuong,colorado.edu/lab/chuong,ucbprod-lab-chuong,ucbtraining-lab-chuong,https://live-ucbprod-lab-chuong.pantheonsite.io,https://live-ucbtraining-lab-chuong.pantheonsite.io
ucb-lab-clll,colorado.edu/lab/clll,ucbprod-lab-clll,ucbtraining-lab-clll,https://live-ucbprod-lab-clll.pantheonsite.io,https://live-ucbtraining-lab-clll.pantheonsite.io
ucb-lab-cryoem,colorado.edu/lab/cryoem,ucbprod-lab-cryoem,ucbtraining-lab-cryoem,https://live-ucbprod-lab-cryoem.pantheonsite.io,https://live-ucbtraining-lab-cryoem.pantheonsite.io
ucb-lab-cuhighpressure,colorado.edu/lab/cuhighpressure,ucbprod-lab-cuhighpressure,ucbtraining-lab-cuhighpressure,https://live-ucbprod-lab-cuhighpressure.pantheonsite.io,https://live-ucbtraining-lab-cuhighpressure.pantheonsite.io
ucb-lab-cuk,colorado.edu/lab/cuk,ucbprod-lab-cuk,ucbtraining-lab-cuk,https://live-ucbprod-lab-cuk.pantheonsite.io,https://live-ucbtraining-lab-cuk.pantheonsite.io
ucb-lab-damrauergroup,colorado.edu/lab/damrauergroup,ucbprod-lab-damrauergroup,ucbtraining-lab-damrauergroup,https://live-ucbprod-lab-damrauergroup.pantheonsite.io,https://live-ucbtraining-lab-damrauergroup.pantheonsite.io
ucb-lab-del,colorado.edu/lab/del,ucbprod-lab-del,ucbtraining-lab-del,https://live-ucbprod-lab-del.pantheonsite.io,https://live-ucbtraining-lab-del.pantheonsite.io
ucb-lab-dsrl,colorado.edu/lab/dsrl,ucbprod-lab-dsrl,ucbtraining-lab-dsrl,https://live-ucbprod-lab-dsrl.pantheonsite.io,https://live-ucbtraining-lab-dsrl.pantheonsite.io
ucb-lab-environmental-soft-matter,colorado.edu/lab/environmental-soft-matter,ucbprod-lab-environmental-soft-matter,ucbtraining-lab-environmental-soft-matter,https://live-ucbprod-lab-environmental-soft-matter.pantheonsite.io,https://live-ucbtraining-lab-environmental-soft-matter.pantheonsite.io
ucb-lab-evans,colorado.edu/lab/evans,ucbprod-lab-evans,ucbtraining-lab-evans,https://live-ucbprod-lab-evans.pantheonsite.io,https://live-ucbtraining-lab-evans.pantheonsite.io
ucb-lab-gaf,colorado.edu/lab/gaf,ucbprod-lab-gaf,ucbtraining-lab-gaf,https://live-ucbprod-lab-gaf.pantheonsite.io,https://live-ucbtraining-lab-gaf.pantheonsite.io
ucb-lab-hannigan,colorado.edu/lab/hannigan,ucbprod-lab-hannigan,ucbtraining-lab-hannigan,https://live-ucbprod-lab-hannigan.pantheonsite.io,https://live-ucbtraining-lab-hannigan.pantheonsite.io
ucb-lab-holewinski,colorado.edu/lab/holewinski,ucbprod-lab-holewinski,ucbtraining-lab-holewinski,https://live-ucbprod-lab-holewinski.pantheonsite.io,https://live-ucbtraining-lab-holewinski.pantheonsite.io
ucb-lab-imaging-systems,colorado.edu/lab/imaging-systems,ucbprod-lab-imaging-systems,ucbtraining-lab-imaging-systems,https://live-ucbprod-lab-imaging-systems.pantheonsite.io,https://live-ucbtraining-lab-imaging-systems.pantheonsite.io
ucb-lab-ipower3es,colorado.edu/lab/ipower3es,ucbprod-lab-ipower3es,ucbtraining-lab-ipower3es,https://live-ucbprod-lab-ipower3es.pantheonsite.io,https://live-ucbtraining-lab-ipower3es.pantheonsite.io
ucb-lab-kaar,colorado.edu/lab/kaar,ucbprod-lab-kaar,ucbtraining-lab-kaar,https://live-ucbprod-lab-kaar.pantheonsite.io,https://live-ucbtraining-lab-kaar.pantheonsite.io
ucb-lab-labbe,colorado.edu/lab/labbe,ucbprod-lab-labbe,ucbtraining-lab-labbe,https://live-ucbprod-lab-labbe.pantheonsite.io,https://live-ucbtraining-lab-labbe.pantheonsite.io
ucb-lab-moisl,colorado.edu/lab/moisl,ucbprod-lab-moisl,ucbtraining-lab-moisl,https://live-ucbprod-lab-moisl.pantheonsite.io,https://live-ucbtraining-lab-moisl.pantheonsite.io
ucb-lab-muri-cognitive-security,colorado.edu/lab/muri-cognitive-security,ucbprod-lab-muri-cognitive-security,ucbtraining-lab-muri-cognitive-security,https://live-ucbprod-lab-muri-cognitive-security.pantheonsite.io,https://live-ucbtraining-lab-muri-cognitive-security.pantheonsite.io
ucb-lab-musgrave-research-group,colorado.edu/lab/musgrave-research-group,ucbprod-lab-musgrave-research-group,ucbtraining-lab-musgrave-research-group,https://live-ucbprod-lab-musgrave-research-group.pantheonsite.io,https://live-ucbtraining-lab-musgrave-research-group.pantheonsite.io
ucb-lsm,colorado.edu/lsm,ucbprod-lsm,ucbtraining-lsm,https://live-ucbprod-lsm.pantheonsite.io,https://live-ucbtraining-lsm.pantheonsite.io
ucb-menv,colorado.edu/menv,ucbprod-menv,ucbtraining-menv,https://live-ucbprod-menv.pantheonsite.io,https://live-ucbtraining-menv.pantheonsite.io
ucb-music,colorado.edu/music,ucbprod-music,ucbtraining-music,https://live-ucbprod-music.pantheonsite.io,https://live-ucbtraining-music.pantheonsite.io
ucb-nrotc,colorado.edu/nrotc,ucbprod-nrotc,ucbtraining-nrotc,https://live-ucbprod-nrotc.pantheonsite.io,https://live-ucbtraining-nrotc.pantheonsite.io
ucb-oie,colorado.edu/oie,ucbprod-oie,ucbtraining-oie,https://live-ucbprod-oie.pantheonsite.io,https://live-ucbtraining-oie.pantheonsite.io
ucb-program-data-science,colorado.edu/program/data-science,ucbprod-program-data-science,ucbtraining-program-data-science,https://live-ucbprod-program-data-science.pantheonsite.io,https://live-ucbtraining-program-data-science.pantheonsite.io
ucb-project-arapaho,colorado.edu/project/arapaho,ucbprod-project-arapaho,ucbtraining-project-arapaho,https://live-ucbprod-project-arapaho.pantheonsite.io,https://live-ucbtraining-project-arapaho.pantheonsite.io
ucb-project-arete,colorado.edu/project/arete,ucbprod-project-arete,ucbtraining-project-arete,https://live-ucbprod-project-arete.pantheonsite.io,https://live-ucbtraining-project-arete.pantheonsite.io
ucb-project-arpa-energygo,colorado.edu/project/arpa-energygo,ucbprod-project-arpa-energygo,ucbtraining-project-arpa-energygo,https://live-ucbprod-project-arpa-energygo.pantheonsite.io,https://live-ucbtraining-project-arpa-energygo.pantheonsite.io
ucb-project-commsimulation,colorado.edu/project/commsimulation,ucbprod-project-commsimulation,ucbtraining-project-commsimulation,https://live-ucbprod-project-commsimulation.pantheonsite.io,https://live-ucbtraining-project-commsimulation.pantheonsite.io
ucb-project-elementaryartslab,colorado.edu/project/elementaryartslab,ucbprod-project-elementaryartslab,ucbtraining-project-elementaryartslab,https://live-ucbprod-project-elementaryartslab.pantheonsite.io,https://live-ucbtraining-project-elementaryartslab.pantheonsite.io
ucb-project-environmental-futures,colorado.edu/project/environmental-futures,ucbprod-project-environmental-futures,ucbtraining-project-environmental-futures,https://live-ucbprod-project-environmental-futures.pantheonsite.io,https://live-ucbtraining-project-environmental-futures.pantheonsite.io
ucb-project-ismhp,colorado.edu/project/ismhp,ucbprod-project-ismhp,ucbtraining-project-ismhp,https://live-ucbprod-project-ismhp.pantheonsite.io,https://live-ucbtraining-project-ismhp.pantheonsite.io
ucb-project-mathbio,colorado.edu/project/mathbio,ucbprod-project-mathbio,ucbtraining-project-mathbio,https://live-ucbprod-project-mathbio.pantheonsite.io,https://live-ucbtraining-project-mathbio.pantheonsite.io
ucb-publicachievement,colorado.edu/publicachievement,ucbprod-publicachievement,ucbtraining-publicachievement,https://live-ucbprod-publicachievement.pantheonsite.io,https://live-ucbtraining-publicachievement.pantheonsite.io
ucb-pwr,colorado.edu/pwr,ucbprod-pwr,ucbtraining-pwr,https://live-ucbprod-pwr.pantheonsite.io,https://live-ucbtraining-pwr.pantheonsite.io
ucb-recoverycommunity,colorado.edu/recoverycommunity,ucbprod-recoverycommunity,ucbtraining-recoverycommunity,https://live-ucbprod-recoverycommunity.pantheonsite.io,https://live-ucbtraining-recoverycommunity.pantheonsite.io
ucb-registrar2,colorado.edu/registrar,ucbprod-registrar2,ucbtraining-registrar2,https://live-ucbprod-registrar2.pantheonsite.io,https://live-ucbtraining-registrar2.pantheonsite.io
ucb-research-induced-seismicity,colorado.edu/research/induced-seismicity,ucbprod-research-induced-seismicity,ucbtraining-research-induced-seismicity,https://live-ucbprod-research-induced-seismicity.pantheonsite.io,https://live-ucbtraining-research-induced-seismicity.pantheonsite.io
ucb-research-instaar,colorado.edu/instaar,ucbprod-research-instaar,ucbtraining-research-instaar,https://live-ucbprod-research-instaar.pantheonsite.io,https://live-ucbtraining-research-instaar.pantheonsite.io
ucb-research-learn-dbir,colorado.edu/research/learn-dbir,ucbprod-research-learn-dbir,ucbtraining-research-learn-dbir,https://live-ucbprod-research-learn-dbir.pantheonsite.io,https://live-ucbtraining-research-learn-dbir.pantheonsite.io
ucb-research-ncrpp,colorado.edu/research/ncrpp,ucbprod-research-ncrpp,ucbtraining-research-ncrpp,https://live-ucbprod-research-ncrpp.pantheonsite.io,https://live-ucbtraining-research-ncrpp.pantheonsite.io
ucb-scholarships,colorado.edu/scholarships,ucbprod-scholarships,ucbtraining-scholarships,https://live-ucbprod-scholarships.pantheonsite.io,https://live-ucbtraining-scholarships.pantheonsite.io
ucb-studentgroups-buffvex,colorado.edu/studentgroups/buffvex,ucbprod-studentgroups-buffvex,ucbtraining-studentgroups-buffvex,https://live-ucbprod-studentgroups-buffvex.pantheonsite.io,https://live-ucbtraining-studentgroups-buffvex.pantheonsite.io
ucb-studentgroups-cac,colorado.edu/studentgroups/cac,ucbprod-studentgroups-cac,ucbtraining-studentgroups-cac,https://live-ucbprod-studentgroups-cac.pantheonsite.io,https://live-ucbtraining-studentgroups-cac.pantheonsite.io
ucb-studentgroups-chemunity,colorado.edu/studentgroups/chemunity,ucbprod-studentgroups-chemunity,ucbtraining-studentgroups-chemunity,https://live-ucbprod-studentgroups-chemunity.pantheonsite.io,https://live-ucbtraining-studentgroups-chemunity.pantheonsite.io
ucb-studentgroups-collegiatescholars,colorado.edu/studentgroups/collegiatescholars,ucbprod-studentgroups-collegiatescholars,ucbtraining-studentgroups-collegiatescholars,https://live-ucbprod-studentgroups-collegiatescholars.pantheonsite.io,https://live-ucbtraining-studentgroups-collegiatescholars.pantheonsite.io
ucb-studentgroups-cu-wic,colorado.edu/studentgroups/cu-wic,ucbprod-studentgroups-cu-wic,ucbtraining-studentgroups-cu-wic,https://live-ucbprod-studentgroups-cu-wic.pantheonsite.io,https://live-ucbtraining-studentgroups-cu-wic.pantheonsite.io
ucb-studentgroups-cufec,colorado.edu/studentgroups/cufec,ucbprod-studentgroups-cufec,ucbtraining-studentgroups-cufec,https://live-ucbprod-studentgroups-cufec.pantheonsite.io,https://live-ucbtraining-studentgroups-cufec.pantheonsite.io
ucb-studentgroups-cumocktrial,colorado.edu/studentgroups/cumocktrial,ucbprod-studentgroups-cumocktrial,ucbtraining-studentgroups-cumocktrial,https://live-ucbprod-studentgroups-cumocktrial.pantheonsite.io,https://live-ucbtraining-studentgroups-cumocktrial.pantheonsite.io
ucb-studentgroups-ecs,colorado.edu/studentgroups/ecs,ucbprod-studentgroups-ecs,ucbtraining-studentgroups-ecs,https://live-ucbprod-studentgroups-ecs.pantheonsite.io,https://live-ucbtraining-studentgroups-ecs.pantheonsite.io
ucb-studentgroups-globemed,colorado.edu/studentgroups/globemed,ucbprod-studentgroups-globemed,ucbtraining-studentgroups-globemed,https://live-ucbprod-studentgroups-globemed.pantheonsite.io,https://live-ucbtraining-studentgroups-globemed.pantheonsite.io
ucb-studentgroups-ispe,colorado.edu/studentgroups/ispe,ucbprod-studentgroups-ispe,ucbtraining-studentgroups-ispe,https://live-ucbprod-studentgroups-ispe.pantheonsite.io,https://live-ucbtraining-studentgroups-ispe.pantheonsite.io
ucb-studentgroups-toastmasters,colorado.edu/studentgroups/toastmasters,ucbprod-studentgroups-toastmasters,ucbtraining-studentgroups-toastmasters,https://live-ucbprod-studentgroups-toastmasters.pantheonsite.io,https://live-ucbtraining-studentgroups-toastmasters.pantheonsite.io
ucb-studentgroups-umasymexa,colorado.edu/studentgroups/umasymexa,ucbprod-studentgroups-umasymexa,ucbtraining-studentgroups-umasymexa,https://live-ucbprod-studentgroups-umasymexa.pantheonsite.io,https://live-ucbtraining-studentgroups-umasymexa.pantheonsite.io
ucb-studentgroups-vrarclub,colorado.edu/studentgroups/vrarclub,ucbprod-studentgroups-vrarclub,ucbtraining-studentgroups-vrarclub,https://live-ucbprod-studentgroups-vrarclub.pantheonsite.io,https://live-ucbtraining-studentgroups-vrarclub.pantheonsite.io
ucb-support-basicneeds,colorado.edu/support/basicneeds,ucbprod-support-basicneeds,ucbtraining-support-basicneeds,https://live-ucbprod-support-basicneeds.pantheonsite.io,https://live-ucbtraining-support-basicneeds.pantheonsite.io
ucb-sustainablepractices,colorado.edu/sustainablepractices,ucbprod-sustainablepractices,ucbtraining-sustainablepractices,https://live-ucbprod-sustainablepractices.pantheonsite.io,https://live-ucbtraining-sustainablepractices.pantheonsite.io
ucb-symposium-gearrs,colorado.edu/symposium/gearrs,ucbprod-symposium-gearrs,ucbtraining-symposium-gearrs,https://live-ucbprod-symposium-gearrs.pantheonsite.io,https://live-ucbtraining-symposium-gearrs.pantheonsite.io
ucb-symposium-pegmatite,colorado.edu/symposium/pegmatite,ucbprod-symposium-pegmatite,ucbtraining-symposium-pegmatite,https://live-ucbprod-symposium-pegmatite.pantheonsite.io,https://live-ucbtraining-symposium-pegmatite.pantheonsite.io
ucb-lab-chemtheory,colorado.edu/lab/chemtheory,ucbprod-lab-chemtheory,ucbtraining-lab-chemtheory,https://live-ucbprod-lab-chemtheory.pantheonsite.io,https://live-ucbtraining-lab-chemtheory.pantheonsite.io
ucb-lab-corwin-reach,colorado.edu/lab/corwin-reach,ucbprod-lab-corwin-reach,ucbtraining-lab-corwin-reach,https://live-ucbprod-lab-corwin-reach.pantheonsite.io,https://live-ucbtraining-lab-corwin-reach.pantheonsite.io
