ucb-aais,colorado.edu/aais,ucbprod-aais,ucbtraining-aais,https://live-ucbprod-aais.pantheonsite.io,https://live-ucbtraining-aais.pantheonsite.io
ucb-academicfutures,colorado.edu/academicfutures,ucbprod-academicfutures,ucbtraining-academicfutures,https://live-ucbprod-academicfutures.pantheonsite.io,https://live-ucbtraining-academicfutures.pantheonsite.io
ucb-afrotc,colorado.edu/afrotc,ucbprod-afrotc,ucbtraining-afrotc,https://live-ucbprod-afrotc.pantheonsite.io,https://live-ucbtraining-afrotc.pantheonsite.io
ucb-alumniboard,colorado.edu/alumniboard,ucbprod-alumniboard,ucbtraining-alumniboard,https://live-ucbprod-alumniboard.pantheonsite.io,https://live-ucbtraining-alumniboard.pantheonsite.io
ucb-aod,colorado.edu/aod,ucbprod-aod,ucbtraining-aod,https://live-ucbprod-aod.pantheonsite.io,https://live-ucbtraining-aod.pantheonsite.io
ucb-aquetza,colorado.edu/aquetza,ucbprod-aquetza,ucbtraining-aquetza,https://live-ucbprod-aquetza.pantheonsite.io,https://live-ucbtraining-aquetza.pantheonsite.io
ucb-archivetransformed,colorado.edu/archivetransformed,ucbprod-archivetransformed,ucbtraining-archivetransformed,https://live-ucbprod-archivetransformed.pantheonsite.io,https://live-ucbtraining-archivetransformed.pantheonsite.io
ucb-arotc,colorado.edu/arotc,ucbprod-arotc,ucbtraining-arotc,https://live-ucbprod-arotc.pantheonsite.io,https://live-ucbtraining-arotc.pantheonsite.io
ucb-artsandsciences,colorado.edu/artsandsciences,ucbprod-artsandsciences,ucbtraining-artsandsciences,https://live-ucbprod-artsandsciences.pantheonsite.io,https://live-ucbtraining-artsandsciences.pantheonsite.io
ucb-asfacultystaff,colorado.edu/asfacultystaff,ucbprod-asfacultystaff,ucbtraining-asfacultystaff,https://live-ucbprod-asfacultystaff.pantheonsite.io,https://live-ucbtraining-asfacultystaff.pantheonsite.io
ucb-bioserve-sandbox,colorado.edu/bioserve-sandbox,ucbprod-bioserve-sandbox,ucbtraining-bioserve-sandbox,https://live-ucbprod-bioserve-sandbox.pantheonsite.io,https://live-ucbtraining-bioserve-sandbox.pantheonsite.io
ucb-blackstudentalliance,colorado.edu/blackstudentalliance,ucbprod-blackstudentalliance,ucbtraining-blackstudentalliance,https://live-ucbprod-blackstudentalliance.pantheonsite.io,https://live-ucbtraining-blackstudentalliance.pantheonsite.io
ucb-bouldersoundshop,colorado.edu/bouldersoundshop,ucbprod-bouldersoundshop,ucbtraining-bouldersoundshop,https://live-ucbprod-bouldersoundshop.pantheonsite.io,https://live-ucbtraining-bouldersoundshop.pantheonsite.io
ucb-bowmanlab,colorado.edu/bowmanlab,ucbprod-bowmanlab,ucbtraining-bowmanlab,https://live-ucbprod-bowmanlab.pantheonsite.io,https://live-ucbtraining-bowmanlab.pantheonsite.io
ucb-brakhagecenter,colorado.edu/brakhagecenter,ucbprod-brakhagecenter,ucbtraining-brakhagecenter,https://live-ucbprod-brakhagecenter.pantheonsite.io,https://live-ucbtraining-brakhagecenter.pantheonsite.io
ucb-campusplanning,colorado.edu/campusplanning,ucbprod-campusplanning,ucbtraining-campusplanning,https://live-ucbprod-campusplanning.pantheonsite.io,https://live-ucbtraining-campusplanning.pantheonsite.io
ucb-ceae,colorado.edu/ceae,ucbprod-ceae,ucbtraining-ceae,https://live-ucbprod-ceae.pantheonsite.io,https://live-ucbtraining-ceae.pantheonsite.io
ucb-ceb,colorado.edu/ceb,ucbprod-ceb,ucbtraining-ceb,https://live-ucbprod-ceb.pantheonsite.io,https://live-ucbtraining-ceb.pantheonsite.io
ucb-center-benson,colorado.edu/center/benson,ucbprod-center-benson,ucbtraining-center-benson,https://live-ucbprod-center-benson.pantheonsite.io,https://live-ucbtraining-center-benson.pantheonsite.io
ucb-center-bueno,colorado.edu/center/bueno,ucbprod-center-bueno,ucbtraining-center-bueno,https://live-ucbprod-center-bueno.pantheonsite.io,https://live-ucbtraining-center-bueno.pantheonsite.io
ucb-center-crmt,colorado.edu/center/crmt,ucbprod-center-crmt,ucbtraining-center-crmt,https://live-ucbprod-center-crmt.pantheonsite.io,https://live-ucbtraining-center-crmt.pantheonsite.io
ucb-center-cuchange,colorado.edu/center/cuchange,ucbprod-center-cuchange,ucbtraining-center-cuchange,https://live-ucbprod-center-cuchange.pantheonsite.io,https://live-ucbtraining-center-cuchange.pantheonsite.io
ucb-center-demtech,colorado.edu/center/demtech,ucbprod-center-demtech,ucbtraining-center-demtech,https://live-ucbprod-center-demtech.pantheonsite.io,https://live-ucbtraining-center-demtech.pantheonsite.io
ucb-center-spacegrant,colorado.edu/center/spacegrant,ucbprod-center-spacegrant,ucbtraining-center-spacegrant,https://live-ucbprod-center-spacegrant.pantheonsite.io,https://live-ucbtraining-center-spacegrant.pantheonsite.io
ucb-chbecapstonedesign,colorado.edu/chbecapstonedesign,ucbprod-chbecapstonedesign,ucbtraining-chbecapstonedesign,https://live-ucbprod-chbecapstonedesign.pantheonsite.io,https://live-ucbtraining-chbecapstonedesign.pantheonsite.io
ucb-childcare,colorado.edu/childcare,ucbprod-childcare,ucbtraining-childcare,https://live-ucbprod-childcare.pantheonsite.io,https://live-ucbtraining-childcare.pantheonsite.io
ucb-cinemastudies,colorado.edu/cinemastudies,ucbprod-cinemastudies,ucbtraining-cinemastudies,https://live-ucbprod-cinemastudies.pantheonsite.io,https://live-ucbtraining-cinemastudies.pantheonsite.io
ucb-cognitivedevelopment,colorado.edu/cognitivedevelopment,ucbprod-cognitivedevelopment,ucbtraining-cognitivedevelopment,https://live-ucbprod-cognitivedevelopment.pantheonsite.io,https://live-ucbtraining-cognitivedevelopment.pantheonsite.io
ucb-commrap,colorado.edu/commrap,ucbprod-commrap,ucbtraining-commrap,https://live-ucbprod-commrap.pantheonsite.io,https://live-ucbtraining-commrap.pantheonsite.io
ucb-communications-data-science,colorado.edu/communications-data-science,ucbprod-communications-data-science,ucbtraining-communications-data-science,https://live-ucbprod-communications-data-science.pantheonsite.io,https://live-ucbtraining-communications-data-science.pantheonsite.io
ucb-controller,colorado.edu/controller,ucbprod-controller,ucbtraining-controller,https://live-ucbprod-controller.pantheonsite.io,https://live-ucbtraining-controller.pantheonsite.io
ucb-cvsp,colorado.edu/cvsp,ucbprod-cvsp,ucbtraining-cvsp,https://live-ucbprod-cvsp.pantheonsite.io,https://live-ucbtraining-cvsp.pantheonsite.io
ucb-emp,colorado.edu/emp,ucbprod-emp,ucbtraining-emp,https://live-ucbprod-emp.pantheonsite.io,https://live-ucbtraining-emp.pantheonsite.io
ucb-english,colorado.edu/english,ucbprod-english,ucbtraining-english,https://live-ucbprod-english.pantheonsite.io,https://live-ucbtraining-english.pantheonsite.io
ucb-english-language-notes,colorado.edu/english-language-notes,ucbprod-english-language-notes,ucbtraining-english-language-notes,https://live-ucbprod-english-language-notes.pantheonsite.io,https://live-ucbtraining-english-language-notes.pantheonsite.io
ucb-event-tedxcu,colorado.edu/event/tedxcu,ucbprod-event-tedxcu,ucbtraining-event-tedxcu,https://live-ucbprod-event-tedxcu.pantheonsite.io,https://live-ucbtraining-event-tedxcu.pantheonsite.io
ucb-faculty-celoza,colorado.edu/faculty/celoza,ucbprod-faculty-celoza,ucbtraining-faculty-celoza,https://live-ucbprod-faculty-celoza.pantheonsite.io,https://live-ucbtraining-faculty-celoza.pantheonsite.io
ucb-faculty-henze,colorado.edu/faculty/henze,ucbprod-faculty-henze,ucbtraining-faculty-henze,https://live-ucbprod-faculty-henze.pantheonsite.io,https://live-ucbtraining-faculty-henze.pantheonsite.io
ucb-faculty-hulden-vilja,colorado.edu/faculty/hulden-vilja,ucbprod-faculty-hulden-vilja,ucbtraining-faculty-hulden-vilja,https://live-ucbprod-faculty-hulden-vilja.pantheonsite.io,https://live-ucbtraining-faculty-hulden-vilja.pantheonsite.io
ucb-faculty-kmaskus,colorado.edu/faculty/kmaskus,ucbprod-faculty-kmaskus,ucbtraining-faculty-kmaskus,https://live-ucbprod-faculty-kmaskus.pantheonsite.io,https://live-ucbtraining-faculty-kmaskus.pantheonsite.io
ucb-faculty-lehmantamara,colorado.edu/faculty/lehmantamara,ucbprod-faculty-lehmantamara,ucbtraining-faculty-lehmantamara,https://live-ucbprod-faculty-lehmantamara.pantheonsite.io,https://live-ucbtraining-faculty-lehmantamara.pantheonsite.io
ucb-faculty-mathys,colorado.edu/faculty/mathys,ucbprod-faculty-mathys,ucbtraining-faculty-mathys,https://live-ucbprod-faculty-mathys.pantheonsite.io,https://live-ucbtraining-faculty-mathys.pantheonsite.io
ucb-faculty-metcalf,colorado.edu/faculty/metcalf,ucbprod-faculty-metcalf,ucbtraining-faculty-metcalf,https://live-ucbprod-faculty-metcalf.pantheonsite.io,https://live-ucbtraining-faculty-metcalf.pantheonsite.io
ucb-faculty-milford-jana,colorado.edu/faculty/milford-jana,ucbprod-faculty-milford-jana,ucbtraining-faculty-milford-jana,https://live-ucbprod-faculty-milford-jana.pantheonsite.io,https://live-ucbtraining-faculty-milford-jana.pantheonsite.io
ucb-faculty-moddel,colorado.edu/faculty/moddel,ucbprod-faculty-moddel,ucbtraining-faculty-moddel,https://live-ucbprod-faculty-moddel.pantheonsite.io,https://live-ucbtraining-faculty-moddel.pantheonsite.io
ucb-faculty-molenaar,colorado.edu/faculty/molenaar,ucbprod-faculty-molenaar,ucbtraining-faculty-molenaar,https://live-ucbprod-faculty-molenaar.pantheonsite.io,https://live-ucbtraining-faculty-molenaar.pantheonsite.io
ucb-faculty-murray,colorado.edu/faculty/murray,ucbprod-faculty-murray,ucbtraining-faculty-murray,https://live-ucbprod-faculty-murray.pantheonsite.io,https://live-ucbtraining-faculty-murray.pantheonsite.io
ucb-faculty-musgrave,colorado.edu/faculty/musgrave,ucbprod-faculty-musgrave,ucbtraining-faculty-musgrave,https://live-ucbprod-faculty-musgrave.pantheonsite.io,https://live-ucbtraining-faculty-musgrave.pantheonsite.io
ucb-faculty-nicotra,colorado.edu/faculty/nicotra,ucbprod-faculty-nicotra,ucbtraining-faculty-nicotra,https://live-ucbprod-faculty-nicotra.pantheonsite.io,https://live-ucbtraining-faculty-nicotra.pantheonsite.io
ucb-faculty-niederwieser,colorado.edu/faculty/niederwieser,ucbprod-faculty-niederwieser,ucbtraining-faculty-niederwieser,https://live-ucbprod-faculty-niederwieser.pantheonsite.io,https://live-ucbtraining-faculty-niederwieser.pantheonsite.io
ucb-faculty-palmer-martha,colorado.edu/faculty/palmer-martha,ucbprod-faculty-palmer-martha,ucbtraining-faculty-palmer-martha,https://live-ucbprod-faculty-palmer-martha.pantheonsite.io,https://live-ucbtraining-faculty-palmer-martha.pantheonsite.io
ucb-faculty-pfeffer,colorado.edu/faculty/pfeffer,ucbprod-faculty-pfeffer,ucbtraining-faculty-pfeffer,https://live-ucbprod-faculty-pfeffer.pantheonsite.io,https://live-ucbtraining-faculty-pfeffer.pantheonsite.io
ucb-faculty-rosario-ortiz,colorado.edu/faculty/rosario-ortiz,ucbprod-faculty-rosario-ortiz,ucbtraining-faculty-rosario-ortiz,https://live-ucbprod-faculty-rosario-ortiz.pantheonsite.io,https://live-ucbtraining-faculty-rosario-ortiz.pantheonsite.io
ucb-faculty-ruzzene,colorado.edu/faculty/ruzzene,ucbprod-faculty-ruzzene,ucbtraining-faculty-ruzzene,https://live-ucbprod-faculty-ruzzene.pantheonsite.io,https://live-ucbtraining-faculty-ruzzene.pantheonsite.io
ucb-faculty-ryan-joseph,colorado.edu/faculty/ryan-joseph,ucbprod-faculty-ryan-joseph,ucbtraining-faculty-ryan-joseph,https://live-ucbprod-faculty-ryan-joseph.pantheonsite.io,https://live-ucbtraining-faculty-ryan-joseph.pantheonsite.io
ucb-faculty-shi-yuan,colorado.edu/faculty/shi-yuan,ucbprod-faculty-shi-yuan,ucbtraining-faculty-shi-yuan,https://live-ucbprod-faculty-shi-yuan.pantheonsite.io,https://live-ucbtraining-faculty-shi-yuan.pantheonsite.io
ucb-frenchitalian,colorado.edu/frenchitalian,ucbprod-frenchitalian,ucbtraining-frenchitalian,https://live-ucbprod-frenchitalian.pantheonsite.io,https://live-ucbtraining-frenchitalian.pantheonsite.io
ucb-gis-cad,colorado.edu/gis-cad,ucbprod-gis-cad,ucbtraining-gis-cad,https://live-ucbprod-gis-cad.pantheonsite.io,https://live-ucbtraining-gis-cad.pantheonsite.io
ucb-hsc2017,colorado.edu/hsc2017,ucbprod-hsc2017,ucbtraining-hsc2017,https://live-ucbprod-hsc2017.pantheonsite.io,https://live-ucbtraining-hsc2017.pantheonsite.io
ucb-infoscience,colorado.edu/infoscience,ucbprod-infoscience,ucbtraining-infoscience,https://live-ucbprod-infoscience.pantheonsite.io,https://live-ucbtraining-infoscience.pantheonsite.io
ucb-infrastructure-sustainability,colorado.edu/infrastructure-sustainability,ucbprod-infrastructure-sustainability,ucbtraining-infrastructure-sustainability,https://live-ucbprod-infrastructure-sustainability.pantheonsite.io,https://live-ucbtraining-infrastructure-sustainability.pantheonsite.io
ucb-initiative-crics,colorado.edu/initiative/crics,ucbprod-initiative-crics,ucbtraining-initiative-crics,https://live-ucbprod-initiative-crics.pantheonsite.io,https://live-ucbtraining-initiative-crics.pantheonsite.io
ucb-initiative-pac12ccu,colorado.edu/initiative/pac12ccu,ucbprod-initiative-pac12ccu,ucbtraining-initiative-pac12ccu,https://live-ucbprod-initiative-pac12ccu.pantheonsite.io,https://live-ucbtraining-initiative-pac12ccu.pantheonsite.io
ucb-initiatives-impact,colorado.edu/initiatives/impact,ucbprod-initiatives-impact,ucbtraining-initiatives-impact,https://live-ucbprod-initiatives-impact.pantheonsite.io,https://live-ucbtraining-initiatives-impact.pantheonsite.io
ucb-involvement,colorado.edu/involvement,ucbprod-involvement,ucbtraining-involvement,https://live-ucbprod-involvement.pantheonsite.io,https://live-ucbtraining-involvement.pantheonsite.io
ucb-iphy,colorado.edu/iphy,ucbprod-iphy,ucbtraining-iphy,https://live-ucbprod-iphy.pantheonsite.io,https://live-ucbtraining-iphy.pantheonsite.io
ucb-irt-engineering-education-ai,colorado.edu/irt/engineering-education-ai,ucbprod-irt-engineering-education-ai,ucbtraining-irt-engineering-education-ai,https://live-ucbprod-irt-engineering-education-ai.pantheonsite.io,https://live-ucbtraining-irt-engineering-education-ai.pantheonsite.io
ucb-irt-hypersonic-vehicles,colorado.edu/irt/hypersonic-vehicles,ucbprod-irt-hypersonic-vehicles,ucbtraining-irt-hypersonic-vehicles,https://live-ucbprod-irt-hypersonic-vehicles.pantheonsite.io,https://live-ucbtraining-irt-hypersonic-vehicles.pantheonsite.io
ucb-isogeometric,colorado.edu/isogeometric,ucbprod-isogeometric,ucbtraining-isogeometric,https://live-ucbprod-isogeometric.pantheonsite.io,https://live-ucbtraining-isogeometric.pantheonsite.io
ucb-journal-assembly,colorado.edu/journal/assembly,ucbprod-journal-assembly,ucbtraining-journal-assembly,https://live-ucbprod-journal-assembly.pantheonsite.io,https://live-ucbtraining-journal-assembly.pantheonsite.io
ucb-lab-cemnl,colorado.edu/lab/cemnl,ucbprod-lab-cemnl,ucbtraining-lab-cemnl,https://live-ucbprod-lab-cemnl.pantheonsite.io,https://live-ucbtraining-lab-cemnl.pantheonsite.io
ucb-lab-even,colorado.edu/lab/even,ucbprod-lab-even,ucbtraining-lab-even,https://live-ucbprod-lab-even.pantheonsite.io,https://live-ucbtraining-lab-even.pantheonsite.io
ucb-lab-georgegroup,colorado.edu/lab/georgegroup,ucbprod-lab-georgegroup,ucbtraining-lab-georgegroup,https://live-ucbprod-lab-georgegroup.pantheonsite.io,https://live-ucbtraining-lab-georgegroup.pantheonsite.io
ucb-lab-goodwin,colorado.edu/lab/goodwin,ucbprod-lab-goodwin,ucbtraining-lab-goodwin,https://live-ucbprod-lab-goodwin.pantheonsite.io,https://live-ucbtraining-lab-goodwin.pantheonsite.io
ucb-lab-gyenis,colorado.edu/lab/gyenis,ucbprod-lab-gyenis,ucbtraining-lab-gyenis,https://live-ucbprod-lab-gyenis.pantheonsite.io,https://live-ucbtraining-lab-gyenis.pantheonsite.io
ucb-lab-hind,colorado.edu/lab/hind,ucbprod-lab-hind,ucbtraining-lab-hind,https://live-ucbprod-lab-hind.pantheonsite.io,https://live-ucbtraining-lab-hind.pantheonsite.io
ucb-lab-ideal,colorado.edu/lab/ideal,ucbprod-lab-ideal,ucbtraining-lab-ideal,https://live-ucbprod-lab-ideal.pantheonsite.io,https://live-ucbtraining-lab-ideal.pantheonsite.io
ucb-lab-krg,colorado.edu/lab/krg,ucbprod-lab-krg,ucbtraining-lab-krg,https://live-ucbprod-lab-krg.pantheonsite.io,https://live-ucbtraining-lab-krg.pantheonsite.io
ucb-lab-lisa,colorado.edu/lab/lisa,ucbprod-lab-lisa,ucbtraining-lab-lisa,https://live-ucbprod-lab-lisa.pantheonsite.io,https://live-ucbtraining-lab-lisa.pantheonsite.io
ucb-lab-marder-group,colorado.edu/lab/marder-group,ucbprod-lab-marder-group,ucbtraining-lab-marder-group,https://live-ucbprod-lab-marder-group.pantheonsite.io,https://live-ucbtraining-lab-marder-group.pantheonsite.io
ucb-lab-medlin,colorado.edu/lab/medlin,ucbprod-lab-medlin,ucbtraining-lab-medlin,https://live-ucbprod-lab-medlin.pantheonsite.io,https://live-ucbtraining-lab-medlin.pantheonsite.io
ucb-lab-odorizzi,colorado.edu/lab/odorizzi,ucbprod-lab-odorizzi,ucbtraining-lab-odorizzi,https://live-ucbprod-lab-odorizzi.pantheonsite.io,https://live-ucbtraining-lab-odorizzi.pantheonsite.io
ucb-lab-park,colorado.edu/lab/park,ucbprod-lab-park,ucbtraining-lab-park,https://live-ucbprod-lab-park.pantheonsite.io,https://live-ucbtraining-lab-park.pantheonsite.io
ucb-lab-raddlab,colorado.edu/lab/raddlab,ucbprod-lab-raddlab,ucbtraining-lab-raddlab,https://live-ucbprod-lab-raddlab.pantheonsite.io,https://live-ucbtraining-lab-raddlab.pantheonsite.io
ucb-lab-resasco,colorado.edu/lab/resasco,ucbprod-lab-resasco,ucbtraining-lab-resasco,https://live-ucbprod-lab-resasco.pantheonsite.io,https://live-ucbtraining-lab-resasco.pantheonsite.io
ucb-lab-spencerlab,colorado.edu/lab/spencerlab,ucbprod-lab-spencerlab,ucbtraining-lab-spencerlab,https://live-ucbprod-lab-spencerlab.pantheonsite.io,https://live-ucbtraining-lab-spencerlab.pantheonsite.io
ucb-lab-straub,colorado.edu/lab/straub,ucbprod-lab-straub,ucbtraining-lab-straub,https://live-ucbprod-lab-straub.pantheonsite.io,https://live-ucbtraining-lab-straub.pantheonsite.io
ucb-lab-taatjes,colorado.edu/lab/taatjes,ucbprod-lab-taatjes,ucbtraining-lab-taatjes,https://live-ucbprod-lab-taatjes.pantheonsite.io,https://live-ucbtraining-lab-taatjes.pantheonsite.io
ucb-lab-taylor,colorado.edu/lab/taylor,ucbprod-lab-taylor,ucbtraining-lab-taylor,https://live-ucbprod-lab-taylor.pantheonsite.io,https://live-ucbtraining-lab-taylor.pantheonsite.io
ucb-lab-vance,colorado.edu/lab/vance,ucbprod-lab-vance,ucbtraining-lab-vance,https://live-ucbprod-lab-vance.pantheonsite.io,https://live-ucbtraining-lab-vance.pantheonsite.io
ucb-lab-wuttkegroup,colorado.edu/lab/wuttkegroup,ucbprod-lab-wuttkegroup,ucbtraining-lab-wuttkegroup,https://live-ucbprod-lab-wuttkegroup.pantheonsite.io,https://live-ucbtraining-lab-wuttkegroup.pantheonsite.io
ucb-lab-xiao,colorado.edu/lab/xiao,ucbprod-lab-xiao,ucbtraining-lab-xiao,https://live-ucbprod-lab-xiao.pantheonsite.io,https://live-ucbtraining-lab-xiao.pantheonsite.io
ucb-lab-xue,colorado.edu/lab/xue,ucbprod-lab-xue,ucbtraining-lab-xue,https://live-ucbprod-lab-xue.pantheonsite.io,https://live-ucbtraining-lab-xue.pantheonsite.io
ucb-learningdesign,colorado.edu/learningdesign,ucbprod-learningdesign,ucbtraining-learningdesign,https://live-ucbprod-learningdesign.pantheonsite.io,https://live-ucbtraining-learningdesign.pantheonsite.io
ucb-living,colorado.edu/living,ucbprod-living,ucbtraining-living,https://live-ucbprod-living.pantheonsite.io,https://live-ucbtraining-living.pantheonsite.io
ucb-masterplan,colorado.edu/masterplan,ucbprod-masterplan,ucbtraining-masterplan,https://live-ucbprod-masterplan.pantheonsite.io,https://live-ucbtraining-masterplan.pantheonsite.io
ucb-mrs,colorado.edu/mrs,ucbprod-mrs,ucbtraining-mrs,https://live-ucbprod-mrs.pantheonsite.io,https://live-ucbtraining-mrs.pantheonsite.io
ucb-ness,colorado.edu/ness,ucbprod-ness,ucbtraining-ness,https://live-ucbprod-ness.pantheonsite.io,https://live-ucbtraining-ness.pantheonsite.io
ucb-neuromechanics,colorado.edu/neuromechanics,ucbprod-neuromechanics,ucbtraining-neuromechanics,https://live-ucbprod-neuromechanics.pantheonsite.io,https://live-ucbtraining-neuromechanics.pantheonsite.io
ucb-oclab,colorado.edu/oclab,ucbprod-oclab,ucbtraining-oclab,https://live-ucbprod-oclab.pantheonsite.io,https://live-ucbtraining-oclab.pantheonsite.io
ucb-oiec,colorado.edu/oiec,ucbprod-oiec,ucbtraining-oiec,https://live-ucbprod-oiec.pantheonsite.io,https://live-ucbtraining-oiec.pantheonsite.io
ucb-outreach-scope,colorado.edu/outreach/scope,ucbprod-outreach-scope,ucbtraining-outreach-scope,https://live-ucbprod-outreach-scope.pantheonsite.io,https://live-ucbtraining-outreach-scope.pantheonsite.io
ucb-philosophy,colorado.edu/philosophy,ucbprod-philosophy,ucbtraining-philosophy,https://live-ucbprod-philosophy.pantheonsite.io,https://live-ucbtraining-philosophy.pantheonsite.io
ucb-program-cuprep,colorado.edu/program/cuprep,ucbprod-program-cuprep,ucbtraining-program-cuprep,https://live-ucbprod-program-cuprep.pantheonsite.io,https://live-ucbtraining-program-cuprep.pantheonsite.io
ucb-program-fpw,colorado.edu/program/fpw,ucbprod-program-fpw,ucbtraining-program-fpw,https://live-ucbprod-program-fpw.pantheonsite.io,https://live-ucbtraining-program-fpw.pantheonsite.io
ucb-program-mscd,colorado.edu/program/mscd,ucbprod-program-mscd,ucbtraining-program-mscd,https://live-ucbprod-program-mscd.pantheonsite.io,https://live-ucbtraining-program-mscd.pantheonsite.io
ucb-program-stempartnershiptoolkit,colorado.edu/program/stempartnershiptoolkit,ucbprod-program-stempartnershiptoolkit,ucbtraining-program-stempartnershiptoolkit,https://live-ucbprod-program-stempartnershiptoolkit.pantheonsite.io,https://live-ucbtraining-program-stempartnershiptoolkit.pantheonsite.io
ucb-project-inside-colorado-law,colorado.edu/project/inside-colorado-law,ucbprod-project-inside-colorado-law,ucbtraining-project-inside-colorado-law,https://live-ucbprod-project-inside-colorado-law.pantheonsite.io,https://live-ucbtraining-project-inside-colorado-law.pantheonsite.io
ucb-psych-neuro,colorado.edu/psych-neuro,ucbprod-psych-neuro,ucbtraining-psych-neuro,https://live-ucbprod-psych-neuro.pantheonsite.io,https://live-ucbtraining-psych-neuro.pantheonsite.io
ucb-rasei,colorado.edu/rasei,ucbprod-rasei,ucbtraining-rasei,https://live-ucbprod-rasei.pantheonsite.io,https://live-ucbtraining-rasei.pantheonsite.io
ucb-research-ai-institute,colorado.edu/research/ai-institute,ucbprod-research-ai-institute,ucbtraining-research-ai-institute,https://live-ucbprod-research-ai-institute.pantheonsite.io,https://live-ucbtraining-research-ai-institute.pantheonsite.io
ucb-research-hayward-group,colorado.edu/research/hayward-group,ucbprod-research-hayward-group,ucbtraining-research-hayward-group,https://live-ucbprod-research-hayward-group.pantheonsite.io,https://live-ucbtraining-research-hayward-group.pantheonsite.io
ucb-research-rpmgroup,colorado.edu/research/rpmgroup,ucbprod-research-rpmgroup,ucbtraining-research-rpmgroup,https://live-ucbprod-research-rpmgroup.pantheonsite.io,https://live-ucbtraining-research-rpmgroup.pantheonsite.io
ucb-sciencediscovery,colorado.edu/sciencediscovery,ucbprod-sciencediscovery,ucbtraining-sciencediscovery,https://live-ucbprod-sciencediscovery.pantheonsite.io,https://live-ucbtraining-sciencediscovery.pantheonsite.io
ucb-smithlab,colorado.edu/smithlab,ucbprod-smithlab,ucbtraining-smithlab,https://live-ucbprod-smithlab.pantheonsite.io,https://live-ucbtraining-smithlab.pantheonsite.io
ucb-sociology,colorado.edu/sociology,ucbprod-sociology,ucbtraining-sociology,https://live-ucbprod-sociology.pantheonsite.io,https://live-ucbtraining-sociology.pantheonsite.io
ucb-soft-matter-physics,colorado.edu/soft-matter-physics,ucbprod-soft-matter-physics,ucbtraining-soft-matter-physics,https://live-ucbprod-soft-matter-physics.pantheonsite.io,https://live-ucbtraining-soft-matter-physics.pantheonsite.io
ucb-solchar,colorado.edu/solchar,ucbprod-solchar,ucbtraining-solchar,https://live-ucbprod-solchar.pantheonsite.io,https://live-ucbtraining-solchar.pantheonsite.io
ucb-spanishportuguese,colorado.edu/spanishportuguese,ucbprod-spanishportuguese,ucbtraining-spanishportuguese,https://live-ucbprod-spanishportuguese.pantheonsite.io,https://live-ucbtraining-spanishportuguese.pantheonsite.io
ucb-studentgroup-lais,colorado.edu/studentgroup/lais,ucbprod-studentgroup-lais,ucbtraining-studentgroup-lais,https://live-ucbprod-studentgroup-lais.pantheonsite.io,https://live-ucbtraining-studentgroup-lais.pantheonsite.io
ucb-studentgroup-ostem,colorado.edu/studentgroup/ostem,ucbprod-studentgroup-ostem,ucbtraining-studentgroup-ostem,https://live-ucbprod-studentgroup-ostem.pantheonsite.io,https://live-ucbtraining-studentgroup-ostem.pantheonsite.io
ucb-studentgroups-agso,colorado.edu/studentgroups/agso,ucbprod-studentgroups-agso,ucbtraining-studentgroups-agso,https://live-ucbprod-studentgroups-agso.pantheonsite.io,https://live-ucbtraining-studentgroups-agso.pantheonsite.io
ucb-studentgroups-aises,colorado.edu/studentgroups/aises,ucbprod-studentgroups-aises,ucbtraining-studentgroups-aises,https://live-ucbprod-studentgroups-aises.pantheonsite.io,https://live-ucbtraining-studentgroups-aises.pantheonsite.io
ucb-studentgroups-ambassadors,colorado.edu/studentgroups/ambassadors,ucbprod-studentgroups-ambassadors,ucbtraining-studentgroups-ambassadors,https://live-ucbprod-studentgroups-ambassadors.pantheonsite.io,https://live-ucbtraining-studentgroups-ambassadors.pantheonsite.io
ucb-studentgroups-animeanonymous,colorado.edu/studentgroups/animeanonymous,ucbprod-studentgroups-animeanonymous,ucbtraining-studentgroups-animeanonymous,https://live-ucbprod-studentgroups-animeanonymous.pantheonsite.io,https://live-ucbtraining-studentgroups-animeanonymous.pantheonsite.io
ucb-studentgroups-assg,colorado.edu/studentgroups/assg,ucbprod-studentgroups-assg,ucbtraining-studentgroups-assg,https://live-ucbprod-studentgroups-assg.pantheonsite.io,https://live-ucbtraining-studentgroups-assg.pantheonsite.io
ucb-studentgroups-bmes,colorado.edu/studentgroups/bmes,ucbprod-studentgroups-bmes,ucbtraining-studentgroups-bmes,https://live-ucbprod-studentgroups-bmes.pantheonsite.io,https://live-ucbtraining-studentgroups-bmes.pantheonsite.io
ucb-studentgroups-cobra,colorado.edu/studentgroups/cobra,ucbprod-studentgroups-cobra,ucbtraining-studentgroups-cobra,https://live-ucbprod-studentgroups-cobra.pantheonsite.io,https://live-ucbtraining-studentgroups-cobra.pantheonsite.io
ucb-studentgroups-geographyclub,colorado.edu/studentgroups/geographyclub,ucbprod-studentgroups-geographyclub,ucbtraining-studentgroups-geographyclub,https://live-ucbprod-studentgroups-geographyclub.pantheonsite.io,https://live-ucbtraining-studentgroups-geographyclub.pantheonsite.io
ucb-studentgroups-gsga,colorado.edu/studentgroups/gsga,ucbprod-studentgroups-gsga,ucbtraining-studentgroups-gsga,https://live-ucbprod-studentgroups-gsga.pantheonsite.io,https://live-ucbtraining-studentgroups-gsga.pantheonsite.io
ucb-studentgroups-ieee,colorado.edu/studentgroups/ieee,ucbprod-studentgroups-ieee,ucbtraining-studentgroups-ieee,https://live-ucbprod-studentgroups-ieee.pantheonsite.io,https://live-ucbtraining-studentgroups-ieee.pantheonsite.io
ucb-studentgroups-neuroscienceclub,colorado.edu/studentgroups/neuroscienceclub,ucbprod-studentgroups-neuroscienceclub,ucbtraining-studentgroups-neuroscienceclub,https://live-ucbprod-studentgroups-neuroscienceclub.pantheonsite.io,https://live-ucbtraining-studentgroups-neuroscienceclub.pantheonsite.io
ucb-studentgroups-psichi,colorado.edu/studentgroups/psichi,ucbprod-studentgroups-psichi,ucbtraining-studentgroups-psichi,https://live-ucbprod-studentgroups-psichi.pantheonsite.io,https://live-ucbtraining-studentgroups-psichi.pantheonsite.io
ucb-studentgroups-psychology-club,colorado.edu/studentgroups/psychology-club,ucbprod-studentgroups-psychology-club,ucbtraining-studentgroups-psychology-club,https://live-ucbprod-studentgroups-psychology-club.pantheonsite.io,https://live-ucbtraining-studentgroups-psychology-club.pantheonsite.io
ucb-studentgroups-sase,colorado.edu/studentgroups/sase,ucbprod-studentgroups-sase,ucbtraining-studentgroups-sase,https://live-ucbprod-studentgroups-sase.pantheonsite.io,https://live-ucbtraining-studentgroups-sase.pantheonsite.io
ucb-studentgroups-seds,colorado.edu/studentgroups/seds,ucbprod-studentgroups-seds,ucbtraining-studentgroups-seds,https://live-ucbprod-studentgroups-seds.pantheonsite.io,https://live-ucbtraining-studentgroups-seds.pantheonsite.io
ucb-studentgroups-stemroutes,colorado.edu/studentgroups/stemroutes,ucbprod-studentgroups-stemroutes,ucbtraining-studentgroups-stemroutes,https://live-ucbprod-studentgroups-stemroutes.pantheonsite.io,https://live-ucbtraining-studentgroups-stemroutes.pantheonsite.io
ucb-studentgroups-swap,colorado.edu/studentgroups/swap,ucbprod-studentgroups-swap,ucbtraining-studentgroups-swap,https://live-ucbprod-studentgroups-swap.pantheonsite.io,https://live-ucbtraining-studentgroups-swap.pantheonsite.io
ucb-studentgroups-tausigma,colorado.edu/studentgroups/tausigma,ucbprod-studentgroups-tausigma,ucbtraining-studentgroups-tausigma,https://live-ucbprod-studentgroups-tausigma.pantheonsite.io,https://live-ucbtraining-studentgroups-tausigma.pantheonsite.io
ucb-theatredance,colorado.edu/theatredance,ucbprod-theatredance,ucbtraining-theatredance,https://live-ucbprod-theatredance.pantheonsite.io,https://live-ucbtraining-theatredance.pantheonsite.io
ucb-theprintlab,colorado.edu/theprintlab,ucbprod-theprintlab,ucbtraining-theprintlab,https://live-ucbprod-theprintlab.pantheonsite.io,https://live-ucbtraining-theprintlab.pantheonsite.io
ucb-undocumentedstudentresources,colorado.edu/undocumentedstudentresources,ucbprod-undocumentedstudentresources,ucbtraining-undocumentedstudentresources,https://live-ucbprod-undocumentedstudentresources.pantheonsite.io,https://live-ucbtraining-undocumentedstudentresources.pantheonsite.io
ucb-veterans,colorado.edu/veterans,ucbprod-veterans,ucbtraining-veterans,https://live-ucbprod-veterans.pantheonsite.io,https://live-ucbtraining-veterans.pantheonsite.io
ucb-washsymposium,colorado.edu/washsymposium,ucbprod-washsymposium,ucbtraining-washsymposium,https://live-ucbprod-washsymposium.pantheonsite.io,https://live-ucbtraining-washsymposium.pantheonsite.io
ucb-winter,colorado.edu/winter,ucbprod-winter,ucbtraining-winter,https://live-ucbprod-winter.pantheonsite.io,https://live-ucbtraining-winter.pantheonsite.io
