ucb-aerospaceventures,/aerospaceventures,ucbprod-aerospaceventures,ucbtraining-aerospaceventures,https://live-ucbprod-aerospaceventures.pantheonsite.io,https://live-ucbtraining-aerospaceventures.pantheonsite.io
ucb-ali,/ali,ucbprod-ali,ucbtraining-ali,https://live-ucbprod-ali.pantheonsite.io,https://live-ucbtraining-ali.pantheonsite.io
ucb-aqiq,/aqiq,ucbprod-aqiq,ucbtraining-aqiq,https://live-ucbprod-aqiq.pantheonsite.io,https://live-ucbtraining-aqiq.pantheonsite.io
ucb-bfp,/bfp,ucbprod-bfp,ucbtraining-bfp,https://live-ucbprod-bfp.pantheonsite.io,https://live-ucbtraining-bfp.pantheonsite.io
ucb-biofrontiers,/biofrontiers,ucbprod-biofrontiers,ucbtraining-biofrontiers,https://live-ucbprod-biofrontiers.pantheonsite.io,https://live-ucbtraining-biofrontiers.pantheonsite.io
ucb-bme,/bme,ucbprod-bme,ucbtraining-bme,https://live-ucbprod-bme.pantheonsite.io,https://live-ucbtraining-bme.pantheonsite.io
ucb-bsi,/bsi,ucbprod-bsi,ucbtraining-bsi,https://live-ucbprod-bsi.pantheonsite.io,https://live-ucbtraining-bsi.pantheonsite.io
ucb-career,/career,ucbprod-career,ucbtraining-career,https://live-ucbprod-career.pantheonsite.io,https://live-ucbtraining-career.pantheonsite.io
ucb-catalyzecu,/catalyzecu,ucbprod-catalyzecu,ucbtraining-catalyzecu,https://live-ucbprod-catalyzecu.pantheonsite.io,https://live-ucbtraining-catalyzecu.pantheonsite.io
ucb-ccar,/ccar,ucbprod-ccar,ucbtraining-ccar,https://live-ucbprod-ccar.pantheonsite.io,https://live-ucbtraining-ccar.pantheonsite.io
ucb-center-aspire,/center/aspire,ucbprod-center-aspire,ucbtraining-center-aspire,https://live-ucbprod-center-aspire.pantheonsite.io,https://live-ucbtraining-center-aspire.pantheonsite.io
ucb-chbe,/chbe,ucbprod-chbe,ucbtraining-chbe,https://live-ucbprod-chbe.pantheonsite.io,https://live-ucbtraining-chbe.pantheonsite.io
ucb-chps,/chps,ucbprod-chps,ucbtraining-chps,https://live-ucbprod-chps.pantheonsite.io,https://live-ucbtraining-chps.pantheonsite.io
ucb-cisc,/cisc,ucbprod-cisc,ucbtraining-cisc,https://live-ucbprod-cisc.pantheonsite.io,https://live-ucbtraining-cisc.pantheonsite.io
ucb-clery,/clery,ucbprod-clery,ucbtraining-clery,https://live-ucbprod-clery.pantheonsite.io,https://live-ucbtraining-clery.pantheonsite.io
ucb-cnais,/cnais,ucbprod-cnais,ucbtraining-cnais,https://live-ucbprod-cnais.pantheonsite.io,https://live-ucbtraining-cnais.pantheonsite.io
ucb-commencement,/commencement,ucbprod-commencement,ucbtraining-commencement,https://live-ucbprod-commencement.pantheonsite.io,https://live-ucbtraining-commencement.pantheonsite.io
ucb-compliance,/compliance,ucbprod-compliance,ucbtraining-compliance,https://live-ucbprod-compliance.pantheonsite.io,https://live-ucbtraining-compliance.pantheonsite.io
ucb-conference-adhs2024,/conference/adhs2024,ucbprod-conference-adhs2024,ucbtraining-conference-adhs2024,https://live-ucbprod-conference-adhs2024.pantheonsite.io,https://live-ucbtraining-conference-adhs2024.pantheonsite.io
ucb-conference-icp2019,/conference/icp2019,ucbprod-conference-icp2019,ucbtraining-conference-icp2019,https://live-ucbprod-conference-icp2019.pantheonsite.io,https://live-ucbtraining-conference-icp2019.pantheonsite.io
ucb-conference-naweawindtech2023,/conference/naweawindtech2023,ucbprod-conference-naweawindtech2023,ucbtraining-conference-naweawindtech2023,https://live-ucbprod-conference-naweawindtech2023.pantheonsite.io,https://live-ucbtraining-conference-naweawindtech2023.pantheonsite.io
ucb-conference-rhythm-since-1900,/conference/rhythm-since-1900,ucbprod-conference-rhythm-since-1900,ucbtraining-conference-rhythm-since-1900,https://live-ucbprod-conference-rhythm-since-1900.pantheonsite.io,https://live-ucbtraining-conference-rhythm-since-1900.pantheonsite.io
ucb-conference-rmc2022,/conference/rmc2022,ucbprod-conference-rmc2022,ucbtraining-conference-rmc2022,https://live-ucbprod-conference-rmc2022.pantheonsite.io,https://live-ucbtraining-conference-rmc2022.pantheonsite.io
ucb-cuartmuseum,/cuartmuseum,ucbprod-cuartmuseum,ucbtraining-cuartmuseum,https://live-ucbprod-cuartmuseum.pantheonsite.io,https://live-ucbtraining-cuartmuseum.pantheonsite.io
ucb-d4c,/d4c,ucbprod-d4c,ucbtraining-d4c,https://live-ucbprod-d4c.pantheonsite.io,https://live-ucbtraining-d4c.pantheonsite.io
ucb-digital-accessibility,/digital-accessibility,ucbprod-digital-accessibility,ucbtraining-digital-accessibility,https://live-ucbprod-digital-accessibility.pantheonsite.io,https://live-ucbtraining-digital-accessibility.pantheonsite.io
ucb-dontignoreit,/dontignoreit,ucbprod-dontignoreit,ucbtraining-dontignoreit,https://live-ucbprod-dontignoreit.pantheonsite.io,https://live-ucbtraining-dontignoreit.pantheonsite.io
ucb-education-research-hub,/education-research-hub,ucbprod-education-research-hub,ucbtraining-education-research-hub,https://live-ucbprod-education-research-hub.pantheonsite.io,https://live-ucbtraining-education-research-hub.pantheonsite.io
ucb-eeglab,/eeglab,ucbprod-eeglab,ucbtraining-eeglab,https://live-ucbprod-eeglab.pantheonsite.io,https://live-ucbtraining-eeglab.pantheonsite.io
ucb-eer,/eer,ucbprod-eer,ucbtraining-eer,https://live-ucbprod-eer.pantheonsite.io,https://live-ucbtraining-eer.pantheonsite.io
ucb-era,/era,ucbprod-era,ucbtraining-era,https://live-ucbprod-era.pantheonsite.io,https://live-ucbtraining-era.pantheonsite.io
ucb-event-bookfest,/event/bookfest,ucbprod-event-bookfest,ucbtraining-event-bookfest,https://live-ucbprod-event-bookfest.pantheonsite.io,https://live-ucbtraining-event-bookfest.pantheonsite.io
ucb-event-cuny2019,/event/cuny2019,ucbprod-event-cuny2019,ucbtraining-event-cuny2019,https://live-ucbprod-event-cuny2019.pantheonsite.io,https://live-ucbtraining-event-cuny2019.pantheonsite.io
ucb-facilities-standards,/facilities-standards,ucbprod-facilities-standards,ucbtraining-facilities-standards,https://live-ucbprod-facilities-standards.pantheonsite.io,https://live-ucbtraining-facilities-standards.pantheonsite.io
ucb-facility-biomolecular-x-ray-crystallography,/facility/biomolecular-x-ray-crystallography,ucbprod-facility-biomolecular-x-ray-crystallography,ucbtraining-facility-biomolecular-x-ray-crystallogr,https://live-ucbprod-facility-biomolecular-x-ray-crystallography.pantheonsite.io,https://live-ucbtraining-facility-biomolecular-x-ray-crystallogr.pantheonsite.io
ucb-faculty-alleman,/faculty/alleman,ucbprod-faculty-alleman,ucbtraining-faculty-alleman,https://live-ucbprod-faculty-alleman.pantheonsite.io,https://live-ucbtraining-faculty-alleman.pantheonsite.io
ucb-faculty-alwakeel,/faculty/alwakeel,ucbprod-faculty-alwakeel,ucbtraining-faculty-alwakeel,https://live-ucbprod-faculty-alwakeel.pantheonsite.io,https://live-ucbtraining-faculty-alwakeel.pantheonsite.io
ucb-faculty-chen-yongmin,/faculty/chen-yongmin,ucbprod-faculty-chen-yongmin,ucbtraining-faculty-chen-yongmin,https://live-ucbprod-faculty-chen-yongmin.pantheonsite.io,https://live-ucbtraining-faculty-chen-yongmin.pantheonsite.io
ucb-faculty-clark-torin,/faculty/clark-torin,ucbprod-faculty-clark-torin,ucbtraining-faculty-clark-torin,https://live-ucbprod-faculty-clark-torin.pantheonsite.io,https://live-ucbtraining-faculty-clark-torin.pantheonsite.io
ucb-faculty-corradini,/faculty/corradini,ucbprod-faculty-corradini,ucbtraining-faculty-corradini,https://live-ucbprod-faculty-corradini.pantheonsite.io,https://live-ucbtraining-faculty-corradini.pantheonsite.io
ucb-faculty-cowell-andrew,/faculty/cowell-andrew,ucbprod-faculty-cowell-andrew,ucbtraining-faculty-cowell-andrew,https://live-ucbprod-faculty-cowell-andrew.pantheonsite.io,https://live-ucbtraining-faculty-cowell-andrew.pantheonsite.io
ucb-faculty-do,/faculty/do,ucbprod-faculty-do,ucbtraining-faculty-do,https://live-ucbprod-faculty-do.pantheonsite.io,https://live-ucbtraining-faculty-do.pantheonsite.io
ucb-faculty-ferris,/faculty/ferris,ucbprod-faculty-ferris,ucbtraining-faculty-ferris,https://live-ucbprod-faculty-ferris.pantheonsite.io,https://live-ucbtraining-faculty-ferris.pantheonsite.io
ucb-faculty-frajzyngier,/faculty/frajzyngier,ucbprod-faculty-frajzyngier,ucbtraining-faculty-frajzyngier,https://live-ucbprod-faculty-frajzyngier.pantheonsite.io,https://live-ucbtraining-faculty-frajzyngier.pantheonsite.io
ucb-faculty-hearn,/faculty/hearn,ucbprod-faculty-hearn,ucbtraining-faculty-hearn,https://live-ucbprod-faculty-hearn.pantheonsite.io,https://live-ucbtraining-faculty-hearn.pantheonsite.io
ucb-faculty-hodge,/faculty/hodge,ucbprod-faculty-hodge,ucbtraining-faculty-hodge,https://live-ucbprod-faculty-hodge.pantheonsite.io,https://live-ucbtraining-faculty-hodge.pantheonsite.io
ucb-faculty-holzinger,/faculty/holzinger,ucbprod-faculty-holzinger,ucbtraining-faculty-holzinger,https://live-ucbprod-faculty-holzinger.pantheonsite.io,https://live-ucbtraining-faculty-holzinger.pantheonsite.io
ucb-faculty-huang,/faculty/huang,ucbprod-faculty-huang,ucbtraining-faculty-huang,https://live-ucbprod-faculty-huang.pantheonsite.io,https://live-ucbtraining-faculty-huang.pantheonsite.io
ucb-faculty-hubler,/faculty/hubler,ucbprod-faculty-hubler,ucbtraining-faculty-hubler,https://live-ucbprod-faculty-hubler.pantheonsite.io,https://live-ucbtraining-faculty-hubler.pantheonsite.io
ucb-faculty-kaffine,/faculty/kaffine,ucbprod-faculty-kaffine,ucbtraining-faculty-kaffine,https://live-ucbprod-faculty-kaffine.pantheonsite.io,https://live-ucbtraining-faculty-kaffine.pantheonsite.io
ucb-faculty-korak,/faculty/korak,ucbprod-faculty-korak,ucbtraining-faculty-korak,https://live-ucbprod-faculty-korak.pantheonsite.io,https://live-ucbtraining-faculty-korak.pantheonsite.io
ucb-faculty-krarti,/faculty/krarti,ucbprod-faculty-krarti,ucbtraining-faculty-krarti,https://live-ucbprod-faculty-krarti.pantheonsite.io,https://live-ucbtraining-faculty-krarti.pantheonsite.io
ucb-faculty-nakassis,/faculty/nakassis,ucbprod-faculty-nakassis,ucbtraining-faculty-nakassis,https://live-ucbprod-faculty-nakassis.pantheonsite.io,https://live-ucbtraining-faculty-nakassis.pantheonsite.io
ucb-faculty-shields,/faculty/shields,ucbprod-faculty-shields,ucbtraining-faculty-shields,https://live-ucbprod-faculty-shields.pantheonsite.io,https://live-ucbtraining-faculty-shields.pantheonsite.io
ucb-faculty-zax,/faculty/zax,ucbprod-faculty-zax,ucbtraining-faculty-zax,https://live-ucbprod-faculty-zax.pantheonsite.io,https://live-ucbtraining-faculty-zax.pantheonsite.io
ucb-fcq,/fcq,ucbprod-fcq,ucbtraining-fcq,https://live-ucbprod-fcq.pantheonsite.io,https://live-ucbtraining-fcq.pantheonsite.io
ucb-fm,/fm,ucbprod-fm,ucbtraining-fm,https://live-ucbprod-fm.pantheonsite.io,https://live-ucbtraining-fm.pantheonsite.io
ucb-fmgreen,/fmgreen,ucbprod-fmgreen,ucbtraining-fmgreen,https://live-ucbprod-fmgreen.pantheonsite.io,https://live-ucbtraining-fmgreen.pantheonsite.io
ucb-grandchallenge,/grandchallenge,ucbprod-grandchallenge,ucbtraining-grandchallenge,https://live-ucbprod-grandchallenge.pantheonsite.io,https://live-ucbtraining-grandchallenge.pantheonsite.io
ucb-greeks,/greeks,ucbprod-greeks,ucbtraining-greeks,https://live-ucbprod-greeks.pantheonsite.io,https://live-ucbtraining-greeks.pantheonsite.io
ucb-ics,/ics,ucbprod-ics,ucbtraining-ics,https://live-ucbprod-ics.pantheonsite.io,https://live-ucbtraining-ics.pantheonsite.io
ucb-information-technology,/information-technology,ucbprod-information-technology,ucbtraining-information-technology,https://live-ucbprod-information-technology.pantheonsite.io,https://live-ucbtraining-information-technology.pantheonsite.io
ucb-international,/international,ucbprod-international,ucbtraining-international,https://live-ucbprod-international.pantheonsite.io,https://live-ucbtraining-international.pantheonsite.io
ucb-jobs,/jobs,ucbprod-jobs,ucbtraining-jobs,https://live-ucbprod-jobs.pantheonsite.io,https://live-ucbtraining-jobs.pantheonsite.io
ucb-lab-brumbaugh,/lab/brumbaugh,ucbprod-lab-brumbaugh,ucbtraining-lab-brumbaugh,https://live-ucbprod-lab-brumbaugh.pantheonsite.io,https://live-ucbtraining-lab-brumbaugh.pantheonsite.io
ucb-lab-campeau-lab,/lab/campeau-lab,ucbprod-lab-campeau-lab,ucbtraining-lab-campeau-lab,https://live-ucbprod-lab-campeau-lab.pantheonsite.io,https://live-ucbtraining-lab-campeau-lab.pantheonsite.io
ucb-lab-chemistry-safety,/lab/chemistry-safety,ucbprod-lab-chemistry-safety,ucbtraining-lab-chemistry-safety,https://live-ucbprod-lab-chemistry-safety.pantheonsite.io,https://live-ucbtraining-lab-chemistry-safety.pantheonsite.io
ucb-lab-clear,/lab/clear,ucbprod-lab-clear,ucbtraining-lab-clear,https://live-ucbprod-lab-clear.pantheonsite.io,https://live-ucbtraining-lab-clear.pantheonsite.io
ucb-lab-copley,/lab/copley,ucbprod-lab-copley,ucbtraining-lab-copley,https://live-ucbprod-lab-copley.pantheonsite.io,https://live-ucbtraining-lab-copley.pantheonsite.io
ucb-lab-cowell-lab,/lab/cowell-lab,ucbprod-lab-cowell-lab,ucbtraining-lab-cowell-lab,https://live-ucbprod-lab-cowell-lab.pantheonsite.io,https://live-ucbtraining-lab-cowell-lab.pantheonsite.io
ucb-lab-edji,/lab/edji,ucbprod-lab-edji,ucbtraining-lab-edji,https://live-ucbprod-lab-edji.pantheonsite.io,https://live-ucbtraining-lab-edji.pantheonsite.io
ucb-lab-esc,/lab/esc,ucbprod-lab-esc,ucbtraining-lab-esc,https://live-ucbprod-lab-esc.pantheonsite.io,https://live-ucbtraining-lab-esc.pantheonsite.io
ucb-lab-garcea,/lab/garcea,ucbprod-lab-garcea,ucbtraining-lab-garcea,https://live-ucbprod-lab-garcea.pantheonsite.io,https://live-ucbtraining-lab-garcea.pantheonsite.io
ucb-lab-gingroup,/lab/gingroup,ucbprod-lab-gingroup,ucbtraining-lab-gingroup,https://live-ucbprod-lab-gingroup.pantheonsite.io,https://live-ucbtraining-lab-gingroup.pantheonsite.io
ucb-lab-goodrich-kugel,/lab/goodrich-kugel,ucbprod-lab-goodrich-kugel,ucbtraining-lab-goodrich-kugel,https://live-ucbprod-lab-goodrich-kugel.pantheonsite.io,https://live-ucbtraining-lab-goodrich-kugel.pantheonsite.io
ucb-lab-han,/lab/han,ucbprod-lab-han,ucbtraining-lab-han,https://live-ucbprod-lab-han.pantheonsite.io,https://live-ucbtraining-lab-han.pantheonsite.io
ucb-lab-itoys,/lab/itoys,ucbprod-lab-itoys,ucbtraining-lab-itoys,https://live-ucbprod-lab-itoys.pantheonsite.io,https://live-ucbtraining-lab-itoys.pantheonsite.io
ucb-lab-liningerfluvialgeomorphgroup,/lab/liningerfluvialgeomorphgroup,ucbprod-lab-liningerfluvialgeomorphgroup,ucbtraining-lab-liningerfluvialgeomorphgroup,https://live-ucbprod-lab-liningerfluvialgeomorphgroup.pantheonsite.io,https://live-ucbtraining-lab-liningerfluvialgeomorphgroup.pantheonsite.io
ucb-lab-maier-watkins,/lab/maier-watkins,ucbprod-lab-maier-watkins,ucbtraining-lab-maier-watkins,https://live-ucbprod-lab-maier-watkins.pantheonsite.io,https://live-ucbtraining-lab-maier-watkins.pantheonsite.io
ucb-lab-massspec,/lab/massspec,ucbprod-lab-massspec,ucbtraining-lab-massspec,https://live-ucbprod-lab-massspec.pantheonsite.io,https://live-ucbtraining-lab-massspec.pantheonsite.io
ucb-lab-melbourne,/lab/melbourne,ucbprod-lab-melbourne,ucbtraining-lab-melbourne,https://live-ucbprod-lab-melbourne.pantheonsite.io,https://live-ucbtraining-lab-melbourne.pantheonsite.io
ucb-lab-neurodegeneration,/lab/neurodegeneration,ucbprod-lab-neurodegeneration,ucbtraining-lab-neurodegeneration,https://live-ucbprod-lab-neurodegeneration.pantheonsite.io,https://live-ucbtraining-lab-neurodegeneration.pantheonsite.io
ucb-lab-nmr,/lab/nmr,ucbprod-lab-nmr,ucbtraining-lab-nmr,https://live-ucbprod-lab-nmr.pantheonsite.io,https://live-ucbtraining-lab-nmr.pantheonsite.io
ucb-lab-park-lab,/lab/park-lab,ucbprod-lab-park-lab,ucbtraining-lab-park-lab,https://live-ucbprod-lab-park-lab.pantheonsite.io,https://live-ucbtraining-lab-park-lab.pantheonsite.io
ucb-lab-parkergroup,/lab/parkergroup,ucbprod-lab-parkergroup,ucbtraining-lab-parkergroup,https://live-ucbprod-lab-parkergroup.pantheonsite.io,https://live-ucbtraining-lab-parkergroup.pantheonsite.io
ucb-lab-poyton,/lab/poyton,ucbprod-lab-poyton,ucbtraining-lab-poyton,https://live-ucbprod-lab-poyton.pantheonsite.io,https://live-ucbtraining-lab-poyton.pantheonsite.io
ucb-lab-shenlab,/lab/shenlab,ucbprod-lab-shenlab,ucbtraining-lab-shenlab,https://live-ucbprod-lab-shenlab.pantheonsite.io,https://live-ucbtraining-lab-shenlab.pantheonsite.io
ucb-lab-social-pni,/lab/social-pni,ucbprod-lab-social-pni,ucbtraining-lab-social-pni,https://live-ucbprod-lab-social-pni.pantheonsite.io,https://live-ucbtraining-lab-social-pni.pantheonsite.io
ucb-lab-spencer-endocrinology-lab,/lab/spencer-endocrinology-lab,ucbprod-lab-spencer-endocrinology-lab,ucbtraining-lab-spencer-endocrinology-lab,https://live-ucbprod-lab-spencer-endocrinology-lab.pantheonsite.io,https://live-ucbtraining-lab-spencer-endocrinology-lab.pantheonsite.io
ucb-lab-su,/lab/su,ucbprod-lab-su,ucbtraining-lab-su,https://live-ucbprod-lab-su.pantheonsite.io,https://live-ucbtraining-lab-su.pantheonsite.io
ucb-lab-uvrockets,/lab/uvrockets,ucbprod-lab-uvrockets,ucbtraining-lab-uvrockets,https://live-ucbprod-lab-uvrockets.pantheonsite.io,https://live-ucbtraining-lab-uvrockets.pantheonsite.io
ucb-lab-warg,/lab/warg,ucbprod-lab-warg,ucbtraining-lab-warg,https://live-ucbprod-lab-warg.pantheonsite.io,https://live-ucbtraining-lab-warg.pantheonsite.io
ucb-lab-write,/lab/write,ucbprod-lab-write,ucbtraining-lab-write,https://live-ucbprod-lab-write.pantheonsite.io,https://live-ucbtraining-lab-write.pantheonsite.io
ucb-lalsc,/lalsc,ucbprod-lalsc,ucbtraining-lalsc,https://live-ucbprod-lalsc.pantheonsite.io,https://live-ucbtraining-lalsc.pantheonsite.io
ucb-lmcf,/lmcf,ucbprod-lmcf,ucbtraining-lmcf,https://live-ucbprod-lmcf.pantheonsite.io,https://live-ucbtraining-lmcf.pantheonsite.io
ucb-macky,/macky,ucbprod-macky,ucbtraining-macky,https://live-ucbprod-macky.pantheonsite.io,https://live-ucbtraining-macky.pantheonsite.io
ucb-nvc,/nvc,ucbprod-nvc,ucbtraining-nvc,https://live-ucbprod-nvc.pantheonsite.io,https://live-ucbtraining-nvc.pantheonsite.io
ucb-ocg,/ocg,ucbprod-ocg,ucbtraining-ocg,https://live-ucbprod-ocg.pantheonsite.io,https://live-ucbtraining-ocg.pantheonsite.io
ucb-outreach-pisec,/outreach/pisec,ucbprod-outreach-pisec,ucbtraining-outreach-pisec,https://live-ucbprod-outreach-pisec.pantheonsite.io,https://live-ucbtraining-outreach-pisec.pantheonsite.io
ucb-outreach-youthprograms,/outreach/youthprograms,ucbprod-outreach-youthprograms,ucbtraining-outreach-youthprograms,https://live-ucbprod-outreach-youthprograms.pantheonsite.io,https://live-ucbtraining-outreach-youthprograms.pantheonsite.io
ucb-ova,/ova,ucbprod-ova,ucbtraining-ova,https://live-ucbprod-ova.pantheonsite.io,https://live-ucbtraining-ova.pantheonsite.io
ucb-pace,/pace,ucbprod-pace,ucbtraining-pace,https://live-ucbprod-pace.pantheonsite.io,https://live-ucbtraining-pace.pantheonsite.io
ucb-postdoctoralaffairs,/postdoctoralaffairs,ucbprod-postdoctoralaffairs,ucbtraining-postdoctoralaffairs,https://live-ucbprod-postdoctoralaffairs.pantheonsite.io,https://live-ucbtraining-postdoctoralaffairs.pantheonsite.io
ucb-program-fingerspelling,/program/fingerspelling,ucbprod-program-fingerspelling,ucbtraining-program-fingerspelling,https://live-ucbprod-program-fingerspelling.pantheonsite.io,https://live-ucbtraining-program-fingerspelling.pantheonsite.io
ucb-program-inquiryhub,/program/inquiryhub,ucbprod-program-inquiryhub,ucbtraining-program-inquiryhub,https://live-ucbprod-program-inquiryhub.pantheonsite.io,https://live-ucbtraining-program-inquiryhub.pantheonsite.io
ucb-project-gutc,/project/gutc,ucbprod-project-gutc,ucbtraining-project-gutc,https://live-ucbprod-project-gutc.pantheonsite.io,https://live-ucbtraining-project-gutc.pantheonsite.io
ucb-project-hidden-voices,/project/hidden-voices,ucbprod-project-hidden-voices,ucbtraining-project-hidden-voices,https://live-ucbprod-project-hidden-voices.pantheonsite.io,https://live-ucbtraining-project-hidden-voices.pantheonsite.io
ucb-project-human-computer-relationships,/project/human-computer-relationships,ucbprod-project-human-computer-relationships,ucbtraining-project-human-computer-relationships,https://live-ucbprod-project-human-computer-relationships.pantheonsite.io,https://live-ucbtraining-project-human-computer-relationships.pantheonsite.io
ucb-project-jewsofcolor,/project/jewsofcolor,ucbprod-project-jewsofcolor,ucbtraining-project-jewsofcolor,https://live-ucbprod-project-jewsofcolor.pantheonsite.io,https://live-ucbtraining-project-jewsofcolor.pantheonsite.io
ucb-project-pm-network,/project/pm-network,ucbprod-project-pm-network,ucbtraining-project-pm-network,https://live-ucbprod-project-pm-network.pantheonsite.io,https://live-ucbtraining-project-pm-network.pantheonsite.io
ucb-project-ralphiecubesat,/project/ralphiecubesat,ucbprod-project-ralphiecubesat,ucbtraining-project-ralphiecubesat,https://live-ucbprod-project-ralphiecubesat.pantheonsite.io,https://live-ucbtraining-project-ralphiecubesat.pantheonsite.io
ucb-project-volecrispr,/project/volecrispr,ucbprod-project-volecrispr,ucbtraining-project-volecrispr,https://live-ucbprod-project-volecrispr.pantheonsite.io,https://live-ucbtraining-project-volecrispr.pantheonsite.io
ucb-projects-fairy-tales,/projects/fairy-tales,ucbprod-projects-fairy-tales,ucbtraining-projects-fairy-tales,https://live-ucbprod-projects-fairy-tales.pantheonsite.io,https://live-ucbtraining-projects-fairy-tales.pantheonsite.io
ucb-rapflc,/rapflc,ucbprod-rapflc,ucbtraining-rapflc,https://live-ucbprod-rapflc.pantheonsite.io,https://live-ucbtraining-rapflc.pantheonsite.io
ucb-research-quantum-engineering-initiative,/research/quantum-engineering-initiative,ucbprod-research-quantum-engineering-initiative,ucbtraining-research-quantum-engineering-initiative,https://live-ucbprod-research-quantum-engineering-initiative.pantheonsite.io,https://live-ucbtraining-research-quantum-engineering-initiative.pantheonsite.io
ucb-staffcouncil,/staffcouncil,ucbprod-staffcouncil,ucbtraining-staffcouncil,https://live-ucbprod-staffcouncil.pantheonsite.io,https://live-ucbtraining-staffcouncil.pantheonsite.io
ucb-strategicfacilitiesvisioning,/strategicfacilitiesvisioning,ucbprod-strategicfacilitiesvisioning,ucbtraining-strategicfacilitiesvisioning,https://live-ucbprod-strategicfacilitiesvisioning.pantheonsite.io,https://live-ucbtraining-strategicfacilitiesvisioning.pantheonsite.io
ucb-studentemployment,/studentemployment,ucbprod-studentemployment,ucbtraining-studentemployment,https://live-ucbprod-studentemployment.pantheonsite.io,https://live-ucbtraining-studentemployment.pantheonsite.io
ucb-symposium-cannabis-legalization,/symposium/cannabis-legalization,ucbprod-symposium-cannabis-legalization,ucbtraining-symposium-cannabis-legalization,https://live-ucbprod-symposium-cannabis-legalization.pantheonsite.io,https://live-ucbtraining-symposium-cannabis-legalization.pantheonsite.io
ucb-symposium-launchingspacebiology,/symposium/launchingspacebiology,ucbprod-symposium-launchingspacebiology,ucbtraining-symposium-launchingspacebiology,https://live-ucbprod-symposium-launchingspacebiology.pantheonsite.io,https://live-ucbtraining-symposium-launchingspacebiology.pantheonsite.io
ucb-symposium-mcdb-50th,/symposium/mcdb-50th,ucbprod-symposium-mcdb-50th,ucbtraining-symposium-mcdb-50th,https://live-ucbprod-symposium-mcdb-50th.pantheonsite.io,https://live-ucbtraining-symposium-mcdb-50th.pantheonsite.io
ucb-teaching-quality-framework,/teaching-quality-framework,ucbprod-teaching-quality-framework,ucbtraining-teaching-quality-framework,https://live-ucbprod-teaching-quality-framework.pantheonsite.io,https://live-ucbtraining-teaching-quality-framework.pantheonsite.io
ucb-ucec,/ucec,ucbprod-ucec,ucbtraining-ucec,https://live-ucbprod-ucec.pantheonsite.io,https://live-ucbtraining-ucec.pantheonsite.io
ucb-venturepartners,/venturepartners,ucbprod-venturepartners,ucbtraining-venturepartners,https://live-ucbprod-venturepartners.pantheonsite.io,https://live-ucbtraining-venturepartners.pantheonsite.io
ucb-project-provisionalia,/project/provisionalia,ucbprod-project-provisionalia,ucbtraining-project-provisionalia,https://live-ucbprod-project-provisionalia.pantheonsite.io,https://live-ucbtraining-project-provisionalia.pantheonsite.io
ucb-industry,/industry,ucbprod-industry,ucbtraining-industry,https://live-ucbprod-industry.pantheonsite.io,https://live-ucbtraining-industry.pantheonsite.io
