ucb-artsandsciencestransfer,colorado.edu/artsandsciencestransfer,ucbprod-artsandsciencestransfer,ucbtraining-artsandsciencestransfer,https://live-ucbprod-artsandsciencestransfer.pantheonsite.io,https://live-ucbtraining-artsandsciencestransfer.pantheonsite.io
ucb-asmagazine,colorado.edu/asmagazine,ucbprod-asmagazine,ucbtraining-asmagazine,https://live-ucbprod-asmagazine.pantheonsite.io,https://live-ucbtraining-asmagazine.pantheonsite.io
ucb-behavioral-genetics,colorado.edu/behavioral-genetics,ucbprod-behavioral-genetics,ucbtraining-behavioral-genetics,https://live-ucbprod-behavioral-genetics.pantheonsite.io,https://live-ucbtraining-behavioral-genetics.pantheonsite.io
ucb-bfa,colorado.edu/bfa,ucbprod-bfa,ucbtraining-bfa,https://live-ucbprod-bfa.pantheonsite.io,https://live-ucbtraining-bfa.pantheonsite.io
ucb-biophysics,colorado.edu/biophysics,ucbprod-biophysics,ucbtraining-biophysics,https://live-ucbprod-biophysics.pantheonsite.io,https://live-ucbtraining-biophysics.pantheonsite.io
ucb-boettcher-daniels-norlin-scholars,colorado.edu/boettcher-daniels-norlin-scholars,ucbprod-boettcher-daniels-norlin-scholars,ucbtraining-boettcher-daniels-norlin-scholars,https://live-ucbprod-boettcher-daniels-norlin-scholars.pantheonsite.io,https://live-ucbtraining-boettcher-daniels-norlin-scholars.pantheonsite.io
ucb-cartss,colorado.edu/cartss,ucbprod-cartss,ucbtraining-cartss,https://live-ucbprod-cartss.pantheonsite.io,https://live-ucbtraining-cartss.pantheonsite.io
ucb-cedar,colorado.edu/cedar,ucbprod-cedar,ucbtraining-cedar,https://live-ucbprod-cedar.pantheonsite.io,https://live-ucbtraining-cedar.pantheonsite.io
ucb-cees,colorado.edu/cees,ucbprod-cees,ucbtraining-cees,https://live-ucbprod-cees.pantheonsite.io,https://live-ucbtraining-cees.pantheonsite.io
ucb-center-altec,colorado.edu/center/altec,ucbprod-center-altec,ucbtraining-center-altec,https://live-ucbprod-center-altec.pantheonsite.io,https://live-ucbtraining-center-altec.pantheonsite.io
ucb-center-reach,colorado.edu/center/reach,ucbprod-center-reach,ucbtraining-center-reach,https://live-ucbprod-center-reach.pantheonsite.io,https://live-ucbtraining-center-reach.pantheonsite.io
ucb-certificate-ej,colorado.edu/certificate/ej,ucbprod-certificate-ej,ucbtraining-certificate-ej,https://live-ucbprod-certificate-ej.pantheonsite.io,https://live-ucbtraining-certificate-ej.pantheonsite.io
ucb-chemistry,colorado.edu/chemistry,ucbprod-chemistry,ucbtraining-chemistry,https://live-ucbprod-chemistry.pantheonsite.io,https://live-ucbtraining-chemistry.pantheonsite.io
ucb-cisw,colorado.edu/cisw,ucbprod-cisw,ucbtraining-cisw,https://live-ucbprod-cisw.pantheonsite.io,https://live-ucbtraining-cisw.pantheonsite.io
ucb-cmcistudentmedia,colorado.edu/cmcistudentmedia,ucbprod-cmcistudentmedia,ucbtraining-cmcistudentmedia,https://live-ucbprod-cmcistudentmedia.pantheonsite.io,https://live-ucbtraining-cmcistudentmedia.pantheonsite.io
ucb-cmems,colorado.edu/cmems,ucbprod-cmems,ucbtraining-cmems,https://live-ucbprod-cmems.pantheonsite.io,https://live-ucbtraining-cmems.pantheonsite.io
ucb-cmrc,colorado.edu/cmrc,ucbprod-cmrc,ucbtraining-cmrc,https://live-ucbprod-cmrc.pantheonsite.io,https://live-ucbtraining-cmrc.pantheonsite.io
ucb-computerengineering,colorado.edu/computerengineering,ucbprod-computerengineering,ucbtraining-computerengineering,https://live-ucbprod-computerengineering.pantheonsite.io,https://live-ucbtraining-computerengineering.pantheonsite.io
ucb-conference-cwwmca,colorado.edu/conference/cwwmca,ucbprod-conference-cwwmca,ucbtraining-conference-cwwmca,https://live-ucbprod-conference-cwwmca.pantheonsite.io,https://live-ucbtraining-conference-cwwmca.pantheonsite.io
ucb-conferenceservices,colorado.edu/conferenceservices,ucbprod-conferenceservices,ucbtraining-conferenceservices,https://live-ucbprod-conferenceservices.pantheonsite.io,https://live-ucbtraining-conferenceservices.pantheonsite.io
ucb-course-sites-libb-2500,colorado.edu/course-sites/libb/2500,ucbprod-course-sites-libb-2500,ucbtraining-course-sites-libb-2500,https://live-ucbprod-course-sites-libb-2500.pantheonsite.io,https://live-ucbtraining-course-sites-libb-2500.pantheonsite.io
ucb-cs,colorado.edu/cs,ucbprod-cs,ucbtraining-cs,https://live-ucbprod-cs.pantheonsite.io,https://live-ucbtraining-cs.pantheonsite.io
ucb-cubequest,colorado.edu/cubequest,ucbprod-cubequest,ucbtraining-cubequest,https://live-ucbprod-cubequest.pantheonsite.io,https://live-ucbtraining-cubequest.pantheonsite.io
ucb-cuengage,colorado.edu/cuengage,ucbprod-cuengage,ucbtraining-cuengage,https://live-ucbprod-cuengage.pantheonsite.io,https://live-ucbtraining-cuengage.pantheonsite.io
ucb-daoisttexts,colorado.edu/daoisttexts,ucbprod-daoisttexts,ucbtraining-daoisttexts,https://live-ucbprod-daoisttexts.pantheonsite.io,https://live-ucbtraining-daoisttexts.pantheonsite.io
ucb-dynamicscontrols,colorado.edu/dynamicscontrols,ucbprod-dynamicscontrols,ucbtraining-dynamicscontrols,https://live-ucbprod-dynamicscontrols.pantheonsite.io,https://live-ucbtraining-dynamicscontrols.pantheonsite.io
ucb-enrollment-management,colorado.edu/enrollment-management,ucbprod-enrollment-management,ucbtraining-enrollment-management,https://live-ucbprod-enrollment-management.pantheonsite.io,https://live-ucbtraining-enrollment-management.pantheonsite.io
ucb-envd,colorado.edu/envd,ucbprod-envd,ucbtraining-envd,https://live-ucbprod-envd.pantheonsite.io,https://live-ucbtraining-envd.pantheonsite.io
ucb-ethnicstudies,colorado.edu/ethnicstudies,ucbprod-ethnicstudies,ucbtraining-ethnicstudies,https://live-ucbprod-ethnicstudies.pantheonsite.io,https://live-ucbtraining-ethnicstudies.pantheonsite.io
ucb-event-ifest,colorado.edu/event/ifest,ucbprod-event-ifest,ucbtraining-event-ifest,https://live-ucbprod-event-ifest.pantheonsite.io,https://live-ucbtraining-event-ifest.pantheonsite.io
ucb-facility-mimic,colorado.edu/facility/mimic,ucbprod-facility-mimic,ucbtraining-facility-mimic,https://live-ucbprod-facility-mimic.pantheonsite.io,https://live-ucbtraining-facility-mimic.pantheonsite.io
ucb-faculty-amadei,colorado.edu/faculty/amadei,ucbprod-faculty-amadei,ucbtraining-faculty-amadei,https://live-ucbprod-faculty-amadei.pantheonsite.io,https://live-ucbtraining-faculty-amadei.pantheonsite.io
ucb-faculty-argrow,colorado.edu/faculty/argrow,ucbprod-faculty-argrow,ucbtraining-faculty-argrow,https://live-ucbprod-faculty-argrow.pantheonsite.io,https://live-ucbtraining-faculty-argrow.pantheonsite.io
ucb-faculty-axelrad,colorado.edu/faculty/axelrad,ucbprod-faculty-axelrad,ucbtraining-faculty-axelrad,https://live-ucbprod-faculty-axelrad.pantheonsite.io,https://live-ucbtraining-faculty-axelrad.pantheonsite.io
ucb-faculty-barnes,colorado.edu/faculty/barnes,ucbprod-faculty-barnes,ucbtraining-faculty-barnes,https://live-ucbprod-faculty-barnes.pantheonsite.io,https://live-ucbtraining-faculty-barnes.pantheonsite.io
ucb-faculty-bastias,colorado.edu/faculty/bastias,ucbprod-faculty-bastias,ucbtraining-faculty-bastias,https://live-ucbprod-faculty-bastias.pantheonsite.io,https://live-ucbtraining-faculty-bastias.pantheonsite.io
ucb-faculty-bielefeldt,colorado.edu/faculty/bielefeldt,ucbprod-faculty-bielefeldt,ucbtraining-faculty-bielefeldt,https://live-ucbprod-faculty-bielefeldt.pantheonsite.io,https://live-ucbtraining-faculty-bielefeldt.pantheonsite.io
ucb-faculty-black,colorado.edu/faculty/black,ucbprod-faculty-black,ucbtraining-faculty-black,https://live-ucbprod-faculty-black.pantheonsite.io,https://live-ucbtraining-faculty-black.pantheonsite.io
ucb-faculty-cai,colorado.edu/faculty/cai,ucbprod-faculty-cai,ucbtraining-faculty-cai,https://live-ucbprod-faculty-cai.pantheonsite.io,https://live-ucbtraining-faculty-cai.pantheonsite.io
ucb-faculty-cha,colorado.edu/faculty/cha,ucbprod-faculty-cha,ucbtraining-faculty-cha,https://live-ucbprod-faculty-cha.pantheonsite.io,https://live-ucbtraining-faculty-cha.pantheonsite.io
ucb-faculty-chinowsky,colorado.edu/faculty/chinowsky,ucbprod-faculty-chinowsky,ucbtraining-faculty-chinowsky,https://live-ucbprod-faculty-chinowsky.pantheonsite.io,https://live-ucbtraining-faculty-chinowsky.pantheonsite.io
ucb-faculty-liu-eugene,colorado.edu/faculty/liu-eugene,ucbprod-faculty-liu-eugene,ucbtraining-faculty-liu-eugene,https://live-ucbprod-faculty-liu-eugene.pantheonsite.io,https://live-ucbtraining-faculty-liu-eugene.pantheonsite.io
ucb-faculty-lopezjimenez,colorado.edu/faculty/lopezjimenez,ucbprod-faculty-lopezjimenez,ucbtraining-faculty-lopezjimenez,https://live-ucbprod-faculty-lopezjimenez.pantheonsite.io,https://live-ucbtraining-faculty-lopezjimenez.pantheonsite.io
ucb-faculty-macdonald,colorado.edu/faculty/macdonald,ucbprod-faculty-macdonald,ucbtraining-faculty-macdonald,https://live-ucbprod-faculty-macdonald.pantheonsite.io,https://live-ucbtraining-faculty-macdonald.pantheonsite.io
ucb-faculty-segil,colorado.edu/faculty/segil,ucbprod-faculty-segil,ucbtraining-faculty-segil,https://live-ucbprod-faculty-segil.pantheonsite.io,https://live-ucbtraining-faculty-segil.pantheonsite.io
ucb-faculty-somenzi,colorado.edu/faculty/somenzi,ucbprod-faculty-somenzi,ucbtraining-faculty-somenzi,https://live-ucbprod-faculty-somenzi.pantheonsite.io,https://live-ucbtraining-faculty-somenzi.pantheonsite.io
ucb-faculty-torresmachi,colorado.edu/faculty/torresmachi,ucbprod-faculty-torresmachi,ucbtraining-faculty-torresmachi,https://live-ucbprod-faculty-torresmachi.pantheonsite.io,https://live-ucbtraining-faculty-torresmachi.pantheonsite.io
ucb-faculty-varanasi,colorado.edu/faculty/varanasi,ucbprod-faculty-varanasi,ucbtraining-faculty-varanasi,https://live-ucbprod-faculty-varanasi.pantheonsite.io,https://live-ucbtraining-faculty-varanasi.pantheonsite.io
ucb-faculty-wagner,colorado.edu/faculty/wagner,ucbprod-faculty-wagner,ucbtraining-faculty-wagner,https://live-ucbprod-faculty-wagner.pantheonsite.io,https://live-ucbtraining-faculty-wagner.pantheonsite.io
ucb-faculty-zhai,colorado.edu/faculty/zhai,ucbprod-faculty-zhai,ucbtraining-faculty-zhai,https://live-ucbprod-faculty-zhai.pantheonsite.io,https://live-ucbtraining-faculty-zhai.pantheonsite.io
ucb-firesurvey,colorado.edu/firesurvey,ucbprod-firesurvey,ucbtraining-firesurvey,https://live-ucbprod-firesurvey.pantheonsite.io,https://live-ucbtraining-firesurvey.pantheonsite.io
ucb-flatironsforum,colorado.edu/flatironsforum,ucbprod-flatironsforum,ucbtraining-flatironsforum,https://live-ucbprod-flatironsforum.pantheonsite.io,https://live-ucbtraining-flatironsforum.pantheonsite.io
ucb-genders,colorado.edu/genders,ucbprod-genders,ucbtraining-genders,https://live-ucbprod-genders.pantheonsite.io,https://live-ucbtraining-genders.pantheonsite.io
ucb-gendersarchive1998-2013,colorado.edu/gendersarchive1998-2013,ucbprod-gendersarchive1998-2013,ucbtraining-gendersarchive1998-2013,https://live-ucbprod-gendersarchive1998-2013.pantheonsite.io,https://live-ucbtraining-gendersarchive1998-2013.pantheonsite.io
ucb-geophysics,colorado.edu/geophysics,ucbprod-geophysics,ucbtraining-geophysics,https://live-ucbprod-geophysics.pantheonsite.io,https://live-ucbtraining-geophysics.pantheonsite.io
ucb-globalbrigades,colorado.edu/globalbrigades,ucbprod-globalbrigades,ucbtraining-globalbrigades,https://live-ucbprod-globalbrigades.pantheonsite.io,https://live-ucbtraining-globalbrigades.pantheonsite.io
ucb-gpsg,colorado.edu/gpsg,ucbprod-gpsg,ucbtraining-gpsg,https://live-ucbprod-gpsg.pantheonsite.io,https://live-ucbtraining-gpsg.pantheonsite.io
ucb-group-cu-cmg,colorado.edu/group/cu-cmg,ucbprod-group-cu-cmg,ucbtraining-group-cu-cmg,https://live-ucbprod-group-cu-cmg.pantheonsite.io,https://live-ucbtraining-group-cu-cmg.pantheonsite.io
ucb-guardianscholars,colorado.edu/guardianscholars,ucbprod-guardianscholars,ucbtraining-guardianscholars,https://live-ucbprod-guardianscholars.pantheonsite.io,https://live-ucbtraining-guardianscholars.pantheonsite.io
ucb-guitarfestival,colorado.edu/guitarfestival,ucbprod-guitarfestival,ucbtraining-guitarfestival,https://live-ucbprod-guitarfestival.pantheonsite.io,https://live-ucbtraining-guitarfestival.pantheonsite.io
ucb-healthcenter,colorado.edu/healthcenter,ucbprod-healthcenter,ucbtraining-healthcenter,https://live-ucbprod-healthcenter.pantheonsite.io,https://live-ucbtraining-healthcenter.pantheonsite.io
ucb-ibg,colorado.edu/ibg,ucbprod-ibg,ucbtraining-ibg,https://live-ucbprod-ibg.pantheonsite.io,https://live-ucbtraining-ibg.pantheonsite.io
ucb-ics,colorado.edu/ics,ucbprod-ics,ucbtraining-ics,https://live-ucbprod-ics.pantheonsite.io,https://live-ucbtraining-ics.pantheonsite.io
ucb-initiative-cubit,colorado.edu/initiative/cubit,ucbprod-initiative-cubit,ucbtraining-initiative-cubit,https://live-ucbprod-initiative-cubit.pantheonsite.io,https://live-ucbtraining-initiative-cubit.pantheonsite.io
ucb-irt-mfm,colorado.edu/irt/mfm,ucbprod-irt-mfm,ucbtraining-irt-mfm,https://live-ucbprod-irt-mfm.pantheonsite.io,https://live-ucbtraining-irt-mfm.pantheonsite.io
ucb-keller,colorado.edu/keller,ucbprod-keller,ucbtraining-keller,https://live-ucbprod-keller.pantheonsite.io,https://live-ucbtraining-keller.pantheonsite.io
ucb-klinden,colorado.edu/klinden,ucbprod-klinden,ucbtraining-klinden,https://live-ucbprod-klinden.pantheonsite.io,https://live-ucbtraining-klinden.pantheonsite.io
ucb-lab-cameron,colorado.edu/lab/cameron,ucbprod-lab-cameron,ucbtraining-lab-cameron,https://live-ucbprod-lab-cameron.pantheonsite.io,https://live-ucbtraining-lab-cameron.pantheonsite.io
ucb-lab-experimentalaerodynamics,colorado.edu/lab/experimentalaerodynamics,ucbprod-lab-experimentalaerodynamics,ucbtraining-lab-experimentalaerodynamics,https://live-ucbprod-lab-experimentalaerodynamics.pantheonsite.io,https://live-ucbtraining-lab-experimentalaerodynamics.pantheonsite.io
ucb-lab-heard,colorado.edu/lab/heard,ucbprod-lab-heard,ucbtraining-lab-heard,https://live-ucbprod-lab-heard.pantheonsite.io,https://live-ucbtraining-lab-heard.pantheonsite.io
ucb-lab-mapl,colorado.edu/lab/mapl,ucbprod-lab-mapl,ucbtraining-lab-mapl,https://live-ucbprod-lab-mapl.pantheonsite.io,https://live-ucbtraining-lab-mapl.pantheonsite.io
ucb-lab-matsuo,colorado.edu/lab/matsuo,ucbprod-lab-matsuo,ucbtraining-lab-matsuo,https://live-ucbprod-lab-matsuo.pantheonsite.io,https://live-ucbtraining-lab-matsuo.pantheonsite.io
ucb-lab-rockpoweredlife,colorado.edu/lab/rockpoweredlife,ucbprod-lab-rockpoweredlife,ucbtraining-lab-rockpoweredlife,https://live-ucbprod-lab-rockpoweredlife.pantheonsite.io,https://live-ucbtraining-lab-rockpoweredlife.pantheonsite.io
ucb-lab-sammakiagroup,colorado.edu/lab/sammakiagroup,ucbprod-lab-sammakiagroup,ucbtraining-lab-sammakiagroup,https://live-ucbprod-lab-sammakiagroup.pantheonsite.io,https://live-ucbtraining-lab-sammakiagroup.pantheonsite.io
ucb-lab-sbs,colorado.edu/lab/sbs,ucbprod-lab-sbs,ucbtraining-lab-sbs,https://live-ucbprod-lab-sbs.pantheonsite.io,https://live-ucbtraining-lab-sbs.pantheonsite.io
ucb-lab-schwartzgroup,colorado.edu/lab/schwartzgroup,ucbprod-lab-schwartzgroup,ucbtraining-lab-schwartzgroup,https://live-ucbprod-lab-schwartzgroup.pantheonsite.io,https://live-ucbtraining-lab-schwartzgroup.pantheonsite.io
ucb-lab-sharmagroup,colorado.edu/lab/sharmagroup,ucbprod-lab-sharmagroup,ucbtraining-lab-sharmagroup,https://live-ucbprod-lab-sharmagroup.pantheonsite.io,https://live-ucbtraining-lab-sharmagroup.pantheonsite.io
ucb-lab-shine,colorado.edu/lab/shine,ucbprod-lab-shine,ucbtraining-lab-shine,https://live-ucbprod-lab-shine.pantheonsite.io,https://live-ucbtraining-lab-shine.pantheonsite.io
ucb-lab-skodjegroup,colorado.edu/lab/skodjegroup,ucbprod-lab-skodjegroup,ucbtraining-lab-skodjegroup,https://live-ucbprod-lab-skodjegroup.pantheonsite.io,https://live-ucbtraining-lab-skodjegroup.pantheonsite.io
ucb-lab-sleepdev,colorado.edu/lab/sleepdev,ucbprod-lab-sleepdev,ucbtraining-lab-sleepdev,https://live-ucbprod-lab-sleepdev.pantheonsite.io,https://live-ucbtraining-lab-sleepdev.pantheonsite.io
ucb-lab-social-neuroscience-lab,colorado.edu/lab/social-neuroscience-lab,ucbprod-lab-social-neuroscience-lab,ucbtraining-lab-social-neuroscience-lab,https://live-ucbprod-lab-social-neuroscience-lab.pantheonsite.io,https://live-ucbtraining-lab-social-neuroscience-lab.pantheonsite.io
ucb-lab-social-perception,colorado.edu/lab/social-perception,ucbprod-lab-social-perception,ucbtraining-lab-social-perception,https://live-ucbprod-lab-social-perception.pantheonsite.io,https://live-ucbtraining-lab-social-perception.pantheonsite.io
ucb-lab-sousa,colorado.edu/lab/sousa,ucbprod-lab-sousa,ucbtraining-lab-sousa,https://live-ucbprod-lab-sousa.pantheonsite.io,https://live-ucbtraining-lab-sousa.pantheonsite.io
ucb-lab-thedata,colorado.edu/lab/thedata,ucbprod-lab-thedata,ucbtraining-lab-thedata,https://live-ucbprod-lab-thedata.pantheonsite.io,https://live-ucbtraining-lab-thedata.pantheonsite.io
ucb-lab-toney-group,colorado.edu/lab/toney-group,ucbprod-lab-toney-group,ucbtraining-lab-toney-group,https://live-ucbprod-lab-toney-group.pantheonsite.io,https://live-ucbtraining-lab-toney-group.pantheonsite.io
ucb-lab-vaidagroup,colorado.edu/lab/vaidagroup,ucbprod-lab-vaidagroup,ucbtraining-lab-vaidagroup,https://live-ucbprod-lab-vaidagroup.pantheonsite.io,https://live-ucbtraining-lab-vaidagroup.pantheonsite.io
ucb-lab-vernerey,colorado.edu/lab/vernerey,ucbprod-lab-vernerey,ucbtraining-lab-vernerey,https://live-ucbprod-lab-vernerey.pantheonsite.io,https://live-ucbtraining-lab-vernerey.pantheonsite.io
ucb-lab-wanggroup,colorado.edu/lab/wanggroup,ucbprod-lab-wanggroup,ucbtraining-lab-wanggroup,https://live-ucbprod-lab-wanggroup.pantheonsite.io,https://live-ucbtraining-lab-wanggroup.pantheonsite.io
ucb-lab-wavelab,colorado.edu/lab/wavelab,ucbprod-lab-wavelab,ucbtraining-lab-wavelab,https://live-ucbprod-lab-wavelab.pantheonsite.io,https://live-ucbtraining-lab-wavelab.pantheonsite.io
ucb-lab-wirg,colorado.edu/lab/wirg,ucbprod-lab-wirg,ucbtraining-lab-wirg,https://live-ucbprod-lab-wirg.pantheonsite.io,https://live-ucbtraining-lab-wirg.pantheonsite.io
ucb-math,colorado.edu/math,ucbprod-math,ucbtraining-math,https://live-ucbprod-math.pantheonsite.io,https://live-ucbtraining-math.pantheonsite.io
ucb-mcneill,colorado.edu/mcneill,ucbprod-mcneill,ucbtraining-mcneill,https://live-ucbprod-mcneill.pantheonsite.io,https://live-ucbtraining-mcneill.pantheonsite.io
ucb-mse,colorado.edu/mse,ucbprod-mse,ucbtraining-mse,https://live-ucbprod-mse.pantheonsite.io,https://live-ucbtraining-mse.pantheonsite.io
ucb-neuroscience,colorado.edu/neuroscience,ucbprod-neuroscience,ucbtraining-neuroscience,https://live-ucbprod-neuroscience.pantheonsite.io,https://live-ucbtraining-neuroscience.pantheonsite.io
ucb-oda,colorado.edu/oda,ucbprod-oda,ucbtraining-oda,https://live-ucbprod-oda.pantheonsite.io,https://live-ucbtraining-oda.pantheonsite.io
ucb-opticsnanobio,colorado.edu/opticsnanobio,ucbprod-opticsnanobio,ucbtraining-opticsnanobio,https://live-ucbprod-opticsnanobio.pantheonsite.io,https://live-ucbtraining-opticsnanobio.pantheonsite.io
ucb-outreach-paces,colorado.edu/outreach/paces,ucbprod-outreach-paces,ucbtraining-outreach-paces,https://live-ucbprod-outreach-paces.pantheonsite.io,https://live-ucbtraining-outreach-paces.pantheonsite.io
ucb-pac,colorado.edu/pac,ucbprod-pac,ucbtraining-pac,https://live-ucbprod-pac.pantheonsite.io,https://live-ucbtraining-pac.pantheonsite.io
ucb-physics-jila-reu,colorado.edu/physics-jila-reu,ucbprod-physics-jila-reu,ucbtraining-physics-jila-reu,https://live-ucbprod-physics-jila-reu.pantheonsite.io,https://live-ucbtraining-physics-jila-reu.pantheonsite.io
ucb-powerelectronics,colorado.edu/powerelectronics,ucbprod-powerelectronics,ucbtraining-powerelectronics,https://live-ucbprod-powerelectronics.pantheonsite.io,https://live-ucbtraining-powerelectronics.pantheonsite.io
ucb-precollege,colorado.edu/precollege,ucbprod-precollege,ucbtraining-precollege,https://live-ucbprod-precollege.pantheonsite.io,https://live-ucbtraining-precollege.pantheonsite.io
ucb-program-b2b,colorado.edu/program/b2b,ucbprod-program-b2b,ucbtraining-program-b2b,https://live-ucbprod-program-b2b.pantheonsite.io,https://live-ucbtraining-program-b2b.pantheonsite.io
ucb-program-clasp,colorado.edu/program/clasp,ucbprod-program-clasp,ucbtraining-program-clasp,https://live-ucbprod-program-clasp.pantheonsite.io,https://live-ucbtraining-program-clasp.pantheonsite.io
ucb-program-cmcipathways,colorado.edu/program/cmcipathways,ucbprod-program-cmcipathways,ucbtraining-program-cmcipathways,https://live-ucbprod-program-cmcipathways.pantheonsite.io,https://live-ucbtraining-program-cmcipathways.pantheonsite.io
ucb-program-ide,colorado.edu/program/ide,ucbprod-program-ide,ucbtraining-program-ide,https://live-ucbprod-program-ide.pantheonsite.io,https://live-ucbtraining-program-ide.pantheonsite.io
ucb-programs-chr,colorado.edu/programs/chr,ucbprod-programs-chr,ucbtraining-programs-chr,https://live-ucbprod-programs-chr.pantheonsite.io,https://live-ucbtraining-programs-chr.pantheonsite.io
ucb-programs-socialinnovation,colorado.edu/programs/socialinnovation,ucbprod-programs-socialinnovation,ucbtraining-programs-socialinnovation,https://live-ucbprod-programs-socialinnovation.pantheonsite.io,https://live-ucbtraining-programs-socialinnovation.pantheonsite.io
ucb-project-environmental-futures,colorado.edu/project/environmental-futures,ucbprod-project-environmental-futures,ucbtraining-project-environmental-futures,https://live-ucbprod-project-environmental-futures.pantheonsite.io,https://live-ucbtraining-project-environmental-futures.pantheonsite.io
ucb-project-everflowmandarin,colorado.edu/project/everflowmandarin,ucbprod-project-everflowmandarin,ucbtraining-project-everflowmandarin,https://live-ucbprod-project-everflowmandarin.pantheonsite.io,https://live-ucbtraining-project-everflowmandarin.pantheonsite.io
ucb-ptea,colorado.edu/ptea,ucbprod-ptea,ucbtraining-ptea,https://live-ucbprod-ptea.pantheonsite.io,https://live-ucbtraining-ptea.pantheonsite.io
ucb-ptea-curriculum,colorado.edu/ptea-curriculum,ucbprod-ptea-curriculum,ucbtraining-ptea-curriculum,https://live-ucbprod-ptea-curriculum.pantheonsite.io,https://live-ucbtraining-ptea-curriculum.pantheonsite.io
ucb-pts,colorado.edu/pts,ucbprod-pts,ucbtraining-pts,https://live-ucbprod-pts.pantheonsite.io,https://live-ucbtraining-pts.pantheonsite.io
ucb-recuv,colorado.edu/recuv,ucbprod-recuv,ucbtraining-recuv,https://live-ucbprod-recuv.pantheonsite.io,https://live-ucbtraining-recuv.pantheonsite.io
ucb-research-qsense,colorado.edu/research/qsense,ucbprod-research-qsense,ucbtraining-research-qsense,https://live-ucbprod-research-qsense.pantheonsite.io,https://live-ucbtraining-research-qsense.pantheonsite.io
ucb-rioverdearchaeology,colorado.edu/rioverdearchaeology,ucbprod-rioverdearchaeology,ucbtraining-rioverdearchaeology,https://live-ucbprod-rioverdearchaeology.pantheonsite.io,https://live-ucbtraining-rioverdearchaeology.pantheonsite.io
ucb-srs,colorado.edu/srs,ucbprod-srs,ucbtraining-srs,https://live-ucbprod-srs.pantheonsite.io,https://live-ucbtraining-srs.pantheonsite.io
ucb-stempathways,colorado.edu/stempathways,ucbprod-stempathways,ucbtraining-stempathways,https://live-ucbprod-stempathways.pantheonsite.io,https://live-ucbtraining-stempathways.pantheonsite.io
ucb-studentgroup-dip-undergraduate-journal,colorado.edu/studentgroup/dip-undergraduate-journal,ucbprod-studentgroup-dip-undergraduate-journal,ucbtraining-studentgroup-dip-undergraduate-journal,https://live-ucbprod-studentgroup-dip-undergraduate-journal.pantheonsite.io,https://live-ucbtraining-studentgroup-dip-undergraduate-journal.pantheonsite.io
ucb-studentgroup-robotic-mining-team,colorado.edu/studentgroup/robotic-mining-team,ucbprod-studentgroup-robotic-mining-team,ucbtraining-studentgroup-robotic-mining-team,https://live-ucbprod-studentgroup-robotic-mining-team.pantheonsite.io,https://live-ucbtraining-studentgroup-robotic-mining-team.pantheonsite.io
ucb-studentgroup-soless,colorado.edu/studentgroup/soless,ucbprod-studentgroup-soless,ucbtraining-studentgroup-soless,https://live-ucbprod-studentgroup-soless.pantheonsite.io,https://live-ucbtraining-studentgroup-soless.pantheonsite.io
ucb-studentgroups-aed,colorado.edu/studentgroups/aed,ucbprod-studentgroups-aed,ucbtraining-studentgroups-aed,https://live-ucbprod-studentgroups-aed.pantheonsite.io,https://live-ucbtraining-studentgroups-aed.pantheonsite.io
ucb-studentgroups-agc,colorado.edu/studentgroups/agc,ucbprod-studentgroups-agc,ucbtraining-studentgroups-agc,https://live-ucbprod-studentgroups-agc.pantheonsite.io,https://live-ucbtraining-studentgroups-agc.pantheonsite.io
ucb-studentgroups-amwa,colorado.edu/studentgroups/amwa,ucbprod-studentgroups-amwa,ucbtraining-studentgroups-amwa,https://live-ucbprod-studentgroups-amwa.pantheonsite.io,https://live-ucbtraining-studentgroups-amwa.pantheonsite.io
ucb-studentgroups-armor,colorado.edu/studentgroups/armor,ucbprod-studentgroups-armor,ucbtraining-studentgroups-armor,https://live-ucbprod-studentgroups-armor.pantheonsite.io,https://live-ucbtraining-studentgroups-armor.pantheonsite.io
ucb-studentgroups-ashrae,colorado.edu/studentgroups/ashrae,ucbprod-studentgroups-ashrae,ucbtraining-studentgroups-ashrae,https://live-ucbprod-studentgroups-ashrae.pantheonsite.io,https://live-ucbtraining-studentgroups-ashrae.pantheonsite.io
ucb-studentgroups-asme,colorado.edu/studentgroups/asme,ucbprod-studentgroups-asme,ucbtraining-studentgroups-asme,https://live-ucbprod-studentgroups-asme.pantheonsite.io,https://live-ucbtraining-studentgroups-asme.pantheonsite.io
ucb-studentgroups-biologyclub,colorado.edu/studentgroups/biologyclub,ucbprod-studentgroups-biologyclub,ucbtraining-studentgroups-biologyclub,https://live-ucbprod-studentgroups-biologyclub.pantheonsite.io,https://live-ucbtraining-studentgroups-biologyclub.pantheonsite.io
ucb-studentgroups-boardgameunderground,colorado.edu/studentgroups/boardgameunderground,ucbprod-studentgroups-boardgameunderground,ucbtraining-studentgroups-boardgameunderground,https://live-ucbprod-studentgroups-boardgameunderground.pantheonsite.io,https://live-ucbtraining-studentgroups-boardgameunderground.pantheonsite.io
ucb-studentgroups-colorado-engineer,colorado.edu/studentgroups/colorado-engineer,ucbprod-studentgroups-colorado-engineer,ucbtraining-studentgroups-colorado-engineer,https://live-ucbprod-studentgroups-colorado-engineer.pantheonsite.io,https://live-ucbtraining-studentgroups-colorado-engineer.pantheonsite.io
ucb-studentgroups-hyperloop,colorado.edu/studentgroups/hyperloop,ucbprod-studentgroups-hyperloop,ucbtraining-studentgroups-hyperloop,https://live-ucbprod-studentgroups-hyperloop.pantheonsite.io,https://live-ucbtraining-studentgroups-hyperloop.pantheonsite.io
ucb-studentgroups-msa,colorado.edu/studentgroups/msa,ucbprod-studentgroups-msa,ucbtraining-studentgroups-msa,https://live-ucbprod-studentgroups-msa.pantheonsite.io,https://live-ucbtraining-studentgroups-msa.pantheonsite.io
ucb-studentgroups-racing-team,colorado.edu/studentgroups/racing-team,ucbprod-studentgroups-racing-team,ucbtraining-studentgroups-racing-team,https://live-ucbprod-studentgroups-racing-team.pantheonsite.io,https://live-ucbtraining-studentgroups-racing-team.pantheonsite.io
ucb-studentgroups-woaa,colorado.edu/studentgroups/woaa,ucbprod-studentgroups-woaa,ucbtraining-studentgroups-woaa,https://live-ucbprod-studentgroups-woaa.pantheonsite.io,https://live-ucbtraining-studentgroups-woaa.pantheonsite.io
ucb-studentlegal,colorado.edu/studentlegal,ucbprod-studentlegal,ucbtraining-studentlegal,https://live-ucbprod-studentlegal.pantheonsite.io,https://live-ucbtraining-studentlegal.pantheonsite.io
ucb-summer,colorado.edu/summer,ucbprod-summer,ucbtraining-summer,https://live-ucbprod-summer.pantheonsite.io,https://live-ucbtraining-summer.pantheonsite.io
ucb-umc,colorado.edu/umc,ucbprod-umc,ucbtraining-umc,https://live-ucbprod-umc.pantheonsite.io,https://live-ucbtraining-umc.pantheonsite.io
ucb-faculty-borden,colorado.edu/faculty/borden,ucbprod-faculty-borden,ucbtraining-faculty-borden,https://live-ucbprod-faculty-borden.pantheonsite.io,https://live-ucbtraining-faculty-borden.pantheonsite.io
